driver,finish_pos,quali_pos,gap_to_pole,constructor,grid_penalty,air_temp,rain,circuit_type_encoded,year,round_number,fp3_long_run_pace,constructor_avg_finish,driver_rolling_avg_finish,constructor_rolling_avg_finish
VET,1,3,0.6739999999999924,Ferrari,0.0,24.11,0,1,2018,1,,,,
HAM,2,1,0.0,Mercedes,0.0,24.11,0,1,2018,1,,,,
RAI,3,2,0.6640000000000015,Ferrari,0.0,24.11,0,1,2018,1,,,,
RIC,4,5,0.9879999999999995,Red Bull Racing,3.0,24.11,0,1,2018,1,,,,
ALO,5,11,2.5279999999999916,McLaren,-1.0,24.11,0,1,2018,1,,,,
VER,6,4,0.7150000000000034,Red Bull Racing,0.0,24.11,0,1,2018,1,,,,
HUL,7,8,2.367999999999995,Renault,-1.0,24.11,0,1,2018,1,,,,
BOT,8,10,0.9249999999999972,Mercedes,5.0,24.11,0,1,2018,1,,,,
VAN,9,12,2.688999999999993,McLaren,-1.0,24.11,0,1,2018,1,,,,
SAI,10,9,2.4129999999999967,Renault,0.0,24.11,0,1,2018,1,3.2039999999999935,,,
PER,11,13,2.840999999999994,Force India,-1.0,24.11,0,1,2018,1,,,,
OCO,12,15,3.622,Force India,-1.0,24.11,0,1,2018,1,,,,
LEC,13,18,3.471999999999994,Sauber,0.0,24.11,0,1,2018,1,,,,
STR,14,14,3.0660000000000025,Williams,-1.0,24.11,0,1,2018,1,4.978499999999997,,,
HAR,15,16,3.367999999999995,Toro Rosso,0.0,24.11,0,1,2018,1,,,,
GRO,16,7,2.174999999999997,Haas F1 Team,-1.0,24.11,0,1,2018,1,3.256999999999991,,,
MAG,17,6,2.022999999999996,Haas F1 Team,-1.0,24.11,0,1,2018,1,1.8784999999999883,,,
GAS,18,20,4.131,Toro Rosso,0.0,24.11,0,1,2018,1,,,,
ERI,19,17,3.391999999999996,Sauber,0.0,24.11,0,1,2018,1,,,,
SIR,20,19,3.7579999999999956,Williams,0.0,24.11,0,1,2018,1,0.0,,,
VET,1,1,0.0,Ferrari,0.0,28.04,0,2,2018,2,0.22100000000000364,2.0,1.0,2.0
BOT,2,3,0.16599999999999682,Mercedes,0.0,28.04,0,2,2018,2,30.0,5.0,8.0,5.0
HAM,3,4,0.26200000000000045,Mercedes,5.0,28.04,0,2,2018,2,2.8840000000000003,5.0,2.0,5.0
GAS,4,6,1.3709999999999951,Toro Rosso,-1.0,28.04,0,2,2018,2,3.3190000000000026,16.5,18.0,16.5
MAG,5,7,1.4000000000000057,Haas F1 Team,-1.0,28.04,0,2,2018,2,15.158999999999992,16.5,17.0,16.5
HUL,6,8,1.6119999999999948,Renault,-1.0,28.04,0,2,2018,2,15.078999999999994,8.5,7.0,8.5
ALO,7,13,2.254000000000005,McLaren,0.0,28.04,0,2,2018,2,1.8245000000000005,7.0,5.0,7.0
VAN,8,14,2.5670000000000073,McLaren,0.0,28.04,0,2,2018,2,2.8619999999999948,7.0,9.0,7.0
ERI,9,17,3.105000000000004,Sauber,0.0,28.04,0,2,2018,2,7.910499999999999,16.0,19.0,16.0
OCO,10,9,1.9159999999999968,Force India,-1.0,28.04,0,2,2018,2,25.608999999999995,11.5,12.0,11.5
SAI,11,10,2.028000000000006,Renault,0.0,28.04,0,2,2018,2,,8.5,10.0,8.5
LEC,12,19,3.4620000000000033,Sauber,0.0,28.04,0,2,2018,2,12.119,16.0,13.0,16.0
GRO,13,16,2.5720000000000027,Haas F1 Team,0.0,28.04,0,2,2018,2,3.304000000000002,16.5,16.0,16.5
STR,14,20,3.5450000000000017,Williams,0.0,28.04,0,2,2018,2,2.435999999999993,17.0,14.0,17.0
SIR,15,18,3.456000000000003,Williams,0.0,28.04,0,2,2018,2,2.581000000000003,17.0,20.0,17.0
PER,16,12,2.1980000000000075,Force India,0.0,28.04,0,2,2018,2,13.438000000000002,11.5,11.0,11.5
HAR,17,11,2.1470000000000056,Toro Rosso,0.0,28.04,0,2,2018,2,3.593999999999994,16.5,15.0,16.5
RAI,18,2,0.14300000000000068,Ferrari,0.0,28.04,0,2,2018,2,0.0,2.0,3.0,2.0
VER,19,15,1.4159999999999968,Red Bull Racing,0.0,28.04,0,2,2018,2,,5.0,6.0,5.0
RIC,20,5,0.4399999999999977,Red Bull Racing,-1.0,28.04,0,2,2018,2,,5.0,4.0,5.0
RIC,1,6,0.8529999999999944,Red Bull Racing,0.0,19.2,0,2,2018,3,,12.25,12.0,12.25
BOT,2,3,0.5300000000000011,Mercedes,0.0,19.2,0,2,2018,3,6.199500000000015,3.75,5.0,3.75
RAI,3,2,0.0870000000000033,Ferrari,0.0,19.2,0,2,2018,3,4.611000000000018,5.75,10.5,5.75
HAM,4,4,0.5799999999999983,Mercedes,0.0,19.2,0,2,2018,3,11.65900000000002,3.75,2.5,3.75
VER,5,5,0.7010000000000076,Red Bull Racing,0.0,19.2,0,2,2018,3,1.240000000000009,12.25,12.5,12.25
HUL,6,7,1.4369999999999976,Renault,0.0,19.2,0,2,2018,3,5.795000000000016,8.5,6.5,8.5
ALO,7,13,2.1370000000000005,McLaren,0.0,19.2,0,2,2018,3,1.362000000000009,7.25,6.0,7.25
VET,8,1,0.0,Ferrari,0.0,19.2,0,2,2018,3,0.0,5.75,1.0,5.75
SAI,9,9,1.7240000000000038,Renault,0.0,19.2,0,2,2018,3,6.14500000000001,8.5,10.5,8.5
MAG,10,11,1.8910000000000053,Haas F1 Team,0.0,19.2,0,2,2018,3,5.943000000000012,12.75,11.0,12.75
OCO,11,12,1.9620000000000033,Force India,0.0,19.2,0,2,2018,3,6.431000000000012,12.25,11.0,12.25
PER,12,8,1.6629999999999967,Force India,0.0,19.2,0,2,2018,3,13.861000000000018,12.25,13.5,12.25
VAN,13,14,2.4099999999999966,McLaren,0.0,19.2,0,2,2018,3,1.708500000000015,7.25,8.5,7.25
STR,14,18,3.1899999999999977,Williams,0.0,19.2,0,2,2018,3,4.090000000000018,15.75,14.0,15.75
SIR,15,16,2.9669999999999987,Williams,0.0,19.2,0,2,2018,3,1.845000000000013,15.75,17.5,15.75
ERI,16,20,3.8190000000000026,Sauber,0.0,19.2,0,2,2018,3,1.548000000000016,13.25,14.0,13.25
GRO,17,10,1.7600000000000051,Haas F1 Team,0.0,19.2,0,2,2018,3,,12.75,14.5,12.75
GAS,18,17,3.0060000000000002,Toro Rosso,0.0,19.2,0,2,2018,3,3.346000000000018,13.5,11.0,13.5
LEC,19,19,3.3589999999999947,Sauber,0.0,19.2,0,2,2018,3,4.814000000000021,13.25,12.5,13.25
HAR,20,15,2.700000000000003,Toro Rosso,0.0,19.2,0,2,2018,3,3.70150000000001,13.5,16.0,13.5
HAM,1,2,0.17900000000000205,Mercedes,0.0,17.1,0,1,2018,4,0.0,3.5,3.0,3.5
RAI,2,6,0.9919999999999902,Ferrari,0.0,17.1,0,1,2018,4,3.5889999999999986,5.666666666666667,8.0,5.666666666666667
PER,3,8,1.0489999999999924,Force India,0.0,17.1,0,1,2018,4,1.0949999999999989,12.0,13.0,12.0
VET,4,1,0.0,Ferrari,0.0,17.1,0,1,2018,4,0.8840000000000003,5.666666666666667,3.3333333333333335,5.666666666666667
SAI,5,10,1.8529999999999944,Renault,-1.0,17.1,0,1,2018,4,2.8440000000000083,8.166666666666666,10.0,8.166666666666666
LEC,6,14,2.5759999999999934,Sauber,-1.0,17.1,0,1,2018,4,21.259,14.666666666666666,14.666666666666666,14.666666666666666
ALO,7,13,2.521000000000001,McLaren,-1.0,17.1,0,1,2018,4,,8.166666666666666,6.333333333333333,8.166666666666666
STR,8,11,2.086999999999989,Williams,-1.0,17.1,0,1,2018,4,,15.333333333333334,14.0,15.333333333333334
VAN,9,16,2.9909999999999997,McLaren,0.0,17.1,0,1,2018,4,26.372000000000014,8.166666666666666,10.0,8.166666666666666
HAR,10,19,10.0,Toro Rosso,0.0,17.1,0,1,2018,4,,15.333333333333334,17.333333333333332,15.333333333333334
ERI,11,18,4.042999999999992,Sauber,0.0,17.1,0,1,2018,4,,14.666666666666666,14.666666666666666,14.666666666666666
GAS,12,17,2.9979999999999905,Toro Rosso,0.0,17.1,0,1,2018,4,2.2510000000000048,15.333333333333334,13.333333333333334,15.333333333333334
MAG,13,15,3.2609999999999957,Haas F1 Team,0.0,17.1,0,1,2018,4,,13.0,10.666666666666666,13.0
BOT,14,3,0.33899999999999864,Mercedes,0.0,17.1,0,1,2018,4,3.653000000000006,3.5,4.0,3.5
GRO,15,20,10.0,Haas F1 Team,0.0,17.1,0,1,2018,4,14.046000000000006,13.0,15.333333333333334,13.0
VER,16,5,0.4959999999999951,Red Bull Racing,0.0,17.1,0,1,2018,4,3.957000000000008,9.166666666666666,10.0,9.166666666666666
RIC,17,4,0.4129999999999967,Red Bull Racing,0.0,17.1,0,1,2018,4,4.536000000000001,9.166666666666666,8.333333333333334,9.166666666666666
HUL,18,9,1.5679999999999978,Renault,5.0,17.1,0,1,2018,4,2.5180000000000007,8.166666666666666,6.333333333333333,8.166666666666666
OCO,19,7,1.0249999999999915,Force India,0.0,17.1,0,1,2018,4,1.3760000000000048,12.0,11.0,12.0
SIR,20,12,2.387999999999991,Williams,-1.0,17.1,0,1,2018,4,19.647000000000006,15.333333333333334,16.666666666666668,15.333333333333334
HAM,1,1,0.0,Mercedes,0.0,15.2,1,2,2018,5,,4.5,2.5,4.5
BOT,2,2,0.03999999999999204,Mercedes,0.0,15.2,1,2,2018,5,0.0,4.5,6.5,4.5
VER,3,5,0.6430000000000007,Red Bull Racing,0.0,15.2,1,2,2018,5,,11.0,11.5,11.0
VET,4,3,0.132000000000005,Ferrari,0.0,15.2,1,2,2018,5,,5.0,3.5,5.0
RIC,5,6,0.644999999999996,Red Bull Racing,0.0,15.2,1,2,2018,5,11.468000000000004,11.0,10.5,11.0
MAG,6,7,1.5030000000000001,Haas F1 Team,0.0,15.2,1,2,2018,5,8.251500000000007,13.25,11.25,13.25
SAI,7,9,1.6170000000000044,Renault,0.0,15.2,1,2,2018,5,19.334000000000003,9.0,8.75,9.0
ALO,8,8,1.5480000000000018,McLaren,0.0,15.2,1,2,2018,5,1.3740000000000094,8.125,6.5,8.125
PER,9,15,2.924999999999997,Force India,0.0,15.2,1,2,2018,5,14.273499999999999,11.75,10.5,11.75
LEC,10,14,2.7369999999999948,Sauber,0.0,15.2,1,2,2018,5,17.171000000000006,13.125,12.5,13.125
STR,11,19,4.0519999999999925,Williams,-1.0,15.2,1,2,2018,5,2.798000000000002,15.0,12.5,15.0
HAR,12,20,10.0,Toro Rosso,0.0,15.2,1,2,2018,5,15.464000000000013,14.25,15.5,14.25
ERI,13,17,3.319999999999993,Sauber,0.0,15.2,1,2,2018,5,,13.125,13.75,13.125
SIR,14,18,3.5219999999999914,Williams,1.0,15.2,1,2,2018,5,2.847999999999999,15.0,17.5,15.0
VAN,15,11,2.1499999999999915,McLaren,0.0,15.2,1,2,2018,5,2.064000000000007,8.125,9.75,8.125
OCO,16,13,2.522999999999996,Force India,0.0,15.2,1,2,2018,5,11.651500000000013,11.75,13.0,11.75
RAI,17,4,0.43899999999999295,Ferrari,0.0,15.2,1,2,2018,5,0.13900000000001,5.0,6.5,5.0
GRO,18,10,1.661999999999992,Haas F1 Team,0.0,15.2,1,2,2018,5,13.033000000000001,13.25,15.25,13.25
GAS,19,12,2.289999999999992,Toro Rosso,0.0,15.2,1,2,2018,5,3.328000000000003,14.25,13.0,14.25
HUL,20,16,2.75,Renault,0.0,15.2,1,2,2018,5,10.084000000000003,9.0,9.25,9.0
RIC,1,1,0.0,Red Bull Racing,0.0,25.59,1,1,2018,6,3.2379999999999995,9.6,9.4,9.6
VET,2,2,0.2289999999999992,Ferrari,0.0,25.59,1,1,2018,6,0.0,6.1,3.6,6.1
HAM,3,3,0.42199999999999704,Mercedes,0.0,25.59,1,1,2018,6,13.009999999999991,3.9,2.2,3.9
RAI,4,4,0.45600000000000307,Ferrari,0.0,25.59,1,1,2018,6,2.090999999999994,6.1,8.6,6.1
BOT,5,5,0.6310000000000002,Mercedes,0.0,25.59,1,1,2018,6,12.456999999999994,3.9,5.6,3.9
OCO,6,6,1.2510000000000048,Force India,0.0,25.59,1,1,2018,6,1.0309999999999917,11.9,13.6,11.9
GAS,7,10,1.4110000000000014,Toro Rosso,0.0,25.59,1,1,2018,6,9.788999999999987,14.5,14.2,14.5
HUL,8,11,1.600999999999999,Renault,0.0,25.59,1,1,2018,6,1.9449999999999932,9.9,11.4,9.9
VER,9,20,10.0,Red Bull Racing,0.0,25.59,1,1,2018,6,6.278999999999996,9.6,9.8,9.6
SAI,10,8,1.3199999999999932,Renault,0.0,25.59,1,1,2018,6,10.261499999999998,9.9,8.4,9.9
ERI,11,17,2.4549999999999983,Sauber,-1.0,25.59,1,1,2018,6,2.7349999999999994,12.8,13.6,12.8
PER,12,9,1.343999999999994,Force India,0.0,25.59,1,1,2018,6,16.1015,11.9,10.2,11.9
MAG,13,19,2.5829999999999984,Haas F1 Team,0.0,25.59,1,1,2018,6,1.8539999999999992,13.0,10.2,13.0
VAN,14,12,1.6299999999999955,McLaren,0.0,25.59,1,1,2018,6,14.282999999999987,8.8,10.8,8.8
GRO,15,15,1.9179999999999922,Haas F1 Team,3.0,25.59,1,1,2018,6,7.790999999999997,13.0,15.8,13.0
SIR,16,13,1.7109999999999985,Williams,0.0,25.59,1,1,2018,6,4.283000000000001,14.5,16.8,14.5
STR,17,18,2.512999999999991,Williams,-1.0,25.59,1,1,2018,6,8.914000000000001,14.5,12.2,14.5
LEC,18,14,1.9039999999999964,Sauber,0.0,25.59,1,1,2018,6,3.4819999999999993,12.8,12.0,12.8
HAR,19,16,2.3689999999999998,Toro Rosso,-1.0,25.59,1,1,2018,6,3.911999999999992,14.5,14.8,14.5
ALO,20,7,1.2999999999999972,McLaren,0.0,25.59,1,1,2018,6,3.3419999999999987,8.8,6.8,8.8
VET,1,1,0.0,Ferrari,0.0,20.07,0,1,2018,7,3.9209999999999923,5.583333333333333,3.8,6.3
BOT,2,2,0.09300000000000352,Mercedes,0.0,20.07,0,1,2018,7,1.244499999999988,3.9166666666666665,5.0,3.7
VER,3,3,0.17300000000000182,Red Bull Racing,0.0,20.07,0,1,2018,7,0.0,8.833333333333334,10.4,9.6
RIC,4,6,0.35200000000000387,Red Bull Racing,0.0,20.07,0,1,2018,7,4.8644999999999925,8.833333333333334,8.8,9.6
HAM,5,4,0.23199999999999932,Mercedes,0.0,20.07,0,1,2018,7,3.268499999999989,3.9166666666666665,2.4,3.7
RAI,6,5,0.33100000000000307,Ferrari,0.0,20.07,0,1,2018,7,3.183499999999981,5.583333333333333,8.8,6.3
HUL,7,7,1.2090000000000032,Renault,0.0,20.07,0,1,2018,7,1.8549999999999898,9.75,11.6,10.0
SAI,8,9,1.4040000000000106,Renault,0.0,20.07,0,1,2018,7,3.142499999999984,9.75,8.4,10.0
OCO,9,8,1.3200000000000074,Force India,0.0,20.07,0,1,2018,7,8.870499999999993,11.416666666666666,12.4,11.4
LEC,10,13,1.8970000000000056,Sauber,0.0,20.07,0,1,2018,7,4.858499999999992,13.083333333333334,13.0,12.5
GAS,11,16,2.2830000000000013,Toro Rosso,0.0,20.07,0,1,2018,7,8.102499999999992,14.25,12.0,13.8
GRO,12,20,10.0,Haas F1 Team,0.0,20.07,0,1,2018,7,6.593999999999994,13.166666666666666,15.6,12.5
MAG,13,11,1.8419999999999987,Haas F1 Team,0.0,20.07,0,1,2018,7,8.04849999999999,13.166666666666666,9.4,12.5
PER,14,10,1.9070000000000107,Force India,0.0,20.07,0,1,2018,7,1.0454999999999899,11.416666666666666,10.4,11.4
ERI,15,19,3.8290000000000077,Sauber,0.0,20.07,0,1,2018,7,2.0389999999999873,13.083333333333334,12.0,12.5
VAN,16,15,2.100999999999999,McLaren,0.0,20.07,0,1,2018,7,4.774499999999989,10.166666666666666,11.8,10.8
SIR,17,18,2.879000000000005,Williams,0.0,20.07,0,1,2018,7,3.794499999999985,14.833333333333334,16.0,14.4
ALO,18,14,2.0919999999999987,McLaren,0.0,20.07,0,1,2018,7,5.714499999999987,10.166666666666666,9.8,10.8
HAR,19,12,1.8710000000000093,Toro Rosso,0.0,20.07,0,1,2018,7,13.020999999999987,14.25,15.6,13.8
STR,20,17,2.8260000000000076,Williams,0.0,20.07,0,1,2018,7,1.9654999999999916,14.833333333333334,12.8,14.4
HAM,1,1,0.0,Mercedes,0.0,24.459999999999997,1,2,2018,8,,3.857142857142857,2.8,3.9
VER,2,4,0.6760000000000019,Red Bull Racing,0.0,24.459999999999997,1,2,2018,8,,8.071428571428571,7.2,6.4
RAI,3,6,1.0280000000000058,Ferrari,0.0,24.459999999999997,1,2,2018,8,,5.285714285714286,6.4,5.1
RIC,4,5,0.8659999999999997,Red Bull Racing,0.0,24.459999999999997,1,2,2018,8,,8.071428571428571,5.6,6.4
VET,5,3,0.3710000000000093,Ferrari,0.0,24.459999999999997,1,2,2018,8,0.0,5.285714285714286,3.8,5.1
MAG,6,9,2.9010000000000105,Haas F1 Team,0.0,24.459999999999997,1,2,2018,8,,13.071428571428571,11.0,13.2
BOT,7,2,0.11800000000000921,Mercedes,0.0,24.459999999999997,1,2,2018,8,,3.857142857142857,5.0,3.9
SAI,8,7,2.0970000000000084,Renault,0.0,24.459999999999997,1,2,2018,8,,9.428571428571429,7.8,9.8
HUL,9,12,2.0859999999999985,Renault,0.0,24.459999999999997,1,2,2018,8,,9.428571428571429,11.8,9.8
LEC,10,8,2.6060000000000088,Sauber,0.0,24.459999999999997,1,2,2018,8,,13.0,12.6,12.9
GRO,11,10,1.4429999999999978,Haas F1 Team,0.0,24.459999999999997,1,2,2018,8,,13.071428571428571,15.4,13.2
VAN,12,18,3.1330000000000098,McLaren,-1.0,24.459999999999997,1,2,2018,8,,11.142857142857142,13.4,12.7
ERI,13,15,2.790999999999997,Sauber,0.0,24.459999999999997,1,2,2018,8,,13.0,13.2,12.9
HAR,14,17,2.9960000000000093,Toro Rosso,3.0,24.459999999999997,1,2,2018,8,,14.357142857142858,16.0,14.7
SIR,15,19,3.6069999999999993,Williams,-1.0,24.459999999999997,1,2,2018,8,,15.357142857142858,16.4,15.2
ALO,16,16,2.9470000000000027,McLaren,0.0,24.459999999999997,1,2,2018,8,,11.142857142857142,12.0,12.7
STR,17,20,3.700000000000003,Williams,-1.0,24.459999999999997,1,2,2018,8,,15.357142857142858,14.0,15.2
PER,18,13,2.424999999999997,Force India,0.0,24.459999999999997,1,2,2018,8,,11.428571428571429,10.0,11.1
OCO,19,11,2.0460000000000065,Force India,0.0,24.459999999999997,1,2,2018,8,,11.428571428571429,12.2,11.1
GAS,20,14,2.4309999999999974,Toro Rosso,0.0,24.459999999999997,1,2,2018,8,,14.357142857142858,13.4,14.7
VER,1,5,0.7100000000000009,Red Bull Racing,-1.0,22.74,0,0,2018,9,11.081000000000003,7.4375,6.6,6.4
RAI,2,4,0.529999999999994,Ferrari,-1.0,22.74,0,0,2018,9,8.134500000000003,5.125,6.4,4.8
VET,3,3,0.3339999999999961,Ferrari,3.0,22.74,0,0,2018,9,3.0109999999999957,5.125,3.2,4.8
GRO,4,6,0.7620000000000005,Haas F1 Team,-1.0,22.74,0,0,2018,9,,12.5,14.2,12.2
MAG,5,8,0.9209999999999994,Haas F1 Team,0.0,22.74,0,0,2018,9,0.0,12.5,10.2,12.2
OCO,6,11,1.7149999999999963,Force India,0.0,22.74,0,0,2018,9,8.09450000000001,12.3125,13.8,12.5
PER,7,17,2.148999999999994,Force India,-1.0,22.74,0,0,2018,9,13.597999999999999,12.3125,11.2,12.5
ALO,8,14,1.9280000000000044,McLaren,-1.0,22.74,0,0,2018,9,8.024000000000001,11.5,13.8,13.5
LEC,9,13,1.8489999999999966,Sauber,5.0,22.74,0,0,2018,9,1.2900000000000063,12.8125,10.8,11.7
ERI,10,20,2.3489999999999966,Sauber,0.0,22.74,0,0,2018,9,1.293999999999997,12.8125,12.6,11.7
GAS,11,12,1.7439999999999927,Toro Rosso,0.0,22.74,0,0,2018,9,9.071499999999986,14.6875,13.8,14.3
SAI,12,9,1.5949999999999918,Renault,0.0,22.74,0,0,2018,9,2.3430000000000035,9.3125,7.6,10.0
SIR,13,18,2.192,Williams,-1.0,22.74,0,0,2018,9,2.3659999999999997,15.4375,16.4,15.5
STR,14,15,2.155999999999999,Williams,-1.0,22.74,0,0,2018,9,3.0829999999999984,15.4375,14.6,15.5
VAN,15,16,2.1409999999999982,McLaren,-1.0,22.74,0,0,2018,9,,11.5,13.2,13.5
HAM,16,2,0.01899999999999835,Mercedes,0.0,22.74,0,0,2018,9,12.5835,3.875,2.2,4.1
HAR,17,19,2.235999999999997,Toro Rosso,0.0,22.74,0,0,2018,9,16.900000000000006,14.6875,14.8,14.3
RIC,18,7,0.8659999999999997,Red Bull Racing,0.0,22.74,0,0,2018,9,0.18500000000000227,7.4375,6.2,6.4
BOT,19,1,0.0,Mercedes,0.0,22.74,0,0,2018,9,6.134500000000003,3.875,6.0,4.1
HUL,20,10,1.889000000000003,Renault,0.0,22.74,0,0,2018,9,0.5450000000000017,9.3125,12.4,10.0
VET,1,2,0.04400000000001114,Ferrari,0.0,26.7,0,0,2018,10,,4.833333333333333,3.0,4.7
HAM,2,1,0.0,Mercedes,0.0,26.7,0,0,2018,10,0.5019999999999953,5.388888888888889,5.2,6.1
RAI,3,3,0.09799999999999898,Ferrari,0.0,26.7,0,0,2018,10,0.0,4.833333333333333,6.4,4.7
BOT,4,4,0.32500000000000284,Mercedes,0.0,26.7,0,0,2018,10,13.415000000000006,5.388888888888889,7.0,6.1
RIC,5,6,1.2070000000000078,Red Bull Racing,0.0,26.7,0,0,2018,10,2.668999999999997,7.666666666666667,6.4,5.0
HUL,6,11,2.0090000000000003,Renault,0.0,26.7,0,0,2018,10,3.174999999999997,10.055555555555555,12.8,10.9
OCO,7,10,2.3020000000000067,Force India,0.0,26.7,0,0,2018,10,14.576499999999996,11.666666666666666,11.2,11.6
ALO,8,13,2.247,McLaren,0.0,26.7,0,0,2018,10,14.950000000000003,11.5,14.0,14.2
MAG,9,7,1.3520000000000039,Haas F1 Team,0.0,26.7,0,0,2018,10,2.3970000000000056,11.61111111111111,8.6,10.3
PER,10,12,2.0360000000000014,Force India,0.0,26.7,0,0,2018,10,3.396500000000003,11.666666666666666,12.0,11.6
VAN,11,17,3.2040000000000077,McLaren,0.0,26.7,0,0,2018,10,3.9609999999999985,11.5,14.4,14.2
STR,12,19,10.0,Williams,0.0,26.7,0,0,2018,10,3.6099999999999994,15.222222222222221,15.8,15.4
GAS,13,14,2.4510000000000076,Toro Rosso,0.0,26.7,0,0,2018,10,,14.61111111111111,13.6,14.9
SIR,14,18,3.3599999999999994,Williams,0.0,26.7,0,0,2018,10,3.804000000000002,15.222222222222221,15.0,15.4
VER,15,5,0.710000000000008,Red Bull Racing,0.0,26.7,0,0,2018,10,6.415499999999994,7.666666666666667,3.6,5.0
GRO,16,8,1.5630000000000024,Haas F1 Team,0.0,26.7,0,0,2018,10,6.813000000000002,11.61111111111111,12.0,10.3
SAI,17,16,2.564000000000007,Renault,0.0,26.7,0,0,2018,10,15.840000000000003,10.055555555555555,9.0,10.9
ERI,18,15,2.4990000000000094,Sauber,0.0,26.7,0,0,2018,10,2.505499999999998,12.444444444444445,12.4,11.9
LEC,19,9,1.987000000000009,Sauber,0.0,26.7,0,0,2018,10,13.469000000000008,12.444444444444445,11.4,11.9
HAR,20,20,10.0,Toro Rosso,-20.0,26.7,0,0,2018,10,,14.61111111111111,16.2,14.9
HAM,1,14,1.7999999999999972,Mercedes,0.0,26.669999999999998,0,2,2018,11,,5.15,5.4,6.4
BOT,2,2,0.20399999999999352,Mercedes,0.0,26.669999999999998,0,2,2018,11,,5.15,7.4,6.4
RAI,3,3,0.33499999999999375,Ferrari,0.0,26.669999999999998,0,2,2018,11,,4.55,3.6,3.0
VER,4,4,0.6099999999999994,Red Bull Racing,0.0,26.669999999999998,0,2,2018,11,,7.9,6.0,6.2
HUL,5,7,1.347999999999999,Renault,0.0,26.669999999999998,0,2,2018,11,,10.2,10.0,10.5
GRO,6,6,1.3319999999999936,Haas F1 Team,0.0,26.669999999999998,0,2,2018,11,,11.7,11.6,10.4
PER,7,10,1.5619999999999976,Force India,0.0,26.669999999999998,0,2,2018,11,,11.35,12.2,10.8
OCO,8,16,2.5079999999999956,Force India,-1.0,26.669999999999998,0,2,2018,11,,11.35,9.4,10.8
ERI,9,13,2.524000000000001,Sauber,0.0,26.669999999999998,0,2,2018,11,0.8285000000000053,13.05,13.4,13.3
HAR,10,18,2.8329999999999984,Toro Rosso,-1.0,26.669999999999998,0,2,2018,11,,14.8,17.8,15.1
MAG,11,5,0.9879999999999995,Haas F1 Team,0.0,26.669999999999998,0,2,2018,11,,11.7,9.2,10.4
SAI,12,8,1.4799999999999898,Renault,0.0,26.669999999999998,0,2,2018,11,,10.2,11.0,10.5
VAN,13,20,3.188999999999993,McLaren,-1.0,26.669999999999998,0,2,2018,11,,11.3,13.6,13.8
GAS,14,17,2.536999999999992,Toro Rosso,-1.0,26.669999999999998,0,2,2018,11,,14.8,12.4,15.1
LEC,15,9,1.5049999999999955,Sauber,0.0,26.669999999999998,0,2,2018,11,0.0,13.05,13.2,13.3
ALO,16,11,2.444999999999993,McLaren,0.0,26.669999999999998,0,2,2018,11,,11.3,14.0,13.8
STR,17,19,2.9939999999999998,Williams,-1.0,26.669999999999998,0,2,2018,11,4.200999999999993,15.0,16.0,15.5
VET,18,1,0.0,Ferrari,0.0,26.669999999999998,0,2,2018,11,,4.55,2.4,3.0
SIR,19,12,2.489999999999995,Williams,0.0,26.669999999999998,0,2,2018,11,5.561500000000009,15.0,15.0,15.5
RIC,20,15,2.1059999999999945,Red Bull Racing,5.0,26.669999999999998,0,2,2018,11,,7.9,6.4,6.2
HAM,1,1,0.0,Mercedes,0.0,33.38000000000001,0,2,2018,12,,4.818181818181818,5.0,5.9
VET,2,4,0.5519999999999925,Ferrari,0.0,33.38000000000001,0,2,2018,12,0.0,5.090909090909091,5.6,4.5
RAI,3,3,0.5280000000000058,Ferrari,0.0,33.38000000000001,0,2,2018,12,,5.090909090909091,3.4,4.5
RIC,4,12,0.7839999999999918,Red Bull Racing,0.0,33.38000000000001,0,2,2018,12,,8.272727272727273,10.2,7.6
BOT,5,2,0.2600000000000051,Mercedes,0.0,33.38000000000001,0,2,2018,12,,4.818181818181818,6.8,5.9
GAS,6,6,1.9329999999999927,Toro Rosso,0.0,33.38000000000001,0,2,2018,12,3.6809999999999974,14.545454545454545,13.8,14.9
MAG,7,9,4.200000000000003,Haas F1 Team,0.0,33.38000000000001,0,2,2018,12,5.662000000000006,11.409090909090908,8.8,9.3
ALO,8,11,-0.4440000000000026,McLaren,0.0,33.38000000000001,0,2,2018,12,,11.590909090909092,13.2,13.3
SAI,9,5,1.0849999999999937,Renault,0.0,33.38000000000001,0,2,2018,12,,10.045454545454545,11.4,10.4
GRO,10,10,4.935000000000002,Haas F1 Team,0.0,33.38000000000001,0,2,2018,12,14.31649999999999,11.409090909090908,9.8,9.3
HAR,11,8,2.469999999999999,Toro Rosso,0.0,33.38000000000001,0,2,2018,12,32.884,14.545454545454545,16.0,14.9
HUL,12,13,0.847999999999999,Renault,0.0,33.38000000000001,0,2,2018,12,16.592,10.045454545454545,9.4,10.4
OCO,13,18,-16.516000000000005,Force India,0.0,33.38000000000001,0,2,2018,12,24.986000000000004,11.0,9.8,10.5
PER,14,19,-16.458,Force India,0.0,33.38000000000001,0,2,2018,12,19.251999999999995,11.0,11.2,10.5
ERI,15,14,1.4170000000000016,Sauber,0.0,33.38000000000001,0,2,2018,12,22.370000000000005,12.954545454545455,13.0,12.8
SIR,16,20,-16.357,Williams,0.0,33.38000000000001,0,2,2018,12,24.953999999999994,15.272727272727273,15.6,15.8
STR,17,15,-17.098,Williams,0.0,33.38000000000001,0,2,2018,12,24.983999999999995,15.272727272727273,16.0,15.8
VAN,18,16,-16.876000000000005,McLaren,0.0,33.38000000000001,0,2,2018,12,22.85900000000001,11.590909090909092,13.4,13.3
VER,19,7,2.3739999999999952,Red Bull Racing,0.0,33.38000000000001,0,2,2018,12,15.588999999999999,8.272727272727273,5.0,7.6
LEC,20,17,-16.841000000000008,Sauber,0.0,33.38000000000001,0,2,2018,12,37.30500000000001,12.954545454545455,12.6,12.8
VET,1,2,0.7259999999999991,Ferrari,0.0,17.39,0,0,2018,13,0.8404999999999916,4.875,5.8,4.3
HAM,2,1,0.0,Mercedes,0.0,17.39,0,0,2018,13,0.0,4.666666666666667,4.2,5.8
VER,3,7,4.590000000000003,Red Bull Racing,0.0,17.39,0,0,2018,13,,8.541666666666666,8.2,9.2
BOT,4,10,-15.988,Mercedes,9.0,17.39,0,0,2018,13,0.24899999999998101,4.666666666666667,7.4,5.8
PER,5,4,3.7150000000000034,Racing Point,0.0,17.39,0,0,2018,13,12.523999999999987,,11.2,
OCO,6,3,3.671999999999997,Racing Point,0.0,17.39,0,0,2018,13,2.2404999999999973,,10.6,
GRO,7,5,3.942999999999998,Haas F1 Team,0.0,17.39,0,0,2018,13,2.418999999999997,11.166666666666666,9.4,8.5
MAG,8,9,6.754000000000005,Haas F1 Team,0.0,17.39,0,0,2018,13,11.343499999999992,11.166666666666666,7.6,8.5
GAS,9,11,-14.335000000000008,Toro Rosso,-1.0,17.39,0,0,2018,13,4.272999999999996,14.041666666666666,12.8,13.6
ERI,10,14,-13.878,Sauber,-1.0,17.39,0,0,2018,13,2.9879999999999995,13.333333333333334,13.0,13.8
SAI,11,16,-13.689999999999998,Renault,-2.0,17.39,0,0,2018,13,2.79549999999999,10.083333333333334,11.6,11.0
SIR,12,18,-13.180999999999997,Williams,-2.0,17.39,0,0,2018,13,3.1159999999999997,15.375,15.4,15.4
STR,13,19,-13.045000000000002,Williams,-2.0,17.39,0,0,2018,13,2.888999999999996,15.375,15.4,15.4
HAR,14,12,-14.314000000000007,Toro Rosso,-1.0,17.39,0,0,2018,13,4.793999999999997,14.041666666666666,14.4,13.6
VAN,15,20,-12.872,McLaren,-2.0,17.39,0,0,2018,13,13.182000000000002,11.708333333333334,13.8,12.5
RIC,16,8,4.759999999999991,Red Bull Racing,0.0,17.39,0,0,2018,13,1.6299999999999955,8.541666666666666,10.2,9.2
RAI,17,6,4.492000000000004,Ferrari,0.0,17.39,0,0,2018,13,1.0305000000000035,4.875,2.8,4.3
LEC,18,13,-14.117000000000004,Sauber,-1.0,17.39,0,0,2018,13,2.094999999999999,13.333333333333334,14.6,13.8
ALO,19,17,-13.262,McLaren,-2.0,17.39,0,0,2018,13,12.591999999999999,11.708333333333334,11.2,12.5
HUL,20,15,-14.034000000000006,Renault,5.0,17.39,0,0,2018,13,7.475499999999997,10.083333333333334,10.4,11.0
HAM,1,3,0.17499999999999716,Mercedes,0.0,21.550000000000004,1,0,2018,14,9.014500000000012,4.538461538461538,4.4,5.6
RAI,2,1,0.0,Ferrari,0.0,21.550000000000004,1,0,2018,14,0.0,5.1923076923076925,5.6,5.3
BOT,3,4,0.5370000000000061,Mercedes,0.0,21.550000000000004,1,0,2018,14,15.819000000000003,4.538461538461538,6.8,5.6
VET,4,2,0.16100000000000136,Ferrari,0.0,21.550000000000004,1,0,2018,14,2.9710000000000036,5.1923076923076925,5.0,5.3
VER,5,5,1.4959999999999951,Red Bull Racing,0.0,21.550000000000004,1,0,2018,14,0.6820000000000022,8.615384615384615,8.4,10.5
OCO,6,8,1.980000000000004,Racing Point,0.0,21.550000000000004,1,0,2018,14,1.8485000000000156,5.5,8.0,5.5
PER,7,16,2.7690000000000055,Racing Point,-2.0,21.550000000000004,1,0,2018,14,1.6260000000000048,5.5,8.6,5.5
SAI,8,7,1.921999999999997,Renault,0.0,21.550000000000004,1,0,2018,14,2.0250000000000057,10.5,12.2,12.4
STR,9,10,2.5079999999999956,Williams,0.0,21.550000000000004,1,0,2018,14,2.7794999999999987,15.153846153846153,14.6,14.7
SIR,10,12,2.6129999999999995,Williams,0.0,21.550000000000004,1,0,2018,14,3.5720000000000027,15.153846153846153,14.8,14.7
LEC,11,17,2.769999999999996,Sauber,-2.0,21.550000000000004,1,0,2018,14,2.285000000000011,13.384615384615385,16.2,14.3
VAN,12,20,2.965999999999994,McLaren,-3.0,21.550000000000004,1,0,2018,14,5.26700000000001,12.115384615384615,14.4,13.1
HUL,13,14,2.682000000000002,Renault,6.0,21.550000000000004,1,0,2018,14,11.459000000000003,10.5,12.6,12.4
GAS,14,9,2.2309999999999945,Toro Rosso,0.0,21.550000000000004,1,0,2018,14,3.064000000000007,13.846153846153847,10.6,12.5
ERI,15,19,2.929000000000002,Sauber,-1.0,21.550000000000004,1,0,2018,14,4.89200000000001,13.384615384615385,12.4,14.3
MAG,16,11,2.549999999999997,Haas F1 Team,0.0,21.550000000000004,1,0,2018,14,7.161000000000016,10.884615384615385,8.0,8.3
RIC,17,15,2.1610000000000014,Red Bull Racing,4.0,21.550000000000004,1,0,2018,14,3.985500000000002,8.615384615384615,12.6,10.5
ALO,18,13,3.448999999999998,McLaren,0.0,21.550000000000004,1,0,2018,14,3.5435000000000088,12.115384615384615,11.8,13.1
HAR,19,18,2.8149999999999977,Toro Rosso,-2.0,21.550000000000004,1,0,2018,14,14.364500000000007,13.846153846153847,14.4,12.5
GRO,20,6,1.8170000000000073,Haas F1 Team,0.0,21.550000000000004,1,0,2018,14,2.1000000000000085,10.884615384615385,8.6,8.3
HAM,1,1,0.0,Mercedes,0.0,29.829999999999995,0,1,2018,15,8.667500000000004,4.357142857142857,1.4,2.5
VER,2,2,0.3190000000000026,Red Bull Racing,0.0,29.829999999999995,0,1,2018,15,6.445499999999996,8.785714285714286,9.2,10.8
VET,3,3,0.6129999999999995,Ferrari,0.0,29.829999999999995,0,1,2018,15,4.933499999999995,5.035714285714286,5.2,5.4
BOT,4,4,0.6869999999999976,Mercedes,0.0,29.829999999999995,0,1,2018,15,1.788499999999999,4.357142857142857,3.6,2.5
RAI,5,5,0.7789999999999964,Ferrari,0.0,29.829999999999995,0,1,2018,15,4.595999999999989,5.035714285714286,5.6,5.4
RIC,6,6,0.9809999999999945,Red Bull Racing,0.0,29.829999999999995,0,1,2018,15,1.0224999999999937,8.785714285714286,12.4,10.8
ALO,7,11,2.6260000000000048,McLaren,0.0,29.829999999999995,0,1,2018,15,0.33149999999999125,12.321428571428571,13.8,13.8
SAI,8,12,2.7009999999999934,Renault,0.0,29.829999999999995,0,1,2018,15,3.1514999999999986,10.5,11.4,11.3
LEC,9,13,2.7319999999999993,Sauber,0.0,29.829999999999995,0,1,2018,15,2.3045000000000044,13.357142857142858,16.6,15.0
HUL,10,10,2.5729999999999933,Renault,0.0,29.829999999999995,0,1,2018,15,2.784499999999994,10.5,11.2,11.3
ERI,11,14,3.4380000000000024,Sauber,0.0,29.829999999999995,0,1,2018,15,2.2124999999999915,13.357142857142858,13.4,15.0
VAN,12,18,3.8490000000000038,McLaren,0.0,29.829999999999995,0,1,2018,15,1.8174999999999955,12.321428571428571,13.8,13.8
GAS,13,15,3.676000000000002,Toro Rosso,0.0,29.829999999999995,0,1,2018,15,0.5314999999999941,14.035714285714286,11.2,13.0
STR,14,20,5.319000000000003,Williams,0.0,29.829999999999995,0,1,2018,15,6.935999999999993,14.75,13.6,13.9
GRO,15,8,2.3049999999999926,Haas F1 Team,0.0,29.829999999999995,0,1,2018,15,0.6389999999999958,11.392857142857142,11.8,11.0
PER,16,7,1.9699999999999989,Racing Point,0.0,29.829999999999995,0,1,2018,15,0.2044999999999959,6.0,8.6,6.0
HAR,17,17,3.793999999999997,Toro Rosso,0.0,29.829999999999995,0,1,2018,15,27.500500000000002,14.035714285714286,14.8,13.0
MAG,18,16,3.629000000000005,Haas F1 Team,0.0,29.829999999999995,0,1,2018,15,10.003499999999988,11.392857142857142,10.2,11.0
SIR,19,19,5.248000000000005,Williams,0.0,29.829999999999995,0,1,2018,15,3.133499999999998,14.75,14.2,13.9
OCO,20,9,2.3499999999999943,Racing Point,0.0,29.829999999999995,0,1,2018,15,0.0,6.0,8.0,6.0
HAM,1,2,0.14499999999999602,Mercedes,0.0,24.38,1,2,2018,16,,4.233333333333333,1.2,2.4
BOT,2,1,0.0,Mercedes,0.0,24.38,1,2,2018,16,1.7890000000000015,4.233333333333333,3.6,2.4
VET,3,3,0.5559999999999974,Ferrari,0.0,24.38,1,2,2018,16,7.706499999999991,4.966666666666667,5.6,5.8
RAI,4,4,0.8499999999999943,Ferrari,0.0,24.38,1,2,2018,16,0.0,4.966666666666667,6.0,5.8
VER,5,11,1.6610000000000014,Red Bull Racing,8.0,24.38,1,2,2018,16,,8.466666666666667,6.6,9.6
RIC,6,12,1.8599999999999994,Red Bull Racing,6.0,24.38,1,2,2018,16,3.535499999999999,8.466666666666667,12.6,9.6
LEC,7,7,2.0319999999999965,Sauber,0.0,24.38,1,2,2018,16,1.1174999999999926,13.133333333333333,14.6,13.3
MAG,8,5,1.793999999999997,Haas F1 Team,0.0,24.38,1,2,2018,16,1.8755000000000024,11.733333333333333,12.0,11.8
OCO,9,6,2.0259999999999962,Racing Point,0.0,24.38,1,2,2018,16,1.6484999999999985,10.0,10.6,10.0
PER,10,8,2.176000000000002,Racing Point,0.0,24.38,1,2,2018,16,19.040499999999994,10.0,9.8,10.0
GRO,11,9,2.316999999999993,Haas F1 Team,0.0,24.38,1,2,2018,16,10.659000000000006,11.733333333333333,11.6,11.8
HUL,12,15,3.2680000000000007,Renault,-3.0,24.38,1,2,2018,16,0.8504999999999967,10.4,12.0,10.8
ERI,13,10,3.8089999999999975,Sauber,0.0,24.38,1,2,2018,16,1.471500000000006,13.133333333333333,12.0,13.3
ALO,14,17,4.117000000000004,McLaren,-1.0,24.38,1,2,2018,16,6.9964999999999975,12.133333333333333,13.6,13.8
STR,15,20,5.049999999999997,Williams,-6.0,24.38,1,2,2018,16,9.021500000000003,14.866666666666667,14.0,14.6
VAN,16,19,4.590000000000003,McLaren,-4.0,24.38,1,2,2018,16,2.6724999999999994,12.133333333333333,14.0,13.8
SAI,17,14,3.2390000000000043,Renault,-3.0,24.38,1,2,2018,16,1.2844999999999942,10.4,9.6,10.8
SIR,18,18,4.224999999999994,Williams,-5.0,24.38,1,2,2018,16,16.793499999999995,14.866666666666667,15.2,14.6
GAS,19,13,2.995999999999995,Toro Rosso,4.0,24.38,1,2,2018,16,3.3130000000000024,14.1,11.2,12.7
HAR,20,16,3.6500000000000057,Toro Rosso,4.0,24.38,1,2,2018,16,4.528499999999994,14.1,14.2,12.7
HAM,1,1,0.0,Mercedes,0.0,28.639999999999997,0,2,2018,17,15.578000000000003,4.0625,1.2,2.4
BOT,2,2,0.2989999999999924,Mercedes,0.0,28.639999999999997,0,2,2018,17,25.310000000000002,4.0625,3.6,2.4
VER,3,3,1.296999999999997,Red Bull Racing,0.0,28.639999999999997,0,2,2018,17,0.0,8.28125,6.8,8.3
RIC,4,15,2.0459999999999923,Red Bull Racing,0.0,28.639999999999997,0,2,2018,17,,8.28125,9.8,8.3
RAI,5,4,1.7609999999999957,Ferrari,0.0,28.639999999999997,0,2,2018,17,,4.875,6.2,4.4
VET,6,9,4.431999999999988,Ferrari,-1.0,28.639999999999997,0,2,2018,17,15.68050000000001,4.875,2.6,4.4
PER,7,10,9.468999999999994,Racing Point,-1.0,28.639999999999997,0,2,2018,17,1.3680000000000092,9.875,10.4,9.875
GRO,8,5,2.0009999999999906,Haas F1 Team,0.0,28.639999999999997,0,2,2018,17,21.068000000000012,11.59375,12.6,12.0
OCO,9,8,2.3659999999999997,Racing Point,3.0,28.639999999999997,0,2,2018,17,0.7180000000000035,9.875,10.8,9.875
SAI,10,13,2.7299999999999898,Renault,0.0,28.639999999999997,0,2,2018,17,22.01000000000002,10.65625,10.6,12.0
GAS,11,7,2.3329999999999984,Toro Rosso,0.0,28.639999999999997,0,2,2018,17,2.6060000000000088,14.4375,12.2,14.2
ERI,12,20,3.4529999999999887,Sauber,0.0,28.639999999999997,0,2,2018,17,1.3360000000000127,12.9375,12.8,12.9
HAR,13,6,2.262999999999991,Toro Rosso,0.0,28.639999999999997,0,2,2018,17,19.10650000000001,14.4375,16.2,14.2
ALO,14,18,2.812999999999988,McLaren,0.0,28.639999999999997,0,2,2018,17,11.789000000000001,12.3125,13.2,13.9
VAN,15,19,3.2809999999999917,McLaren,0.0,28.639999999999997,0,2,2018,17,17.0925,12.3125,14.6,13.9
SIR,16,17,2.6119999999999948,Williams,0.0,28.639999999999997,0,2,2018,17,20.649500000000018,14.96875,15.0,14.3
STR,17,14,2.9539999999999935,Williams,0.0,28.639999999999997,0,2,2018,17,15.796000000000006,14.96875,13.6,14.3
LEC,18,11,2.103999999999999,Sauber,-1.0,28.639999999999997,0,2,2018,17,11.906000000000006,12.9375,13.0,12.9
HUL,19,16,2.600999999999999,Renault,0.0,28.639999999999997,0,2,2018,17,26.60900000000001,10.65625,13.4,12.0
MAG,20,12,2.465999999999994,Haas F1 Team,0.0,28.639999999999997,0,2,2018,17,16.774,11.59375,11.4,12.0
RAI,1,3,0.07000000000000739,Ferrari,-1.0,20.25,0,2,2018,18,1.8205000000000098,4.911764705882353,6.6,5.0
VER,2,15,2.5290000000000106,Red Bull Racing,3.0,20.25,0,2,2018,18,2.090999999999994,8.0,3.6,6.7
HAM,3,1,0.0,Mercedes,0.0,20.25,0,2,2018,18,2.203000000000003,3.911764705882353,1.2,2.1
VET,4,2,0.06100000000000705,Ferrari,3.0,20.25,0,2,2018,18,1.2920000000000016,4.911764705882353,3.4,5.0
BOT,5,4,0.3790000000000049,Mercedes,-1.0,20.25,0,2,2018,18,2.3795000000000073,3.911764705882353,3.0,2.1
HUL,6,7,1.9780000000000086,Renault,0.0,20.25,0,2,2018,18,2.63900000000001,10.882352941176471,14.8,12.8
SAI,7,11,2.3290000000000077,Renault,0.0,20.25,0,2,2018,18,2.938999999999993,10.882352941176471,10.8,12.8
PER,8,10,2.3569999999999993,Racing Point,0.0,20.25,0,2,2018,18,0.0,9.5,9.0,9.5
HAR,9,14,2.9690000000000083,Toro Rosso,6.0,20.25,0,2,2018,18,2.932000000000002,14.294117647058824,16.6,14.9
ERI,10,19,3.2990000000000066,Sauber,-3.0,20.25,0,2,2018,18,3.0549999999999926,13.058823529411764,12.2,12.4
VAN,11,20,3.4980000000000047,McLaren,-3.0,20.25,0,2,2018,18,0.4585000000000008,12.441176470588236,14.0,14.2
GAS,12,13,2.6129999999999995,Toro Rosso,6.0,20.25,0,2,2018,18,2.5349999999999966,14.294117647058824,13.2,14.9
SIR,13,17,3.125,Williams,-3.0,20.25,0,2,2018,18,2.823999999999998,15.058823529411764,15.0,14.3
STR,14,18,3.243000000000009,Williams,-3.0,20.25,0,2,2018,18,1.6470000000000056,15.058823529411764,13.6,14.3
LEC,15,9,2.183000000000007,Sauber,0.0,20.25,0,2,2018,18,2.8019999999999925,13.058823529411764,12.6,12.4
RIC,16,5,1.257000000000005,Red Bull Racing,-1.0,20.25,0,2,2018,18,2.3880000000000052,8.0,9.8,6.7
GRO,17,8,2.0130000000000052,Haas F1 Team,0.0,20.25,0,2,2018,18,2.132000000000005,11.735294117647058,12.2,13.1
ALO,18,16,3.057000000000002,McLaren,-3.0,20.25,0,2,2018,18,1.718999999999994,12.441176470588236,14.4,14.2
OCO,19,6,1.9080000000000013,Racing Point,0.0,20.25,0,2,2018,18,0.18899999999999295,9.5,10.0,9.5
MAG,20,12,2.4950000000000045,Haas F1 Team,0.0,20.25,0,2,2018,18,3.393499999999989,11.735294117647058,14.0,13.1
VER,1,2,0.02599999999999625,Red Bull Racing,0.0,18.889999999999997,0,2,2018,19,0.0,8.055555555555555,3.4,6.6
VET,2,4,0.21099999999999852,Ferrari,0.0,18.889999999999997,0,2,2018,19,,4.777777777777778,4.0,3.7
RAI,3,6,0.570999999999998,Ferrari,0.0,18.889999999999997,0,2,2018,19,4.3999999999999915,4.777777777777778,3.4,3.7
HAM,4,3,0.13500000000000512,Mercedes,0.0,18.889999999999997,0,2,2018,19,5.561999999999998,3.9166666666666665,1.4,2.3
BOT,5,5,0.40099999999999625,Mercedes,0.0,18.889999999999997,0,2,2018,19,,3.9166666666666665,3.2,2.3
HUL,6,7,1.0679999999999978,Renault,0.0,18.889999999999997,0,2,2018,19,,10.63888888888889,12.0,11.0
LEC,7,9,1.4299999999999926,Sauber,0.0,18.889999999999997,0,2,2018,19,2.566999999999993,13.027777777777779,12.0,12.1
VAN,8,17,2.2069999999999936,McLaren,-2.0,18.889999999999997,0,2,2018,19,5.006999999999991,12.555555555555555,13.2,13.7
ERI,9,10,1.7540000000000049,Sauber,0.0,18.889999999999997,0,2,2018,19,2.8279999999999887,13.027777777777779,12.2,12.1
GAS,10,15,2.0690000000000026,Toro Rosso,5.0,18.889999999999997,0,2,2018,19,7.4184999999999945,14.083333333333334,13.8,14.7
OCO,11,11,2.0849999999999937,Racing Point,0.0,18.889999999999997,0,2,2018,19,3.728999999999999,10.166666666666666,12.6,11.1
STR,12,19,2.9299999999999926,Williams,-2.0,18.889999999999997,0,2,2018,19,,14.972222222222221,13.8,14.5
SIR,13,20,3.1269999999999953,Williams,-1.0,18.889999999999997,0,2,2018,19,3.437999999999988,14.972222222222221,15.2,14.5
HAR,14,14,2.424999999999997,Toro Rosso,0.0,18.889999999999997,0,2,2018,19,,14.083333333333334,15.6,14.7
MAG,15,18,2.8400000000000034,Haas F1 Team,-2.0,18.889999999999997,0,2,2018,19,,12.11111111111111,16.4,15.3
GRO,16,16,2.152000000000001,Haas F1 Team,2.0,18.889999999999997,0,2,2018,19,,12.11111111111111,14.2,15.3
RIC,17,1,0.0,Red Bull Racing,0.0,18.889999999999997,0,2,2018,19,,8.055555555555555,9.8,6.6
PER,18,13,2.4080000000000013,Racing Point,0.0,18.889999999999997,0,2,2018,19,3.3219999999999885,10.166666666666666,9.6,11.1
SAI,19,8,1.3250000000000028,Renault,0.0,18.889999999999997,0,2,2018,19,3.051000000000002,10.63888888888889,10.0,11.0
ALO,20,12,2.1119999999999948,McLaren,0.0,18.889999999999997,0,2,2018,19,,12.555555555555555,14.2,13.7
HAM,1,1,0.0,Mercedes,0.0,24.949999999999996,0,2,2018,20,34.1015,3.9473684210526314,2.0,2.8
VER,2,5,0.4969999999999999,Red Bull Racing,0.0,24.949999999999996,0,2,2018,20,0.0,8.105263157894736,2.6,6.2
RAI,3,4,0.17499999999999716,Ferrari,0.0,24.949999999999996,0,2,2018,20,0.009000000000014552,4.657894736842105,3.6,3.6
RIC,4,6,0.4989999999999952,Red Bull Racing,5.0,24.949999999999996,0,2,2018,20,0.14450000000000784,8.105263157894736,9.8,6.2
BOT,5,3,0.1599999999999966,Mercedes,0.0,24.949999999999996,0,2,2018,20,3.769999999999996,3.9473684210526314,3.6,2.8
VET,6,2,0.09299999999998931,Ferrari,0.0,24.949999999999996,0,2,2018,20,3.0579999999999927,4.657894736842105,3.6,3.6
LEC,7,8,1.2109999999999985,Sauber,-1.0,24.949999999999996,0,2,2018,20,0.6784999999999997,12.763157894736842,11.2,11.1
GRO,8,9,1.23599999999999,Haas F1 Team,-1.0,24.949999999999996,0,2,2018,20,0.7835000000000036,12.289473684210526,13.4,14.8
MAG,9,11,1.3780000000000001,Haas F1 Team,-1.0,24.949999999999996,0,2,2018,20,1.4495000000000005,12.289473684210526,16.2,14.8
PER,10,12,1.4599999999999937,Racing Point,0.0,24.949999999999996,0,2,2018,20,6.2065000000000055,10.785714285714286,11.8,12.7
HAR,11,17,1.9989999999999952,Toro Rosso,-1.0,24.949999999999996,0,2,2018,20,1.2644999999999982,13.973684210526315,14.6,13.8
SAI,12,16,1.9879999999999995,Renault,-1.0,24.949999999999996,0,2,2018,20,1.3094999999999999,10.736842105263158,12.2,11.4
GAS,13,10,1.7479999999999905,Toro Rosso,-1.0,24.949999999999996,0,2,2018,20,17.450500000000005,13.973684210526315,13.0,13.8
VAN,14,20,2.319999999999993,McLaren,0.0,24.949999999999996,0,2,2018,20,1.5095000000000027,12.631578947368421,12.4,13.5
OCO,15,13,1.48899999999999,Racing Point,5.0,24.949999999999996,0,2,2018,20,1.0655000000000001,10.785714285714286,13.6,12.7
SIR,16,15,3.0999999999999943,Williams,-1.0,24.949999999999996,0,2,2018,20,15.650499999999994,14.842105263157896,15.8,15.1
ALO,17,18,2.120999999999995,McLaren,-1.0,24.949999999999996,0,2,2018,20,1.5095000000000027,12.631578947368421,14.6,13.5
STR,18,19,2.1599999999999966,Williams,0.0,24.949999999999996,0,2,2018,20,1.1195000000000022,14.842105263157896,14.4,15.1
HUL,19,14,1.5529999999999973,Renault,-1.0,24.949999999999996,0,2,2018,20,2.089500000000001,10.736842105263158,10.6,11.4
ERI,20,7,1.0150000000000006,Sauber,-1.0,24.949999999999996,0,2,2018,20,9.950500000000005,12.763157894736842,11.0,11.1
HAM,1,1,0.0,Mercedes,0.0,32.88,0,2,2018,21,,3.9,2.0,2.9
VET,2,3,0.33100000000000307,Ferrari,0.0,32.88,0,2,2018,21,,4.65,4.2,3.7
VER,3,6,0.7950000000000017,Red Bull Racing,0.0,32.88,0,2,2018,21,36.051500000000004,7.85,2.6,6.0
RIC,4,5,0.6069999999999993,Red Bull Racing,0.0,32.88,0,2,2018,21,,7.85,9.4,6.0
BOT,5,2,0.16200000000000614,Mercedes,0.0,32.88,0,2,2018,21,,3.9,3.8,2.9
SAI,6,11,2.1880000000000024,Renault,0.0,32.88,0,2,2018,21,12.664999999999992,10.975,13.0,12.7
LEC,7,8,1.4429999999999978,Sauber,0.0,32.88,0,2,2018,21,,12.8,10.8,11.8
PER,8,14,2.747,Racing Point,0.0,32.88,0,2,2018,21,20.164999999999992,11.0,10.6,11.6
GRO,9,7,1.3979999999999961,Haas F1 Team,0.0,32.88,0,2,2018,21,0.410499999999999,12.1,12.0,13.2
MAG,10,13,2.5150000000000006,Haas F1 Team,0.0,32.88,0,2,2018,21,0.8194999999999908,12.1,14.4,13.2
ALO,11,15,2.948999999999998,McLaren,0.0,32.88,0,2,2018,21,,12.775,16.6,14.7
HAR,12,16,3.200000000000003,Toro Rosso,0.0,32.88,0,2,2018,21,0.0,13.875,13.4,13.2
STR,13,20,3.8880000000000052,Williams,0.0,32.88,0,2,2018,21,4.507499999999993,14.95,15.2,15.2
VAN,14,18,3.7830000000000013,McLaren,0.0,32.88,0,2,2018,21,1.072499999999991,12.775,12.8,14.7
SIR,15,19,3.841000000000008,Williams,0.0,32.88,0,2,2018,21,4.323499999999996,14.95,15.2,15.2
GAS,16,17,3.372,Toro Rosso,0.0,32.88,0,2,2018,21,,13.875,13.0,13.2
OCO,17,9,1.7460000000000093,Racing Point,0.0,32.88,0,2,2018,21,,11.0,12.6,11.6
ERI,18,12,2.338000000000008,Sauber,0.0,32.88,0,2,2018,21,1.4314999999999998,12.8,12.8,11.8
RAI,19,4,0.570999999999998,Ferrari,0.0,32.88,0,2,2018,21,10.03649999999999,4.65,3.2,3.7
HUL,20,10,1.7480000000000047,Renault,0.0,32.88,0,2,2018,21,24.996499999999997,10.975,12.4,12.7
BOT,1,2,0.11199999999999477,Mercedes,0.0,23.630000000000003,0,1,2019,1,23.739000000000004,3.857142857142857,4.4,3.2
HAM,2,1,0.0,Mercedes,0.0,23.630000000000003,0,1,2019,1,7.658500000000004,3.857142857142857,2.0,3.2
VER,3,4,0.833999999999989,Red Bull Racing,0.0,23.630000000000003,0,1,2019,1,4.387500000000003,7.642857142857143,2.2,5.6
VET,4,3,0.7039999999999935,Ferrari,0.0,23.630000000000003,0,1,2019,1,0.0,4.928571428571429,4.0,5.1
LEC,5,5,0.9559999999999889,Ferrari,0.0,23.630000000000003,0,1,2019,1,0.4549999999999983,4.928571428571429,10.8,5.1
MAG,6,7,1.6129999999999995,Haas F1 Team,0.0,23.630000000000003,0,1,2019,1,5.971000000000004,11.976190476190476,14.8,13.2
HUL,7,11,2.0759999999999934,Renault,0.0,23.630000000000003,0,1,2019,1,14.854,11.071428571428571,14.0,12.4
RAI,8,9,1.8279999999999887,Alfa Romeo Racing,0.0,23.630000000000003,0,1,2019,1,1.3475000000000108,,6.2,
STR,9,16,2.5309999999999917,Racing Point,0.0,23.630000000000003,0,1,2019,1,1.322000000000017,11.166666666666666,14.8,12.2
KVY,10,15,2.2879999999999967,Toro Rosso,0.0,23.630000000000003,0,1,2019,1,6.502500000000012,13.880952380952381,,12.1
GAS,11,17,2.533999999999992,Red Bull Racing,0.0,23.630000000000003,0,1,2019,1,2.709000000000003,7.642857142857143,12.4,5.6
NOR,12,8,1.8179999999999978,McLaren,0.0,23.630000000000003,0,1,2019,1,1.597999999999999,12.761904761904763,,14.2
PER,13,10,2.2950000000000017,Racing Point,0.0,23.630000000000003,0,1,2019,1,12.164000000000001,11.166666666666666,10.2,12.2
ALB,14,13,2.1499999999999915,Toro Rosso,0.0,23.630000000000003,0,1,2019,1,11.604,13.880952380952381,,12.1
GIO,15,14,2.2279999999999944,Alfa Romeo Racing,0.0,23.630000000000003,0,1,2019,1,1.4539999999999935,,,
RUS,16,19,3.8739999999999952,Williams,0.0,23.630000000000003,0,1,2019,1,5.618000000000009,14.904761904761905,,14.7
KUB,17,20,5.580999999999989,Williams,0.0,23.630000000000003,0,1,2019,1,4.369,14.904761904761905,,14.7
GRO,18,6,1.3399999999999892,Haas F1 Team,0.0,23.630000000000003,0,1,2019,1,12.163000000000011,11.976190476190476,11.6,13.2
RIC,19,12,2.083999999999989,Renault,0.0,23.630000000000003,0,1,2019,1,0.757000000000005,11.071428571428571,9.0,12.4
SAI,20,18,2.597999999999999,McLaren,0.0,23.630000000000003,0,1,2019,1,2.7550000000000097,12.761904761904763,10.8,14.2
HAM,1,3,0.32399999999999807,Mercedes,0.0,26.160000000000004,0,2,2019,2,,3.75,2.2,3.2
BOT,2,4,0.39000000000000057,Mercedes,0.0,26.160000000000004,0,2,2019,2,16.476,3.75,4.2,3.2
LEC,3,1,0.0,Ferrari,0.0,26.160000000000004,0,2,2019,2,0.0,4.909090909090909,8.2,4.9
VER,4,5,0.8859999999999957,Red Bull Racing,0.0,26.160000000000004,0,2,2019,2,1.637999999999991,7.613636363636363,2.2,6.3
VET,5,2,0.29399999999999693,Ferrari,0.0,26.160000000000004,0,2,2019,2,,4.909090909090909,3.6,4.9
NOR,6,10,1.1770000000000067,McLaren,-1.0,26.160000000000004,0,2,2019,2,2.559999999999988,12.909090909090908,12.0,14.5
RAI,7,9,1.156000000000006,Alfa Romeo Racing,-1.0,26.160000000000004,0,2,2019,2,4.834999999999994,11.5,6.8,11.5
GAS,8,13,1.6599999999999966,Red Bull Racing,0.0,26.160000000000004,0,2,2019,2,2.2959999999999923,7.613636363636363,12.4,6.3
ALB,9,12,1.6470000000000056,Toro Rosso,0.0,26.160000000000004,0,2,2019,2,13.779499999999999,13.795454545454545,14.0,12.1
PER,10,14,1.8900000000000006,Racing Point,0.0,26.160000000000004,0,2,2019,2,17.970499999999987,11.15,11.4,12.8
GIO,11,16,2.1599999999999966,Alfa Romeo Racing,0.0,26.160000000000004,0,2,2019,2,5.797999999999988,11.5,15.0,11.5
KVY,12,15,1.9879999999999995,Toro Rosso,0.0,26.160000000000004,0,2,2019,2,2.0419999999999874,13.795454545454545,10.0,12.1
MAG,13,6,0.8910000000000053,Haas F1 Team,0.0,26.160000000000004,0,2,2019,2,5.528999999999996,11.977272727272727,12.0,12.8
STR,14,18,2.350999999999999,Racing Point,0.0,26.160000000000004,0,2,2019,2,24.516999999999996,11.15,13.2,12.8
RUS,15,19,3.8930000000000007,Williams,0.0,26.160000000000004,0,2,2019,2,19.554999999999993,14.977272727272727,16.0,14.7
KUB,16,20,3.933000000000007,Williams,0.0,26.160000000000004,0,2,2019,2,6.450999999999993,14.977272727272727,17.0,14.7
HUL,17,17,2.1680000000000064,Renault,0.0,26.160000000000004,0,2,2019,2,33.10199999999999,11.159090909090908,11.6,12.1
RIC,18,11,1.6219999999999999,Renault,-1.0,26.160000000000004,0,2,2019,2,,11.159090909090908,12.0,12.1
SAI,19,7,0.9470000000000027,McLaren,0.0,26.160000000000004,0,2,2019,2,2.022999999999996,12.909090909090908,12.8,14.5
GRO,20,8,1.149000000000001,Haas F1 Team,3.0,26.160000000000004,0,2,2019,2,1.7589999999999861,11.977272727272727,13.6,12.8
HAM,1,2,0.022999999999996135,Mercedes,0.0,19.33,0,2,2019,3,,3.652173913043478,1.8,2.7
BOT,2,1,0.0,Mercedes,0.0,19.33,0,2,2019,3,,3.652173913043478,3.6,2.7
VET,3,3,0.30100000000000193,Ferrari,0.0,19.33,0,2,2019,3,,4.869565217391305,3.8,5.2
VER,4,5,0.5420000000000016,Red Bull Racing,0.0,19.33,0,2,2019,3,,7.543478260869565,2.6,5.7
LEC,5,4,0.31799999999999784,Ferrari,0.0,19.33,0,2,2019,3,0.0,4.869565217391305,5.8,5.2
GAS,6,6,1.3830000000000098,Red Bull Racing,0.0,19.33,0,2,2019,3,1.1020000000000039,7.543478260869565,11.6,5.7
RIC,7,7,1.4110000000000014,Renault,0.0,19.33,0,2,2019,3,,11.434782608695652,12.4,14.3
PER,8,12,1.7520000000000095,Racing Point,0.0,19.33,0,2,2019,3,29.924499999999995,11.227272727272727,11.8,12.5
RAI,9,13,1.8719999999999999,Alfa Romeo Racing,0.0,19.33,0,2,2019,3,1.3920000000000101,10.25,8.0,10.25
GRO,11,10,1.6090000000000089,Haas F1 Team,0.0,19.33,0,2,2019,3,3.906499999999994,12.173913043478262,14.2,12.4
STR,12,16,2.7450000000000045,Racing Point,0.0,19.33,0,2,2019,3,1.1899999999999977,11.227272727272727,13.2,12.5
MAG,13,9,1.6030000000000086,Haas F1 Team,0.0,19.33,0,2,2019,3,3.3619999999999948,12.173913043478262,10.6,12.4
SAI,14,14,1.975999999999999,McLaren,0.0,19.33,0,2,2019,3,1.4549999999999983,12.891304347826088,15.2,14.1
RUS,16,17,3.706000000000003,Williams,0.0,19.33,0,2,2019,3,,15.0,15.5,15.1
KUB,17,18,3.734000000000009,Williams,0.0,19.33,0,2,2019,3,3.0919999999999987,15.0,16.5,15.1
NOR,18,15,2.4200000000000017,McLaren,0.0,19.33,0,2,2019,3,,12.891304347826088,9.0,14.1
KVY,19,11,1.6890000000000072,Toro Rosso,0.0,19.33,0,2,2019,3,,13.652173913043478,11.0,12.1
HUL,20,8,1.4150000000000063,Renault,0.0,19.33,0,2,2019,3,15.109000000000009,11.434782608695652,13.8,14.3
BOT,1,1,0.0,Mercedes,0.0,20.31,0,1,2019,4,6.6845,3.5625,3.0,2.1
HAM,2,2,0.0589999999999975,Mercedes,0.0,20.31,0,1,2019,4,1.2625000000000028,3.5625,1.2,2.1
VET,3,3,0.3019999999999925,Ferrari,0.0,20.31,0,1,2019,4,0.0,4.833333333333333,4.0,5.5
VER,4,4,0.5739999999999981,Red Bull Racing,0.0,20.31,0,1,2019,4,10.3005,7.4375,3.2,4.9
LEC,5,9,1.5,Ferrari,-1.0,20.31,0,1,2019,4,9.115000000000009,4.833333333333333,5.4,5.5
PER,6,5,1.097999999999999,Racing Point,0.0,20.31,0,1,2019,4,1.1350000000000051,11.125,9.8,11.6
SAI,7,10,1.9029999999999916,McLaren,-1.0,20.31,0,1,2019,4,6.920500000000004,13.020833333333334,14.2,14.5
NOR,8,7,1.3909999999999911,McLaren,0.0,20.31,0,1,2019,4,2.5289999999999964,13.020833333333334,12.0,14.5
STR,9,14,2.134999999999991,Racing Point,-1.0,20.31,0,1,2019,4,2.1509999999999962,11.125,13.2,11.6
RAI,10,19,10.0,Alfa Romeo Racing,-19.0,20.31,0,1,2019,4,0.4170000000000016,9.833333333333334,9.2,9.833333333333334
ALB,11,12,1.9989999999999952,Toro Rosso,-1.0,20.31,0,1,2019,4,0.8449999999999989,13.875,11.5,13.5
GIO,12,8,1.929000000000002,Alfa Romeo Racing,9.0,20.31,0,1,2019,4,1.9279999999999973,9.833333333333334,13.0,9.833333333333334
MAG,13,13,2.2039999999999935,Haas F1 Team,-1.0,20.31,0,1,2019,4,1.399000000000001,12.166666666666666,10.2,11.7
HUL,14,16,2.932000000000002,Renault,-1.0,20.31,0,1,2019,4,2.3370000000000033,11.520833333333334,16.6,14.5
RUS,15,17,4.566999999999993,Williams,-1.0,20.31,0,1,2019,4,6.899000000000001,15.0625,15.666666666666666,15.9
KUB,16,18,4.959999999999994,Williams,-18.0,20.31,0,1,2019,4,3.620999999999995,15.0625,16.666666666666668,15.9
GAS,17,20,10.0,Red Bull Racing,-20.0,20.31,0,1,2019,4,3.9939999999999998,7.4375,10.8,4.9
GRO,18,15,2.911999999999992,Haas F1 Team,-1.0,20.31,0,1,2019,4,1.5960000000000036,12.166666666666666,13.2,11.7
KVY,19,6,1.1859999999999928,Toro Rosso,0.0,20.31,0,1,2019,4,1.906000000000006,13.875,13.666666666666666,13.5
RIC,20,11,1.9819999999999993,Renault,-1.0,20.31,0,1,2019,4,2.728499999999997,11.520833333333334,10.4,14.5
HAM,1,2,0.6340000000000003,Mercedes,0.0,20.37,0,2,2019,5,8.460499999999982,3.48,1.4,1.8
BOT,2,1,0.0,Mercedes,0.0,20.37,0,2,2019,5,26.498999999999995,3.48,2.2,1.8
VER,3,4,0.9509999999999934,Red Bull Racing,0.0,20.37,0,2,2019,5,0.0,7.56,3.6,6.4
VET,4,3,0.8659999999999997,Ferrari,0.0,20.37,0,2,2019,5,17.256,4.8,3.4,5.4
LEC,5,5,1.181999999999988,Ferrari,0.0,20.37,0,2,2019,5,0.5379999999999967,4.8,5.0,5.4
GAS,6,6,1.3019999999999925,Red Bull Racing,0.0,20.37,0,2,2019,5,0.07699999999999818,7.56,11.6,6.4
MAG,7,8,1.5159999999999911,Haas F1 Team,0.0,20.37,0,2,2019,5,0.9049999999999869,12.3,11.0,13.1
SAI,8,13,2.192999999999998,McLaren,-1.0,20.37,0,2,2019,5,0.8589999999999947,12.8,13.2,12.9
KVY,9,9,2.1669999999999874,Toro Rosso,0.0,20.37,0,2,2019,5,12.62899999999999,13.92,15.0,14.1
GRO,10,7,1.5049999999999955,Haas F1 Team,0.0,20.37,0,2,2019,5,8.198999999999998,12.3,15.2,13.1
ALB,11,12,2.0389999999999873,Toro Rosso,-1.0,20.37,0,2,2019,5,,13.92,11.333333333333334,14.1
RIC,12,10,2.6999999999999886,Renault,3.0,20.37,0,2,2019,5,0.992999999999995,11.74,13.6,14.8
HUL,13,16,2.9979999999999905,Renault,-16.0,20.37,0,2,2019,5,0.9500000000000028,11.74,15.6,14.8
RAI,14,14,2.381999999999991,Alfa Romeo Racing,0.0,20.37,0,2,2019,5,5.900499999999994,10.125,10.6,10.125
PER,15,15,2.4799999999999898,Racing Point,0.0,20.37,0,2,2019,5,5.671999999999997,10.846153846153847,9.0,10.6
GIO,16,18,3.2579999999999956,Alfa Romeo Racing,0.0,20.37,0,2,2019,5,1.100999999999999,10.125,12.666666666666666,10.125
RUS,17,19,3.665999999999997,Williams,0.0,20.37,0,2,2019,5,1.1569999999999965,15.08,15.5,15.6
KUB,18,20,4.847999999999999,Williams,-3.0,20.37,0,2,2019,5,7.242499999999993,15.08,16.5,15.6
STR,19,17,3.0649999999999977,Racing Point,-1.0,20.37,0,2,2019,5,5.715999999999994,10.846153846153847,11.4,10.6
NOR,20,11,1.931999999999988,McLaren,-1.0,20.37,0,2,2019,5,1.0069999999999908,12.8,11.0,12.9
HAM,1,1,0.0,Mercedes,0.0,22.65,0,1,2019,6,3.922499999999985,3.4038461538461537,1.4,1.5
VET,2,4,0.7810000000000059,Ferrari,0.0,22.65,0,1,2019,6,4.882999999999996,4.788461538461538,3.8,4.2
BOT,3,2,0.08599999999999852,Mercedes,0.0,22.65,0,1,2019,6,4.151499999999999,3.4038461538461537,1.6,1.5
VER,4,3,0.4750000000000085,Red Bull Racing,0.0,22.65,0,1,2019,6,17.619499999999988,7.4423076923076925,3.6,6.6
GAS,5,5,0.875,Red Bull Racing,3.0,22.65,0,1,2019,6,8.809499999999986,7.4423076923076925,9.6,6.6
SAI,6,9,1.2510000000000048,McLaren,0.0,22.65,0,1,2019,6,0.7129999999999939,12.846153846153847,13.6,13.2
KVY,7,8,1.105000000000004,Toro Rosso,-1.0,22.65,0,1,2019,6,2.0974999999999966,13.76923076923077,13.8,13.3
ALB,8,10,1.487000000000009,Toro Rosso,0.0,22.65,0,1,2019,6,4.069499999999991,13.76923076923077,11.25,13.3
RIC,9,7,1.0520000000000067,Renault,-1.0,22.65,0,1,2019,6,5.679999999999993,11.76923076923077,15.2,14.7
GRO,10,13,1.8610000000000042,Haas F1 Team,0.0,22.65,0,1,2019,6,3.5679999999999836,12.153846153846153,15.4,12.9
NOR,11,12,1.558000000000007,McLaren,0.0,22.65,0,1,2019,6,2.6739999999999924,12.846153846153847,12.8,13.2
PER,12,17,2.0670000000000073,Racing Point,-1.0,22.65,0,1,2019,6,0.7999999999999972,11.285714285714286,10.4,11.5
HUL,13,11,1.5040000000000049,Renault,0.0,22.65,0,1,2019,6,6.343999999999994,11.76923076923077,14.2,14.7
MAG,14,6,0.9429999999999978,Haas F1 Team,-1.0,22.65,0,1,2019,6,5.042999999999992,12.153846153846153,10.4,12.9
RUS,15,19,3.311000000000007,Williams,0.0,22.65,0,1,2019,6,7.852999999999994,15.173076923076923,15.8,16.3
STR,16,18,2.680000000000007,Racing Point,-1.0,22.65,0,1,2019,6,5.526499999999999,11.285714285714286,12.6,11.5
RAI,17,14,1.948999999999998,Alfa Romeo Racing,0.0,22.65,0,1,2019,6,5.584999999999994,11.1,9.6,11.1
KUB,18,20,3.585000000000008,Williams,0.0,22.65,0,1,2019,6,7.9979999999999905,15.173076923076923,16.8,16.3
GIO,19,15,2.0190000000000055,Alfa Romeo Racing,3.0,22.65,0,1,2019,6,16.298999999999978,11.1,13.5,11.1
LEC,20,16,1.983000000000004,Ferrari,-1.0,22.65,0,1,2019,6,0.0,4.788461538461538,4.6,4.2
HAM,1,2,0.20600000000000307,Mercedes,0.0,28.4,0,1,2019,7,10.480000000000004,3.3518518518518516,1.2,1.6
VET,2,1,0.0,Ferrari,0.0,28.4,0,1,2019,7,0.0,5.018518518518518,3.4,5.5
LEC,3,3,0.6800000000000068,Ferrari,0.0,28.4,0,1,2019,7,0.1360000000000099,5.018518518518518,7.6,5.5
BOT,4,6,0.8610000000000042,Mercedes,0.0,28.4,0,1,2019,7,0.2050000000000125,3.3518518518518516,2.0,1.6
VER,5,11,1.5600000000000023,Red Bull Racing,-2.0,28.4,0,1,2019,7,7.168500000000009,7.333333333333333,3.8,6.1
RIC,6,4,0.8310000000000031,Renault,0.0,28.4,0,1,2019,7,6.368000000000009,11.74074074074074,13.2,14.3
HUL,7,7,1.0840000000000032,Renault,0.0,28.4,0,1,2019,7,5.401500000000013,11.74074074074074,15.4,14.3
GAS,8,5,0.8389999999999986,Red Bull Racing,0.0,28.4,0,1,2019,7,1.5450000000000017,7.333333333333333,8.4,6.1
STR,9,18,2.0260000000000105,Racing Point,-1.0,28.4,0,1,2019,7,,11.466666666666667,14.0,12.1
KVY,10,12,1.6810000000000116,Toro Rosso,-2.0,28.4,0,1,2019,7,1.5130000000000052,13.537037037037036,13.2,12.4
SAI,11,9,3.7409999999999997,McLaren,2.0,28.4,0,1,2019,7,0.9680000000000035,12.685185185185185,10.8,11.7
PER,12,16,1.9570000000000078,Racing Point,-1.0,28.4,0,1,2019,7,25.911,11.466666666666667,10.2,12.1
GIO,13,13,1.8960000000000008,Alfa Romeo Racing,-1.0,28.4,0,1,2019,7,3.5770000000000124,12.25,14.6,12.4
GRO,14,15,1.8689999999999998,Haas F1 Team,-1.0,28.4,0,1,2019,7,11.003,12.148148148148149,13.8,12.9
RAI,15,17,1.990000000000009,Alfa Romeo Racing,-1.0,28.4,0,1,2019,7,2.8490000000000038,12.25,11.4,12.4
RUS,16,19,3.3770000000000095,Williams,-1.0,28.4,0,1,2019,7,13.904499999999999,15.222222222222221,15.6,16.3
MAG,17,10,1.5460000000000065,Haas F1 Team,-10.0,28.4,0,1,2019,7,7.703500000000005,12.148148148148149,12.0,12.9
KUB,18,20,4.153000000000006,Williams,-1.0,28.4,0,1,2019,7,4.254000000000005,15.222222222222221,17.0,16.3
ALB,19,14,1.953000000000003,Toro Rosso,-1.0,28.4,0,1,2019,7,1.6600000000000108,13.537037037037036,10.6,12.4
NOR,20,8,1.6230000000000047,McLaren,0.0,28.4,0,1,2019,7,6.918000000000006,12.685185185185185,12.6,11.7
HAM,1,1,0.0,Mercedes,0.0,25.93,0,2,2019,8,9.875500000000002,3.3214285714285716,1.2,1.8
BOT,2,2,0.28600000000000136,Mercedes,0.0,25.93,0,2,2019,8,19.055000000000007,3.3214285714285716,2.4,1.8
LEC,3,3,0.6460000000000008,Ferrari,0.0,25.93,0,2,2019,8,0.0,4.928571428571429,7.6,5.2
VER,4,4,1.0900000000000034,Red Bull Racing,0.0,25.93,0,2,2019,8,10.111500000000007,7.303571428571429,4.0,6.2
VET,5,7,1.480000000000004,Ferrari,0.0,25.93,0,2,2019,8,0.17650000000000432,4.928571428571429,2.8,5.2
SAI,6,6,1.203000000000003,McLaren,0.0,25.93,0,2,2019,8,1.027000000000001,12.785714285714286,9.2,12.3
RAI,7,12,2.2139999999999986,Alfa Romeo Racing,0.0,25.93,0,2,2019,8,22.84750000000001,12.5,13.0,13.4
HUL,8,13,2.2249999999999943,Renault,0.0,25.93,0,2,2019,8,1.0770000000000124,11.553571428571429,13.4,12.1
NOR,9,5,1.0990000000000038,McLaren,0.0,25.93,0,2,2019,8,,12.785714285714286,15.4,12.3
GAS,10,9,1.8649999999999949,Red Bull Racing,0.0,25.93,0,2,2019,8,1.6015000000000015,7.303571428571429,8.4,6.2
RIC,11,8,1.5990000000000038,Renault,0.0,25.93,0,2,2019,8,,11.553571428571429,10.8,12.1
PER,12,14,2.418999999999997,Racing Point,0.0,25.93,0,2,2019,8,26.323000000000008,11.40625,10.6,11.8
STR,13,18,3.4069999999999965,Racing Point,-1.0,25.93,0,2,2019,8,14.265,11.40625,13.0,11.8
KVY,14,16,3.2449999999999903,Toro Rosso,3.0,25.93,0,2,2019,8,6.157000000000011,13.571428571428571,12.8,13.2
ALB,15,11,2.141999999999996,Toro Rosso,0.0,25.93,0,2,2019,8,12.1845,13.571428571428571,11.6,13.2
GIO,16,10,5.100999999999999,Alfa Romeo Racing,0.0,25.93,0,2,2019,8,14.36800000000001,12.5,14.2,13.4
MAG,17,15,3.120999999999995,Haas F1 Team,0.0,25.93,0,2,2019,8,2.926000000000002,12.267857142857142,12.8,12.7
KUB,18,20,4.885999999999996,Williams,-2.0,25.93,0,2,2019,8,4.122500000000002,15.285714285714286,17.4,16.6
RUS,19,19,4.469999999999999,Williams,1.0,25.93,0,2,2019,8,,15.285714285714286,15.8,16.6
GRO,20,17,3.307000000000002,Haas F1 Team,-1.0,25.93,0,2,2019,8,3.0445000000000135,12.267857142857142,12.6,12.7
VER,1,3,0.43599999999999994,Red Bull Racing,-1.0,33.4,0,0,2019,9,3.3245000000000005,7.293103448275862,4.0,6.6
LEC,2,1,0.0,Ferrari,0.0,33.4,0,0,2019,9,10.417000000000002,4.896551724137931,7.2,5.2
BOT,3,4,0.5339999999999989,Mercedes,-1.0,33.4,0,0,2019,9,13.935000000000002,3.2586206896551726,2.4,1.8
VET,4,10,0.6640000000000015,Ferrari,-1.0,33.4,0,0,2019,9,13.376000000000005,4.896551724137931,3.2,5.2
HAM,5,2,0.25900000000000034,Mercedes,2.0,33.4,0,0,2019,9,17.845500000000015,3.2586206896551726,1.2,1.8
NOR,6,6,1.0960000000000036,McLaren,-1.0,33.4,0,0,2019,9,0.1775000000000091,12.60344827586207,13.6,10.6
GAS,7,9,1.195999999999998,Red Bull Racing,-1.0,33.4,0,0,2019,9,0.0,7.293103448275862,9.2,6.6
SAI,8,15,10.0,McLaren,4.0,33.4,0,0,2019,9,4.246000000000009,12.60344827586207,7.6,10.6
RAI,9,7,1.1629999999999967,Alfa Romeo Racing,-1.0,33.4,0,0,2019,9,16.55900000000001,12.375,12.6,13.9
GIO,10,8,1.176000000000002,Alfa Romeo Racing,-1.0,33.4,0,0,2019,9,16.40100000000001,12.375,15.2,13.9
PER,11,16,1.7860000000000014,Racing Point,-3.0,33.4,0,0,2019,9,24.869,11.470588235294118,11.4,12.3
RIC,12,14,1.7870000000000061,Renault,-2.0,33.4,0,0,2019,9,18.732,11.482758620689655,11.6,11.3
HUL,13,12,1.5130000000000052,Renault,3.0,33.4,0,0,2019,9,10.382500000000007,11.482758620689655,11.0,11.3
STR,14,17,1.8289999999999935,Racing Point,-3.0,33.4,0,0,2019,9,29.98100000000001,11.470588235294118,13.2,12.3
ALB,15,13,1.6620000000000061,Toro Rosso,5.0,33.4,0,0,2019,9,3.9280000000000115,13.60344827586207,12.8,12.3
GRO,16,11,1.4869999999999948,Haas F1 Team,0.0,33.4,0,0,2019,9,13.870000000000005,12.482758620689655,14.4,14.0
KVY,17,18,2.320999999999998,Toro Rosso,-2.0,33.4,0,0,2019,9,17.515,13.60344827586207,11.8,12.3
RUS,18,19,2.9009999999999962,Williams,-19.0,33.4,0,0,2019,9,2.849500000000006,15.39655172413793,16.4,17.0
MAG,19,5,1.0690000000000026,Haas F1 Team,5.0,33.4,0,0,2019,9,2.265000000000015,12.482758620689655,13.6,14.0
KUB,20,20,3.203000000000003,Williams,-3.0,33.4,0,0,2019,9,4.76100000000001,15.39655172413793,17.6,17.0
HAM,1,2,0.006000000000000227,Mercedes,0.0,17.900000000000002,0,0,2019,10,1.5955000000000013,3.283333333333333,1.8,2.3
BOT,2,1,0.0,Mercedes,0.0,17.900000000000002,0,0,2019,10,12.305499999999995,3.283333333333333,2.8,2.3
LEC,3,3,0.07899999999999352,Ferrari,0.0,17.900000000000002,0,0,2019,10,0.05349999999999966,4.833333333333333,6.6,5.0
GAS,4,5,0.4969999999999999,Red Bull Racing,0.0,17.900000000000002,0,0,2019,10,0.45950000000000557,7.183333333333334,7.2,5.3
VER,5,4,0.18299999999999272,Red Bull Racing,0.0,17.900000000000002,0,0,2019,10,10.316500000000005,7.183333333333334,3.4,5.3
SAI,6,13,1.4849999999999994,McLaren,0.0,17.900000000000002,0,0,2019,10,7.700499999999991,12.416666666666666,7.8,10.5
RIC,7,7,1.0889999999999986,Renault,0.0,17.900000000000002,0,0,2019,10,15.645500000000013,11.516666666666667,10.0,10.4
RAI,8,12,1.453000000000003,Alfa Romeo Racing,0.0,17.900000000000002,0,0,2019,10,1.7445000000000022,12.055555555555555,12.4,13.6
KVY,9,17,1.6280000000000001,Toro Rosso,0.0,17.900000000000002,0,0,2019,10,0.8654999999999973,13.683333333333334,11.4,12.5
HUL,10,10,1.2929999999999922,Renault,0.0,17.900000000000002,0,0,2019,10,2.3185000000000002,11.516666666666667,10.8,10.4
NOR,11,8,1.1310000000000002,McLaren,0.0,17.900000000000002,0,0,2019,10,12.209999999999994,12.416666666666666,13.2,10.5
ALB,12,9,1.2519999999999953,Toro Rosso,0.0,17.900000000000002,0,0,2019,10,11.7975,13.683333333333334,13.6,12.5
STR,13,18,1.668999999999997,Racing Point,0.0,17.900000000000002,0,0,2019,10,10.602500000000006,11.527777777777779,14.2,13.3
RUS,14,19,2.695999999999998,Williams,0.0,17.900000000000002,0,0,2019,10,7.58550000000001,15.516666666666667,17.0,17.7
KUB,15,20,3.1640000000000015,Williams,0.0,17.900000000000002,0,0,2019,10,3.677499999999995,15.516666666666667,18.4,17.7
VET,16,6,0.6940000000000026,Ferrari,0.0,17.900000000000002,0,0,2019,10,0.0,4.833333333333333,3.4,5.0
PER,17,15,1.8349999999999937,Racing Point,0.0,17.900000000000002,0,0,2019,10,7.6085000000000065,11.527777777777779,12.4,13.3
GIO,18,11,1.426000000000002,Alfa Romeo Racing,0.0,17.900000000000002,0,0,2019,10,14.489500000000007,12.055555555555555,14.8,13.6
GRO,19,14,1.6640000000000015,Haas F1 Team,0.0,17.900000000000002,0,0,2019,10,2.829499999999996,12.65,14.0,14.4
MAG,20,16,1.5690000000000026,Haas F1 Team,0.0,17.900000000000002,0,0,2019,10,12.869500000000002,12.65,14.8,14.4
VER,1,2,0.34600000000000364,Red Bull Racing,0.0,21.080000000000002,1,2,2019,11,23.155500000000004,7.096774193548387,3.8,5.3
VET,2,20,10.0,Ferrari,0.0,21.080000000000002,1,2,2019,11,13.100499999999997,4.983870967741935,5.8,6.0
KVY,3,14,1.3680000000000092,Toro Rosso,0.0,21.080000000000002,1,2,2019,11,2.323999999999998,13.580645161290322,11.4,12.6
STR,4,15,1.683000000000007,Racing Point,0.0,21.080000000000002,1,2,2019,11,26.545,11.710526315789474,13.0,12.9
SAI,5,7,1.1300000000000097,McLaren,0.0,21.080000000000002,1,2,2019,11,11.185999999999993,12.290322580645162,7.4,9.4
ALB,6,17,1.6940000000000026,Toro Rosso,-1.0,21.080000000000002,1,2,2019,11,3.632000000000005,13.580645161290322,13.8,12.6
GRO,7,6,1.0840000000000032,Haas F1 Team,0.0,21.080000000000002,1,2,2019,11,23.249499999999998,12.870967741935484,15.8,16.6
MAG,8,12,1.0220000000000056,Haas F1 Team,0.0,21.080000000000002,1,2,2019,11,0.0,12.870967741935484,17.4,16.6
HAM,9,1,0.0,Mercedes,0.0,21.080000000000002,1,2,2019,11,2.355000000000004,3.225806451612903,1.8,2.3
KUB,10,19,3.0720000000000027,Williams,-1.0,21.080000000000002,1,2,2019,11,4.176000000000002,15.483870967741936,17.8,17.1
RUS,11,18,2.9540000000000077,Williams,-1.0,21.080000000000002,1,2,2019,11,4.403999999999996,15.483870967741936,16.4,17.1
RAI,12,5,0.7710000000000008,Alfa Romeo Racing,0.0,21.080000000000002,1,2,2019,11,17.117000000000004,12.15,11.2,13.2
GIO,13,11,1.0190000000000055,Alfa Romeo Racing,0.0,21.080000000000002,1,2,2019,11,21.10600000000001,12.15,15.2,13.2
GAS,14,4,0.7550000000000097,Red Bull Racing,0.0,21.080000000000002,1,2,2019,11,0.5510000000000019,7.096774193548387,6.8,5.3
BOT,15,3,0.362000000000009,Mercedes,0.0,21.080000000000002,1,2,2019,11,2.4809999999999945,3.225806451612903,2.8,2.3
HUL,16,9,1.3590000000000089,Renault,0.0,21.080000000000002,1,2,2019,11,2.7079999999999984,11.419354838709678,10.2,9.6
LEC,17,10,0.5769999999999982,Ferrari,0.0,21.080000000000002,1,2,2019,11,8.626999999999995,4.983870967741935,6.2,6.0
NOR,18,16,1.5660000000000025,McLaren,3.0,21.080000000000002,1,2,2019,11,0.12000000000000455,12.290322580645162,11.4,9.4
RIC,19,13,1.0320000000000107,Renault,0.0,21.080000000000002,1,2,2019,11,2.5024999999999977,11.419354838709678,9.0,9.6
PER,20,8,1.2980000000000018,Racing Point,0.0,21.080000000000002,1,2,2019,11,22.92,11.710526315789474,12.8,12.9
HAM,1,3,0.19700000000000273,Mercedes,0.0,25.270000000000003,0,2,2019,12,1.2624999999999886,3.5,3.4,4.3
VER,2,1,0.0,Red Bull Racing,0.0,25.270000000000003,0,2,2019,12,0.0,7.109375,3.2,5.9
VET,3,5,0.4989999999999952,Ferrari,0.0,25.270000000000003,0,2,2019,12,,5.125,5.8,5.7
LEC,4,4,0.47100000000000364,Ferrari,0.0,25.270000000000003,0,2,2019,12,0.47799999999999443,5.125,5.6,5.7
SAI,5,8,1.2800000000000011,McLaren,0.0,25.270000000000003,0,2,2019,12,1.5079999999999956,12.265625,7.2,10.0
GAS,6,6,0.8780000000000001,Red Bull Racing,0.0,25.270000000000003,0,2,2019,12,0.38800000000000523,7.109375,8.6,5.9
RAI,7,10,1.468999999999994,Alfa Romeo Racing,0.0,25.270000000000003,0,2,2019,12,5.608999999999995,12.181818181818182,10.2,12.1
BOT,8,2,0.018000000000000682,Mercedes,0.0,25.270000000000003,0,2,2019,12,25.843000000000004,3.5,5.2,4.3
NOR,9,7,1.2279999999999944,McLaren,0.0,25.270000000000003,0,2,2019,12,2.287000000000006,12.265625,12.8,10.0
ALB,10,12,2.114999999999995,Toro Rosso,0.0,25.270000000000003,0,2,2019,12,14.516000000000005,13.296875,13.4,12.0
PER,11,17,2.536999999999992,Racing Point,-1.0,25.270000000000003,0,2,2019,12,35.396,11.725,14.4,12.5
HUL,12,11,1.992999999999995,Renault,0.0,25.270000000000003,0,2,2019,12,4.869,11.609375,10.8,10.9
MAG,13,15,2.5090000000000003,Haas F1 Team,-1.0,25.270000000000003,0,2,2019,12,5.879000000000005,12.703125,16.2,15.7
RIC,14,18,2.6850000000000023,Renault,2.0,25.270000000000003,0,2,2019,12,4.558000000000007,11.609375,11.0,10.9
KVY,15,13,2.1199999999999903,Toro Rosso,0.0,25.270000000000003,0,2,2019,12,5.436000000000007,13.296875,10.6,12.0
RUS,16,16,2.459000000000003,Williams,-1.0,25.270000000000003,0,2,2019,12,5.171499999999995,15.328125,15.6,15.9
STR,17,19,2.969999999999999,Racing Point,-1.0,25.270000000000003,0,2,2019,12,13.106499999999997,11.725,10.6,12.5
GIO,18,14,2.2319999999999993,Alfa Romeo Racing,3.0,25.270000000000003,0,2,2019,12,6.036000000000001,12.181818181818182,14.0,12.1
KUB,19,20,3.7519999999999953,Williams,-1.0,25.270000000000003,0,2,2019,12,5.39500000000001,15.328125,16.2,15.9
GRO,20,9,1.4410000000000025,Haas F1 Team,0.0,25.270000000000003,0,2,2019,12,6.966999999999999,12.703125,15.2,15.7
LEC,1,1,0.0,Ferrari,0.0,16.770000000000003,0,0,2019,13,17.632999999999996,5.075757575757576,5.8,5.9
HAM,2,3,0.762999999999991,Mercedes,0.0,16.770000000000003,0,0,2019,13,,3.5303030303030303,3.4,4.7
BOT,3,4,0.8960000000000008,Mercedes,0.0,16.770000000000003,0,0,2019,13,,3.5303030303030303,6.0,4.7
VET,4,2,0.7479999999999905,Ferrari,0.0,16.770000000000003,0,0,2019,13,0.0,5.075757575757576,6.0,5.9
ALB,5,14,3.280000000000001,Red Bull Racing,3.0,16.770000000000003,0,0,2019,13,5.473499999999987,7.015151515151516,11.6,5.4
PER,6,9,2.1869999999999976,Racing Point,-2.0,16.770000000000003,0,0,2019,13,15.833999999999989,11.833333333333334,14.2,13.2
KVY,7,18,3.9989999999999952,Toro Rosso,1.0,16.770000000000003,0,0,2019,13,1.671999999999997,13.272727272727273,11.6,11.6
HUL,8,7,2.022999999999996,Renault,5.0,16.770000000000003,0,0,2019,13,,11.651515151515152,11.8,12.2
GAS,9,16,3.915999999999997,Toro Rosso,-3.0,16.770000000000003,0,0,2019,13,1.8299999999999983,13.272727272727273,8.2,11.6
STR,10,13,2.5279999999999916,Racing Point,3.0,16.770000000000003,0,0,2019,13,0.9449999999999932,11.833333333333334,12.2,13.2
NOR,11,12,2.3279999999999887,McLaren,-1.0,16.770000000000003,0,0,2019,13,1.7439999999999998,12.106060606060606,10.6,8.3
MAG,12,10,2.566999999999993,Haas F1 Team,-2.0,16.770000000000003,0,0,2019,13,3.7689999999999912,12.818181818181818,15.4,15.9
GRO,13,11,2.2779999999999916,Haas F1 Team,-2.0,16.770000000000003,0,0,2019,13,3.853999999999999,12.818181818181818,16.4,15.9
RIC,14,6,1.7379999999999995,Renault,4.0,16.770000000000003,0,0,2019,13,,11.651515151515152,12.6,12.2
RUS,15,19,5.028999999999996,Williams,-5.0,16.770000000000003,0,0,2019,13,3.1229999999999905,15.393939393939394,15.6,16.0
RAI,16,8,2.0379999999999967,Alfa Romeo Racing,-2.0,16.770000000000003,0,0,2019,13,,12.208333333333334,8.6,11.8
KUB,17,20,10.0,Williams,-20.0,16.770000000000003,0,0,2019,13,3.1069999999999993,15.393939393939394,16.4,16.0
GIO,18,15,3.117999999999995,Alfa Romeo Racing,3.0,16.770000000000003,0,0,2019,13,,12.208333333333334,15.0,11.8
SAI,19,17,3.9879999999999995,McLaren,-2.0,16.770000000000003,0,0,2019,13,13.840500000000006,12.106060606060606,6.0,8.3
VER,20,5,1.1709999999999923,Red Bull Racing,0.0,16.770000000000003,0,0,2019,13,,7.015151515151516,2.6,5.4
LEC,1,1,0.0,Ferrari,0.0,20.559999999999995,0,0,2019,14,0.16400000000000148,5.0,5.4,5.6
BOT,2,3,0.046999999999997044,Mercedes,0.0,20.559999999999995,0,0,2019,14,3.7404999999999973,3.5,6.2,4.9
HAM,3,2,0.03900000000000148,Mercedes,0.0,20.559999999999995,0,0,2019,14,3.5919999999999845,3.5,3.6,4.9
RIC,4,5,0.5319999999999965,Renault,0.0,20.559999999999995,0,0,2019,14,0.5759999999999934,11.632352941176471,13.2,12.5
HUL,5,6,0.7420000000000044,Renault,0.0,20.559999999999995,0,0,2019,14,0.9975000000000023,11.632352941176471,11.8,12.5
ALB,6,8,0.7139999999999986,Red Bull Racing,0.0,20.559999999999995,0,0,2019,14,2.215999999999994,7.176470588235294,9.6,6.5
PER,7,17,1.9839999999999947,Racing Point,1.0,20.559999999999995,0,0,2019,14,0.9855000000000018,11.659090909090908,13.0,12.3
VER,8,20,10.0,Red Bull Racing,-1.0,20.559999999999995,0,0,2019,14,0.012999999999991019,7.176470588235294,5.8,6.5
GIO,9,11,1.2099999999999937,Alfa Romeo Racing,-1.0,20.559999999999995,0,0,2019,14,1.0655000000000001,12.576923076923077,15.4,12.9
NOR,10,14,1.7609999999999957,McLaren,2.0,20.559999999999995,0,0,2019,14,4.923000000000002,12.191176470588236,11.0,9.8
GAS,11,15,1.8179999999999978,Toro Rosso,2.0,20.559999999999995,0,0,2019,14,2.7680000000000007,13.117647058823529,8.0,10.3
STR,12,9,1.1910000000000025,Racing Point,0.0,20.559999999999995,0,0,2019,14,1.2749999999999915,11.659090909090908,11.6,12.3
VET,13,4,0.14999999999999147,Ferrari,0.0,20.559999999999995,0,0,2019,14,0.0,5.0,5.8,5.6
RUS,14,18,2.492999999999995,Williams,-4.0,20.559999999999995,0,0,2019,14,13.699999999999989,15.411764705882353,14.8,15.5
RAI,15,10,1.2079999999999984,Alfa Romeo Racing,-10.0,20.559999999999995,0,0,2019,14,1.3619999999999948,12.576923076923077,10.4,12.9
GRO,16,16,1.4770000000000039,Haas F1 Team,-3.0,20.559999999999995,0,0,2019,14,2.1569999999999965,12.808823529411764,15.0,14.7
KUB,17,19,3.0489999999999924,Williams,-4.0,20.559999999999995,0,0,2019,14,4.116,15.411764705882353,16.2,15.5
MAG,18,12,1.3079999999999927,Haas F1 Team,-1.0,20.559999999999995,0,0,2019,14,1.9249999999999972,12.808823529411764,14.4,14.7
KVY,19,13,1.3229999999999933,Toro Rosso,-1.0,20.559999999999995,0,0,2019,14,1.1370000000000005,13.117647058823529,10.2,10.3
SAI,20,7,1.1479999999999961,McLaren,0.0,20.559999999999995,0,0,2019,14,1.1400000000000006,12.191176470588236,8.6,9.8
VET,1,3,0.21999999999999886,Ferrari,0.0,30.03,0,1,2019,15,11.37100000000001,5.057142857142857,7.6,6.4
LEC,2,1,0.0,Ferrari,0.0,30.03,0,1,2019,15,22.861000000000004,5.057142857142857,5.2,6.4
VER,3,4,0.5960000000000036,Red Bull Racing,0.0,30.03,0,1,2019,15,,7.171428571428572,7.2,7.1
HAM,4,2,0.1910000000000025,Mercedes,0.0,30.03,0,1,2019,15,0.0,3.4714285714285715,3.2,4.6
BOT,5,5,0.929000000000002,Mercedes,0.0,30.03,0,1,2019,15,21.191000000000003,3.4714285714285715,6.0,4.6
ALB,6,6,1.1940000000000026,Red Bull Racing,0.0,30.03,0,1,2019,15,1.3780000000000001,7.171428571428572,7.8,7.1
NOR,7,9,2.1119999999999948,McLaren,0.0,30.03,0,1,2019,15,,12.271428571428572,11.8,11.4
GAS,8,12,2.4819999999999993,Toro Rosso,-1.0,30.03,0,1,2019,15,,13.17142857142857,8.8,10.1
HUL,9,8,2.046999999999997,Renault,0.0,30.03,0,1,2019,15,35.20000000000002,11.428571428571429,10.2,10.9
GIO,10,11,2.480000000000004,Alfa Romeo Racing,-1.0,30.03,0,1,2019,15,2.2660000000000053,12.535714285714286,15.2,13.4
GRO,11,17,4.060000000000002,Haas F1 Team,0.0,30.03,0,1,2019,15,2.616000000000014,12.928571428571429,15.0,14.6
SAI,12,7,1.600999999999999,McLaren,0.0,30.03,0,1,2019,15,0.37700000000000955,12.271428571428572,11.0,11.4
STR,13,16,3.7620000000000005,Racing Point,0.0,30.03,0,1,2019,15,,11.565217391304348,11.2,11.7
RIC,14,20,10.0,Renault,0.0,30.03,0,1,2019,15,,11.428571428571429,11.6,10.9
KVY,15,15,3.739999999999995,Toro Rosso,-1.0,30.03,0,1,2019,15,,13.17142857142857,10.6,10.1
KUB,16,19,4.969000000000008,Williams,0.0,30.03,0,1,2019,15,,15.414285714285715,15.6,14.8
MAG,17,14,3.433000000000007,Haas F1 Team,-1.0,30.03,0,1,2019,15,,12.928571428571429,14.2,14.6
RAI,18,13,2.6410000000000053,Alfa Romeo Racing,-1.0,30.03,0,1,2019,15,,12.535714285714286,11.6,13.4
PER,19,10,2.3029999999999973,Racing Point,5.0,30.03,0,1,2019,15,,11.565217391304348,12.2,11.7
RUS,20,18,4.650000000000006,Williams,0.0,30.03,0,1,2019,15,1.8060000000000116,15.414285714285715,14.0,14.8
HAM,1,2,0.402000000000001,Mercedes,0.0,21.729999999999997,0,2,2019,16,12.643999999999991,3.5,3.8,5.2
BOT,2,5,1.0040000000000049,Mercedes,-1.0,21.729999999999997,0,2,2019,16,16.151999999999987,3.5,6.6,5.2
LEC,3,1,0.0,Ferrari,0.0,21.729999999999997,0,2,2019,16,0.7154999999999916,4.958333333333333,5.0,4.8
VER,4,4,0.6820000000000022,Red Bull Racing,5.0,21.729999999999997,0,2,2019,16,1.043999999999997,7.097222222222222,6.8,7.1
ALB,5,19,7.569000000000003,Red Bull Racing,-19.0,21.729999999999997,0,2,2019,16,6.707499999999996,7.097222222222222,6.6,7.1
SAI,6,6,1.593999999999994,McLaren,-1.0,21.729999999999997,0,2,2019,16,11.527500000000003,12.194444444444445,12.2,11.6
PER,7,12,2.3299999999999983,Racing Point,-1.0,21.729999999999997,0,2,2019,16,28.747,11.75,12.6,11.9
NOR,8,8,1.6730000000000018,McLaren,-1.0,21.729999999999997,0,2,2019,16,2.4639999999999986,12.194444444444445,11.0,11.6
MAG,9,14,2.4539999999999935,Haas F1 Team,-1.0,21.729999999999997,0,2,2019,16,2.5729999999999933,12.958333333333334,13.6,13.5
HUL,10,7,1.6610000000000014,Renault,-1.0,21.729999999999997,0,2,2019,16,27.806499999999986,11.430555555555555,10.0,11.5
STR,11,15,2.605000000000004,Racing Point,-1.0,21.729999999999997,0,2,2019,16,27.608999999999995,11.75,11.2,11.9
KVY,12,20,7.915999999999997,Toro Rosso,-1.0,21.729999999999997,0,2,2019,16,,13.125,11.8,10.3
RAI,13,16,3.2120000000000033,Alfa Romeo Racing,-1.0,21.729999999999997,0,2,2019,16,27.28349999999999,12.633333333333333,13.6,13.6
GAS,14,11,2.3220000000000027,Toro Rosso,5.0,21.729999999999997,0,2,2019,16,35.815,13.125,9.6,10.3
GIO,15,13,2.409000000000006,Alfa Romeo Racing,-1.0,21.729999999999997,0,2,2019,16,,12.633333333333333,13.6,13.6
KUB,16,18,4.846000000000004,Williams,0.0,21.729999999999997,0,2,2019,16,13.052499999999995,15.48611111111111,15.8,15.5
RUS,17,17,3.7279999999999944,Williams,0.0,21.729999999999997,0,2,2019,16,2.975999999999999,15.48611111111111,15.2,15.5
VET,18,3,0.42499999999999716,Ferrari,0.0,21.729999999999997,0,2,2019,16,0.0,4.958333333333333,4.6,4.8
RIC,19,10,2.0330000000000013,Renault,0.0,21.729999999999997,0,2,2019,16,2.394999999999996,11.430555555555555,13.0,11.5
GRO,20,9,1.8889999999999958,Haas F1 Team,-1.0,21.729999999999997,0,2,2019,16,2.4919999999999902,12.958333333333334,13.4,13.5
BOT,1,3,0.22900000000001342,Mercedes,0.0,21.95,0,2,2019,17,,3.445945945945946,4.0,3.1
VET,2,1,0.0,Ferrari,0.0,21.95,0,2,2019,17,,5.108108108108108,7.8,5.0
HAM,3,4,0.23800000000001376,Mercedes,0.0,21.95,0,2,2019,17,,3.445945945945946,2.2,3.1
ALB,4,6,0.7870000000000061,Red Bull Racing,0.0,21.95,0,2,2019,17,,7.027027027027027,6.4,6.5
SAI,5,7,1.240000000000009,McLaren,0.0,21.95,0,2,2019,17,,12.054054054054054,12.4,10.7
LEC,6,2,0.18900000000000716,Ferrari,0.0,21.95,0,2,2019,17,,5.108108108108108,2.2,5.0
GAS,7,9,1.7720000000000056,Toro Rosso,0.0,21.95,0,2,2019,17,,13.121621621621621,9.6,12.0
PER,8,17,3.280000000000001,Racing Point,0.0,21.95,0,2,2019,17,,11.64,10.0,11.3
STR,9,12,2.281000000000006,Racing Point,0.0,21.95,0,2,2019,17,,11.64,12.6,11.3
KVY,10,14,2.4990000000000094,Toro Rosso,0.0,21.95,0,2,2019,17,,13.121621621621621,13.6,12.0
NOR,11,8,1.4000000000000057,McLaren,0.0,21.95,0,2,2019,17,,12.054054054054054,9.0,10.7
RAI,12,13,2.294000000000011,Alfa Romeo Racing,0.0,21.95,0,2,2019,17,,12.71875,13.8,13.9
GRO,13,10,2.277000000000001,Haas F1 Team,0.0,21.95,0,2,2019,17,,13.0,16.0,14.9
GIO,14,11,2.190000000000012,Alfa Romeo Racing,0.0,21.95,0,2,2019,17,,12.71875,14.0,13.9
MAG,15,19,10.0,Haas F1 Team,0.0,21.95,0,2,2019,17,,13.0,13.8,14.9
RUS,16,18,3.3000000000000114,Williams,0.0,21.95,0,2,2019,17,,15.513513513513514,16.4,16.7
KUB,17,20,10.0,Williams,-20.0,21.95,0,2,2019,17,,15.513513513513514,17.0,16.7
VER,18,5,0.7870000000000061,Red Bull Racing,0.0,21.95,0,2,2019,17,,7.027027027027027,7.4,6.5
RIC,19,16,2.7580000000000098,Renault,0.0,21.95,0,2,2019,17,,11.513513513513514,13.0,10.9
HUL,20,15,3.048000000000002,Renault,0.0,21.95,0,2,2019,17,,11.513513513513514,8.8,10.9
HAM,1,4,0.5040000000000049,Mercedes,-1.0,22.1,0,2,2019,18,3.402499999999989,3.4078947368421053,2.6,2.6
VET,2,3,0.41200000000000614,Ferrari,-1.0,22.1,0,2,2019,18,0.3469999999999942,5.078947368421052,7.6,5.1
BOT,3,6,0.5799999999999983,Mercedes,0.0,22.1,0,2,2019,18,2.021499999999989,3.4078947368421053,2.6,2.6
LEC,4,2,0.26600000000000534,Ferrari,-1.0,22.1,0,2,2019,18,1.0509999999999877,5.078947368421052,2.6,5.1
ALB,5,5,0.578000000000003,Red Bull Racing,0.0,22.1,0,2,2019,18,10.971999999999994,7.131578947368421,5.2,7.9
VER,6,1,0.0,Red Bull Racing,3.0,22.1,0,2,2019,18,,7.131578947368421,10.6,7.9
PER,7,11,1.929000000000002,Racing Point,0.0,22.1,0,2,2019,18,1.36399999999999,11.51923076923077,9.4,10.2
RIC,8,13,2.1750000000000114,Renault,0.0,22.1,0,2,2019,18,,11.723684210526315,14.0,12.2
GAS,9,10,1.828000000000003,Toro Rosso,0.0,22.1,0,2,2019,18,0.0,13.0,9.8,11.2
HUL,10,12,2.1270000000000095,Renault,0.0,22.1,0,2,2019,18,,11.723684210526315,10.4,12.2
KVY,11,9,1.7109999999999985,Toro Rosso,0.0,22.1,0,2,2019,18,2.3859999999999957,13.0,12.6,11.2
STR,12,16,3.307000000000002,Racing Point,0.0,22.1,0,2,2019,18,,11.51923076923077,11.0,10.2
SAI,13,7,1.2560000000000002,McLaren,0.0,22.1,0,2,2019,18,1.9009999999999962,11.947368421052632,12.4,10.9
GIO,14,15,2.51100000000001,Alfa Romeo Racing,0.0,22.1,0,2,2019,18,,12.735294117647058,13.2,14.0
MAG,15,17,3.6780000000000115,Haas F1 Team,0.0,22.1,0,2,2019,18,,13.026315789473685,14.2,14.4
RUS,16,19,4.064999999999998,Williams,0.0,22.1,0,2,2019,18,4.598499999999987,15.539473684210526,16.4,16.5
GRO,17,18,3.841000000000008,Haas F1 Team,0.0,22.1,0,2,2019,18,1.5349999999999966,13.026315789473685,14.6,14.4
KUB,18,20,5.4210000000000065,Williams,0.0,22.1,0,2,2019,18,5.550499999999985,15.539473684210526,16.6,16.5
RAI,19,14,2.209000000000003,Alfa Romeo Racing,0.0,22.1,0,2,2019,18,11.627499999999984,12.735294117647058,14.8,14.0
NOR,20,8,1.5640000000000072,McLaren,0.0,22.1,0,2,2019,18,5.6854999999999905,11.947368421052632,9.4,10.9
BOT,1,1,0.0,Mercedes,0.0,20.8,0,2,2019,19,16.00999999999999,3.371794871794872,2.6,2.5
HAM,2,5,0.2920000000000016,Mercedes,0.0,20.8,0,2,2019,19,20.978499999999997,3.371794871794872,2.4,2.5
VER,3,3,0.06700000000000728,Red Bull Racing,0.0,20.8,0,2,2019,19,0.0,7.089743589743589,7.8,6.5
LEC,4,4,0.10800000000000409,Ferrari,0.0,20.8,0,2,2019,19,,5.0256410256410255,3.2,5.2
ALB,5,6,0.5190000000000055,Red Bull Racing,0.0,20.8,0,2,2019,19,1.117999999999995,7.089743589743589,5.2,6.5
RIC,6,9,1.4590000000000032,Renault,0.0,20.8,0,2,2019,19,2.411999999999992,11.653846153846153,12.8,11.8
NOR,7,8,1.1460000000000008,McLaren,0.0,20.8,0,2,2019,19,1.6779999999999973,12.064102564102564,11.2,11.2
SAI,8,7,0.8179999999999978,McLaren,0.0,20.8,0,2,2019,19,11.539999999999992,12.064102564102564,11.2,11.2
HUL,9,11,1.7860000000000014,Renault,0.0,20.8,0,2,2019,19,1.2014999999999958,11.653846153846153,10.8,11.8
PER,10,19,3.7790000000000106,Racing Point,-19.0,20.8,0,2,2019,19,5.537499999999994,11.444444444444445,9.6,10.5
RAI,11,17,2.3400000000000034,Alfa Romeo Racing,0.0,20.8,0,2,2019,19,1.8379999999999939,12.944444444444445,15.4,13.9
KVY,12,13,1.960000000000008,Toro Rosso,0.0,20.8,0,2,2019,19,1.9200000000000017,12.923076923076923,13.4,11.6
STR,13,14,2.070999999999998,Racing Point,0.0,20.8,0,2,2019,19,2.6140000000000043,11.444444444444445,11.4,10.5
GIO,14,16,2.1970000000000027,Alfa Romeo Racing,0.0,20.8,0,2,2019,19,2.0224999999999937,12.944444444444445,12.4,13.9
GRO,15,15,2.129000000000005,Haas F1 Team,0.0,20.8,0,2,2019,19,1.6189999999999998,13.102564102564102,15.4,15.1
GAS,16,10,1.5720000000000027,Toro Rosso,0.0,20.8,0,2,2019,19,2.3795000000000073,12.923076923076923,9.8,11.6
RUS,17,18,3.3430000000000035,Williams,0.0,20.8,0,2,2019,19,3.0360000000000014,15.576923076923077,16.6,16.7
MAG,18,12,1.9500000000000028,Haas F1 Team,0.0,20.8,0,2,2019,19,1.4300000000000068,13.102564102564102,14.8,15.1
KUB,19,20,3.8599999999999994,Williams,-1.0,20.8,0,2,2019,19,3.616500000000002,15.576923076923077,16.8,16.7
VET,20,2,0.012000000000000455,Ferrari,0.0,20.8,0,2,2019,19,0.41100000000000136,5.0256410256410255,7.2,5.2
VER,1,1,0.0,Red Bull Racing,0.0,21.13,0,2,2019,20,0.0,7.0125,6.8,5.9
GAS,2,7,1.3290000000000077,Toro Rosso,-1.0,21.13,0,2,2019,20,1.0689999999999884,12.95,10.8,11.4
SAI,3,20,10.0,McLaren,0.0,21.13,0,2,2019,20,10.816500000000005,11.95,8.8,9.7
RAI,4,9,1.475999999999999,Alfa Romeo Racing,-1.0,21.13,0,2,2019,20,1.7534999999999883,12.921052631578947,14.6,14.0
GIO,5,13,1.4110000000000014,Alfa Romeo Racing,-1.0,21.13,0,2,2019,20,2.184999999999988,12.921052631578947,13.4,14.0
RIC,6,12,1.3950000000000102,Renault,-1.0,21.13,0,2,2019,20,1.6059999999999945,11.55,13.2,12.4
HAM,7,3,0.1910000000000025,Mercedes,0.0,21.13,0,2,2019,20,1.563999999999993,3.325,2.2,2.3
NOR,8,11,1.3599999999999994,McLaren,-1.0,21.13,0,2,2019,20,8.781999999999996,11.95,10.6,9.7
PER,9,15,1.527000000000001,Racing Point,0.0,21.13,0,2,2019,20,20.608999999999995,11.446428571428571,10.2,10.9
KVY,10,16,1.8119999999999976,Toro Rosso,0.0,21.13,0,2,2019,20,14.137999999999991,12.95,12.0,11.4
MAG,11,10,1.5290000000000106,Haas F1 Team,-1.0,21.13,0,2,2019,20,3.2594999999999885,13.1875,14.8,15.0
RUS,12,18,2.618000000000009,Williams,0.0,21.13,0,2,2019,20,3.350999999999985,15.6375,17.2,17.2
GRO,13,8,1.3460000000000036,Haas F1 Team,-1.0,21.13,0,2,2019,20,2.9989999999999952,13.1875,15.2,15.0
ALB,14,6,0.4270000000000067,Red Bull Racing,-1.0,21.13,0,2,2019,20,1.1589999999999918,7.0125,5.0,5.9
HUL,15,14,1.413000000000011,Renault,-1.0,21.13,0,2,2019,20,1.141999999999996,11.55,11.6,12.4
KUB,16,19,3.1060000000000088,Williams,0.0,21.13,0,2,2019,20,5.031499999999994,15.6375,17.2,17.2
VET,17,2,0.12300000000000466,Ferrari,0.0,21.13,0,2,2019,20,3.9769999999999897,5.2,8.6,6.2
LEC,18,4,0.21999999999999886,Ferrari,10.0,21.13,0,2,2019,20,3.844999999999999,5.2,3.8,6.2
STR,19,17,2.028000000000006,Racing Point,0.0,21.13,0,2,2019,20,14.568999999999988,11.446428571428571,11.6,10.9
BOT,20,5,0.36599999999999966,Mercedes,-1.0,21.13,0,2,2019,20,23.316999999999993,3.325,2.4,2.3
HAM,1,1,0.0,Mercedes,0.0,27.389999999999997,0,2,2019,21,0.0,3.573170731707317,2.8,4.1
VER,2,3,0.35999999999999943,Red Bull Racing,-1.0,27.389999999999997,0,2,2019,21,15.267499999999998,7.024390243902439,6.4,6.5
LEC,3,4,0.4399999999999977,Ferrari,-1.0,27.389999999999997,0,2,2019,21,0.028999999999996362,5.5,7.0,9.4
BOT,4,2,0.19400000000000261,Mercedes,18.0,27.389999999999997,0,2,2019,21,34.937,3.573170731707317,5.4,4.1
VET,5,5,0.5600000000000023,Ferrari,-1.0,27.389999999999997,0,2,2019,21,,5.5,11.8,9.4
ALB,6,6,0.9030000000000058,Red Bull Racing,-1.0,27.389999999999997,0,2,2019,21,24.602500000000006,7.024390243902439,6.6,6.5
PER,7,11,2.2760000000000105,Racing Point,-1.0,27.389999999999997,0,2,2019,21,21.590500000000006,11.53448275862069,8.2,10.5
NOR,8,7,1.6570000000000107,McLaren,-1.0,27.389999999999997,0,2,2019,21,2.680000000000007,11.792682926829269,10.8,8.9
KVY,9,14,2.362000000000009,Toro Rosso,-1.0,27.389999999999997,0,2,2019,21,3.668999999999997,12.78048780487805,11.0,10.3
SAI,10,9,1.6800000000000068,McLaren,-1.0,27.389999999999997,0,2,2019,21,4.486500000000007,11.792682926829269,7.0,8.9
RIC,11,8,1.6770000000000067,Renault,-1.0,27.389999999999997,0,2,2019,21,16.933000000000007,11.524390243902438,11.6,12.2
HUL,12,10,1.9309999999999974,Renault,-1.0,27.389999999999997,0,2,2019,21,25.372500000000016,11.524390243902438,12.8,12.2
RAI,13,18,3.603999999999999,Alfa Romeo Racing,-1.0,27.389999999999997,0,2,2019,21,2.9435000000000002,12.5,11.8,12.1
MAG,14,15,2.4750000000000085,Haas F1 Team,-1.0,27.389999999999997,0,2,2019,21,6.659999999999997,13.158536585365853,13.6,14.6
GRO,15,16,3.2720000000000056,Haas F1 Team,-1.0,27.389999999999997,0,2,2019,21,1.0,13.158536585365853,15.6,14.6
GIO,16,17,3.335000000000008,Alfa Romeo Racing,-1.0,27.389999999999997,0,2,2019,21,22.5595,12.5,12.4,12.1
RUS,17,19,3.9380000000000024,Williams,-1.0,27.389999999999997,0,2,2019,21,21.667500000000004,15.597560975609756,15.6,16.4
GAS,18,12,2.3100000000000023,Toro Rosso,-1.0,27.389999999999997,0,2,2019,21,10.561999999999998,12.78048780487805,9.6,10.3
KUB,19,20,4.457000000000008,Williams,-1.0,27.389999999999997,0,2,2019,21,15.381500000000003,15.597560975609756,17.2,16.4
STR,20,13,2.323999999999998,Racing Point,-1.0,27.389999999999997,0,2,2019,21,2.4059999999999917,11.53448275862069,12.8,10.5
BOT,1,1,0.0,Mercedes,0.0,27.620000000000005,0,0,2020,1,12.868499999999997,3.5476190476190474,5.8,4.3
LEC,2,7,0.9840000000000018,Ferrari,0.0,27.620000000000005,0,0,2020,1,3.0264999999999986,5.464285714285714,7.0,8.1
NOR,3,4,0.6869999999999976,McLaren,-1.0,27.620000000000005,0,0,2020,1,15.266499999999994,11.726190476190476,10.8,9.3
HAM,4,2,0.012000000000000455,Mercedes,3.0,27.620000000000005,0,0,2020,1,7.685999999999993,3.5476190476190474,2.8,4.3
SAI,5,8,1.0319999999999965,McLaren,0.0,27.620000000000005,0,0,2020,1,9.211500000000001,11.726190476190476,7.8,9.3
PER,6,6,0.929000000000002,Racing Point,0.0,27.620000000000005,0,0,2020,1,9.04249999999999,11.6,8.2,11.4
GAS,7,12,1.3660000000000068,AlphaTauri,0.0,27.620000000000005,0,0,2020,1,2.5289999999999964,,10.4,
OCO,8,14,1.7040000000000006,Renault,0.0,27.620000000000005,0,0,2020,1,16.9255,11.523809523809524,14.2,11.6
GIO,9,18,2.235999999999997,Alfa Romeo Racing,0.0,27.620000000000005,0,0,2020,1,16.501499999999993,12.595238095238095,12.6,12.2
VET,10,11,1.267000000000003,Ferrari,0.0,27.620000000000005,0,0,2020,1,0.08599999999999852,5.464285714285714,9.2,8.1
LAT,11,20,2.818000000000005,Williams,0.0,27.620000000000005,0,0,2020,1,14.676999999999992,15.654761904761905,,16.7
KVY,12,13,1.4919999999999973,AlphaTauri,0.0,27.620000000000005,0,0,2020,1,2.866499999999988,,10.4,
ALB,13,5,0.929000000000002,Red Bull Racing,-1.0,27.620000000000005,0,0,2020,1,19.476,6.9523809523809526,6.8,6.4
RAI,14,19,2.2850000000000037,Alfa Romeo Racing,0.0,27.620000000000005,0,0,2020,1,18.369499999999988,12.595238095238095,11.8,12.2
RUS,15,17,2.2280000000000015,Williams,0.0,27.620000000000005,0,0,2020,1,3.0604999999999905,15.654761904761905,15.6,16.7
GRO,16,15,1.7520000000000024,Haas F1 Team,0.0,27.620000000000005,0,0,2020,1,16.08,13.19047619047619,14.6,14.6
MAG,17,16,2.2250000000000014,Haas F1 Team,0.0,27.620000000000005,0,0,2020,1,16.2855,13.19047619047619,14.6,14.6
STR,18,9,1.0899999999999963,Racing Point,0.0,27.620000000000005,0,0,2020,1,0.21949999999999648,11.6,14.6,11.4
RIC,19,10,1.3000000000000043,Renault,0.0,27.620000000000005,0,0,2020,1,0.0,11.523809523809524,10.0,11.6
VER,20,3,0.5379999999999967,Red Bull Racing,-1.0,27.620000000000005,0,0,2020,1,0.20749999999999602,6.9523809523809526,6.0,6.4
HAM,1,1,0.0,Mercedes,0.0,20.39,0,0,2020,2,,3.5232558139534884,3.0,4.4
BOT,2,4,1.4279999999999973,Mercedes,0.0,20.39,0,0,2020,2,,3.5232558139534884,5.8,4.4
VER,3,2,1.2160000000000082,Red Bull Racing,0.0,20.39,0,0,2020,2,,7.174418604651163,6.4,7.5
ALB,4,7,1.7379999999999995,Red Bull Racing,-1.0,20.39,0,0,2020,2,,7.174418604651163,8.6,7.5
NOR,5,6,1.652000000000001,McLaren,3.0,20.39,0,0,2020,2,,11.546511627906977,9.2,8.5
PER,6,17,2.334000000000003,Racing Point,0.0,20.39,0,0,2020,2,,11.612903225806452,7.8,12.1
STR,7,13,0.3719999999999999,Racing Point,-1.0,20.39,0,0,2020,2,,11.612903225806452,16.4,12.1
RIC,8,9,1.918999999999997,Renault,-1.0,20.39,0,0,2020,2,,11.569767441860465,10.0,10.4
SAI,9,3,1.3980000000000103,McLaren,0.0,20.39,0,0,2020,2,,11.546511627906977,7.8,8.5
KVY,10,14,0.4440000000000026,AlphaTauri,-1.0,20.39,0,0,2020,2,,9.5,10.8,9.5
RAI,11,16,1.8670000000000044,Alfa Romeo Racing,0.0,20.39,0,0,2020,2,,12.545454545454545,12.2,11.9
MAG,12,15,0.9380000000000024,Haas F1 Team,0.0,20.39,0,0,2020,2,,13.267441860465116,15.0,15.1
GRO,13,20,10.0,Haas F1 Team,-20.0,20.39,0,0,2020,2,,13.267441860465116,15.2,15.1
GIO,14,19,2.558000000000007,Alfa Romeo Racing,0.0,20.39,0,0,2020,2,,12.545454545454545,11.6,11.9
GAS,15,8,1.7550000000000097,AlphaTauri,-1.0,20.39,0,0,2020,2,,9.5,10.4,9.5
RUS,16,12,0.36299999999999955,Williams,-1.0,20.39,0,0,2020,2,,15.593023255813954,15.4,16.0
LAT,17,18,2.486000000000004,Williams,0.0,20.39,0,0,2020,2,,15.593023255813954,11.0,16.0
OCO,18,5,1.649000000000001,Renault,0.0,20.39,0,0,2020,2,,11.569767441860465,14.0,10.4
LEC,19,11,0.355000000000004,Ferrari,3.0,20.39,0,0,2020,2,,5.476744186046512,6.2,8.5
VET,20,10,2.378,Ferrari,0.0,20.39,0,0,2020,2,,5.476744186046512,10.8,8.5
HAM,1,1,0.0,Mercedes,0.0,20.509999999999998,1,2,2020,3,7.541499999999999,3.477272727272727,3.0,4.3
VER,2,7,1.402000000000001,Red Bull Racing,0.0,20.509999999999998,1,2,2020,3,16.317499999999995,7.090909090909091,5.8,7.1
BOT,3,2,0.10699999999999932,Mercedes,0.0,20.509999999999998,1,2,2020,3,3.753,3.477272727272727,5.6,4.3
STR,4,3,0.9299999999999926,Racing Point,0.0,20.509999999999998,1,2,2020,3,19.269999999999996,11.453125,15.4,11.5
ALB,5,13,2.2680000000000007,Red Bull Racing,0.0,20.509999999999998,1,2,2020,3,5.180999999999997,7.090909090909091,8.4,7.1
VET,6,5,1.3269999999999982,Ferrari,0.0,20.509999999999998,1,2,2020,3,0.12699999999999534,5.795454545454546,14.4,11.8
PER,7,4,1.097999999999999,Racing Point,0.0,20.509999999999998,1,2,2020,3,31.046000000000006,11.453125,7.6,11.5
RIC,8,11,2.2139999999999986,Renault,0.0,20.509999999999998,1,2,2020,3,0.01099999999999568,11.602272727272727,10.0,11.2
SAI,9,9,1.5799999999999983,McLaren,0.0,20.509999999999998,1,2,2020,3,14.603499999999997,11.443181818181818,7.0,6.6
MAG,10,16,2.7049999999999983,Haas F1 Team,-16.0,20.509999999999998,1,2,2020,3,0.0,13.25,14.4,14.4
LEC,11,6,1.3699999999999903,Ferrari,0.0,20.509999999999998,1,2,2020,3,0.036000000000001364,5.795454545454546,9.2,11.8
KVY,12,17,2.756999999999991,AlphaTauri,0.0,20.509999999999998,1,2,2020,3,1.3464999999999918,11.0,10.6,11.0
NOR,13,8,1.5189999999999912,McLaren,0.0,20.509999999999998,1,2,2020,3,2.5999999999999943,11.443181818181818,6.2,6.6
OCO,14,14,2.2950000000000017,Renault,0.0,20.509999999999998,1,2,2020,3,17.914,11.602272727272727,13.8,11.2
RAI,15,20,3.1670000000000016,Alfa Romeo Racing,0.0,20.509999999999998,1,2,2020,3,12.775000000000006,12.543478260869565,10.6,11.1
GRO,16,18,2.9599999999999937,Haas F1 Team,-18.0,20.509999999999998,1,2,2020,3,0.7060000000000031,13.25,14.4,14.4
GIO,17,19,3.0589999999999975,Alfa Romeo Racing,0.0,20.509999999999998,1,2,2020,3,0.9939999999999998,12.543478260869565,11.6,11.1
RUS,18,12,2.2509999999999906,Williams,0.0,20.509999999999998,1,2,2020,3,19.884500000000003,15.613636363636363,15.4,15.9
LAT,19,15,3.096999999999994,Williams,0.0,20.509999999999998,1,2,2020,3,0.6470000000000056,15.613636363636363,14.0,15.9
GAS,20,10,2.060999999999993,AlphaTauri,0.0,20.509999999999998,1,2,2020,3,0.2435000000000116,11.0,11.6,11.0
HAM,1,1,0.0,Mercedes,0.0,21.029999999999998,0,0,2020,4,28.26599999999999,3.4444444444444446,2.8,4.4
VER,2,3,1.0220000000000056,Red Bull Racing,0.0,21.029999999999998,0,0,2020,4,17.609999999999985,7.011111111111111,5.6,7.0
LEC,3,4,1.1240000000000094,Ferrari,0.0,21.029999999999998,0,0,2020,4,13.953999999999994,5.855555555555555,10.6,11.1
RIC,4,8,1.706000000000003,Renault,0.0,21.029999999999998,0,0,2020,4,0.31799999999999784,11.588888888888889,10.4,11.9
NOR,5,5,1.4789999999999992,McLaren,0.0,21.029999999999998,0,0,2020,4,3.945999999999998,11.433333333333334,7.4,7.3
OCO,6,9,1.906000000000006,Renault,0.0,21.029999999999998,0,0,2020,4,0.0,11.588888888888889,14.4,11.9
GAS,7,11,2.1980000000000075,AlphaTauri,0.0,21.029999999999998,0,0,2020,4,2.597999999999999,12.666666666666666,12.4,12.666666666666666
ALB,8,12,2.2420000000000044,Red Bull Racing,0.0,21.029999999999998,0,0,2020,4,13.05850000000001,7.011111111111111,8.4,7.0
STR,9,6,1.5360000000000014,Racing Point,0.0,21.029999999999998,0,0,2020,4,29.188000000000002,11.272727272727273,13.6,10.3
VET,10,10,2.0360000000000014,Ferrari,0.0,21.029999999999998,0,0,2020,4,3.9650000000000034,5.855555555555555,11.6,11.1
BOT,11,2,0.3130000000000024,Mercedes,0.0,21.029999999999998,0,0,2020,4,11.918999999999997,3.4444444444444446,6.0,4.4
RUS,12,15,2.7890000000000015,Williams,5.0,21.029999999999998,0,0,2020,4,1.1119999999999948,15.677777777777777,15.6,16.0
SAI,13,7,1.6620000000000061,McLaren,0.0,21.029999999999998,0,0,2020,4,4.089499999999987,11.433333333333334,7.2,7.3
GIO,14,17,2.861000000000004,Alfa Romeo Racing,-2.0,21.029999999999998,0,0,2020,4,27.203000000000003,12.6875,12.2,11.8
LAT,15,20,3.402000000000001,Williams,-2.0,21.029999999999998,0,0,2020,4,3.567999999999998,15.677777777777777,15.666666666666666,16.0
GRO,16,19,3.3400000000000034,Haas F1 Team,-2.0,21.029999999999998,0,0,2020,4,2.7450000000000045,13.244444444444444,14.6,13.7
RAI,17,18,3.0630000000000024,Alfa Romeo Racing,-2.0,21.029999999999998,0,0,2020,4,13.283999999999992,12.6875,11.4,11.8
KVY,18,14,2.4410000000000025,AlphaTauri,5.0,21.029999999999998,0,0,2020,4,14.634999999999991,12.666666666666666,10.6,12.666666666666666
MAG,19,16,2.855000000000004,Haas F1 Team,-2.0,21.029999999999998,0,0,2020,4,16.9735,13.244444444444444,12.8,13.7
HUL,20,13,2.2630000000000052,Racing Point,0.0,21.029999999999998,0,0,2020,4,14.497500000000002,11.272727272727273,13.2,10.3
VER,1,4,1.0220000000000056,Red Bull Racing,0.0,23.750000000000004,0,0,2020,5,,6.967391304347826,5.8,6.5
HAM,2,2,0.06300000000000239,Mercedes,0.0,23.750000000000004,0,0,2020,5,,3.5,1.6,2.9
BOT,3,1,0.0,Mercedes,0.0,23.750000000000004,0,0,2020,5,42.655,3.5,4.2,2.9
LEC,4,8,1.460000000000008,Ferrari,0.0,23.750000000000004,0,0,2020,5,0.9119999999999919,5.869565217391305,7.6,8.9
ALB,5,9,1.5150000000000006,Red Bull Racing,0.0,23.750000000000004,0,0,2020,5,0.7920000000000016,6.967391304347826,7.2,6.5
STR,6,6,1.274000000000001,Racing Point,0.0,23.750000000000004,0,0,2020,5,29.286999999999992,11.367647058823529,11.6,10.4
HUL,7,3,0.9279999999999973,Racing Point,0.0,23.750000000000004,0,0,2020,5,30.542999999999992,11.367647058823529,13.2,10.4
OCO,8,11,1.8569999999999993,Renault,3.0,23.750000000000004,0,0,2020,5,34.465999999999994,11.445652173913043,12.6,10.8
NOR,9,10,1.6240000000000094,McLaren,0.0,23.750000000000004,0,0,2020,5,5.194999999999993,11.380434782608695,6.8,8.0
KVY,10,16,2.7280000000000086,AlphaTauri,0.0,23.750000000000004,0,0,2020,5,15.590499999999992,12.625,12.2,12.625
GAS,11,7,1.3800000000000097,AlphaTauri,0.0,23.750000000000004,0,0,2020,5,0.0,12.625,13.4,12.625
VET,12,12,1.9240000000000066,Ferrari,-1.0,23.750000000000004,0,0,2020,5,1.3340000000000032,5.869565217391305,10.2,8.9
SAI,13,13,1.929000000000002,McLaren,-1.0,23.750000000000004,0,0,2020,5,4.887500000000003,11.380434782608695,9.2,8.0
RIC,14,5,1.1430000000000007,Renault,0.0,23.750000000000004,0,0,2020,5,16.587999999999994,11.445652173913043,10.0,10.8
RAI,15,20,3.3389999999999986,Alfa Romeo Racing,0.0,23.750000000000004,0,0,2020,5,0.8190000000000026,12.8,14.0,14.0
GRO,16,14,2.1000000000000085,Haas F1 Team,-1.0,23.750000000000004,0,0,2020,5,18.0865,13.33695652173913,15.2,14.8
GIO,17,19,3.2790000000000106,Alfa Romeo Racing,0.0,23.750000000000004,0,0,2020,5,0.5100000000000051,12.8,14.0,14.0
RUS,18,15,2.301000000000002,Williams,0.0,23.750000000000004,0,0,2020,5,29.043499999999995,15.630434782608695,15.6,15.9
LAT,19,18,3.2760000000000105,Williams,0.0,23.750000000000004,0,0,2020,5,18.753,15.630434782608695,15.5,15.9
MAG,20,17,3.082000000000008,Haas F1 Team,0.0,23.750000000000004,0,0,2020,5,11.269000000000005,13.33695652173913,14.4,14.8
HAM,1,1,0.0,Mercedes,0.0,28.880000000000003,0,2,2020,6,,3.478723404255319,1.8,2.9
VER,2,3,0.7079999999999984,Red Bull Racing,0.0,28.880000000000003,0,2,2020,6,18.671999999999997,6.882978723404255,5.6,6.3
BOT,3,2,0.0589999999999975,Mercedes,0.0,28.880000000000003,0,2,2020,6,15.0685,3.478723404255319,4.0,2.9
STR,4,5,1.0049999999999955,Racing Point,0.0,28.880000000000003,0,2,2020,6,30.465999999999994,11.228571428571428,8.8,9.0
PER,5,4,0.8979999999999961,Racing Point,0.0,28.880000000000003,0,2,2020,6,33.278999999999996,11.228571428571428,7.0,9.0
SAI,6,7,1.4599999999999937,McLaren,0.0,28.880000000000003,0,2,2020,6,9.41449999999999,11.372340425531915,9.8,8.4
VET,7,11,1.5840000000000032,Ferrari,0.0,28.880000000000003,0,2,2020,6,14.620499999999993,5.914893617021277,11.6,9.7
ALB,8,6,1.4449999999999932,Red Bull Racing,0.0,28.880000000000003,0,2,2020,6,17.466499999999996,6.882978723404255,7.0,6.3
GAS,9,10,1.5519999999999925,AlphaTauri,0.0,28.880000000000003,0,2,2020,6,14.703999999999994,12.2,12.0,12.2
NOR,10,8,1.5,McLaren,0.0,28.880000000000003,0,2,2020,6,3.9054999999999893,11.372340425531915,7.0,8.4
RIC,11,13,1.61399999999999,Renault,0.0,28.880000000000003,0,2,2020,6,,11.436170212765957,10.6,10.7
KVY,12,12,1.6079999999999899,AlphaTauri,0.0,28.880000000000003,0,2,2020,6,20.322999999999993,12.2,12.4,12.2
OCO,13,15,1.9829999999999899,Renault,0.0,28.880000000000003,0,2,2020,6,23.41449999999999,11.436170212765957,10.8,10.7
RAI,14,14,1.8019999999999925,Alfa Romeo Racing,0.0,28.880000000000003,0,2,2020,6,1.6149999999999949,12.923076923076923,14.4,14.3
MAG,15,16,2.323999999999998,Haas F1 Team,0.0,28.880000000000003,0,2,2020,6,13.4315,13.436170212765957,15.6,15.5
GIO,16,20,3.1129999999999995,Alfa Romeo Racing,0.0,28.880000000000003,0,2,2020,6,,12.923076923076923,14.2,14.3
RUS,17,18,2.5150000000000006,Williams,0.0,28.880000000000003,0,2,2020,6,14.391499999999994,15.691489361702128,15.8,16.0
LAT,18,19,2.9479999999999933,Williams,0.0,28.880000000000003,0,2,2020,6,37.756,15.691489361702128,16.2,16.0
GRO,19,17,2.5049999999999955,Haas F1 Team,0.0,28.880000000000003,0,2,2020,6,0.0,13.436170212765957,15.4,15.5
LEC,20,9,1.5030000000000001,Ferrari,0.0,28.880000000000003,0,2,2020,6,10.290499999999994,5.914893617021277,7.8,9.7
HAM,1,1,0.0,Mercedes,0.0,17.65,0,0,2020,7,,3.4479166666666665,1.2,2.8
BOT,2,2,0.5110000000000099,Mercedes,0.0,17.65,0,0,2020,7,,3.4479166666666665,4.4,2.8
VER,3,3,0.5260000000000105,Red Bull Racing,0.0,17.65,0,0,2020,7,,6.84375,2.0,4.0
RIC,4,4,0.8090000000000117,Renault,0.0,17.65,0,0,2020,7,1.5679999999999978,11.447916666666666,9.0,10.4
OCO,5,6,1.1440000000000055,Renault,0.0,17.65,0,0,2020,7,,11.447916666666666,11.8,10.4
ALB,6,5,1.0120000000000005,Red Bull Racing,0.0,17.65,0,0,2020,7,1.3449999999999989,6.84375,6.0,4.0
NOR,7,10,1.4050000000000011,McLaren,0.0,17.65,0,0,2020,7,0.0,11.302083333333334,8.4,9.2
GAS,8,12,1.4930000000000092,AlphaTauri,0.0,17.65,0,0,2020,7,0.9499999999999886,11.916666666666666,12.4,12.4
STR,9,9,1.350999999999999,Racing Point,0.0,17.65,0,0,2020,7,1.2439999999999998,11.041666666666666,6.0,7.5
PER,10,8,1.2800000000000011,Racing Point,0.0,17.65,0,0,2020,7,0.931999999999988,11.041666666666666,6.2,7.5
KVY,11,11,1.4780000000000086,AlphaTauri,0.0,17.65,0,0,2020,7,1.9254999999999995,11.916666666666666,12.4,12.4
RAI,12,16,2.4909999999999997,Alfa Romeo Racing,0.0,17.65,0,0,2020,7,,13.0,14.4,15.0
VET,13,14,2.0090000000000003,Ferrari,0.0,17.65,0,0,2020,7,2.7039999999999935,6.072916666666667,11.0,11.2
LEC,14,13,1.7439999999999998,Ferrari,0.0,17.65,0,0,2020,7,1.8900000000000006,6.072916666666667,11.4,11.2
GRO,15,17,2.5859999999999985,Haas F1 Team,0.0,17.65,0,0,2020,7,2.9499999999999886,13.510416666666666,16.0,15.6
LAT,16,19,2.88600000000001,Williams,0.0,17.65,0,0,2020,7,,15.729166666666666,17.6,16.9
MAG,17,20,3.0619999999999976,Haas F1 Team,0.0,17.65,0,0,2020,7,14.710499999999996,13.510416666666666,15.2,15.6
GIO,18,18,2.6980000000000075,Alfa Romeo Racing,0.0,17.65,0,0,2020,7,2.1119999999999948,13.0,15.6,15.0
RUS,19,15,2.216000000000008,Williams,0.0,17.65,0,0,2020,7,1.7029999999999887,15.729166666666666,16.2,16.9
SAI,20,7,1.186000000000007,McLaren,0.0,17.65,0,0,2020,7,2.1969999999999885,11.302083333333334,10.0,9.2
GAS,1,10,1.2900000000000063,AlphaTauri,0.0,27.619999999999997,0,0,2020,8,8.773499999999999,11.571428571428571,11.0,11.8
SAI,2,3,0.8079999999999927,McLaren,0.0,27.619999999999997,0,0,2020,8,0.3884999999999934,11.346938775510203,12.2,10.5
STR,3,8,1.1620000000000061,Racing Point,0.0,27.619999999999997,0,0,2020,8,1.1550000000000011,11.0,6.4,8.1
NOR,4,6,0.9329999999999927,McLaren,0.0,27.619999999999997,0,0,2020,8,2.9375,11.346938775510203,8.8,10.5
BOT,5,2,0.06900000000000261,Mercedes,0.0,27.619999999999997,0,0,2020,8,11.773499999999999,3.4081632653061225,4.4,2.8
RIC,6,7,0.9770000000000039,Renault,0.0,27.619999999999997,0,0,2020,8,0.0,11.306122448979592,8.2,8.7
HAM,7,1,0.0,Mercedes,0.0,27.619999999999997,0,0,2020,8,,3.4081632653061225,1.2,2.8
OCO,8,12,1.3469999999999942,Renault,0.0,27.619999999999997,0,0,2020,8,0.5729999999999933,11.306122448979592,9.2,8.7
KVY,9,11,1.2819999999999965,AlphaTauri,0.0,27.619999999999997,0,0,2020,8,0.340999999999994,11.571428571428571,12.6,11.8
PER,10,4,0.8329999999999984,Racing Point,0.0,27.619999999999997,0,0,2020,8,11.433499999999995,11.0,6.8,8.1
LAT,11,20,2.8299999999999983,Williams,0.0,27.619999999999997,0,0,2020,8,1.722999999999999,15.76530612244898,17.4,17.1
GRO,12,16,2.2519999999999953,Haas F1 Team,0.0,27.619999999999997,0,0,2020,8,12.393500000000003,13.561224489795919,16.4,16.3
RAI,13,14,2.0390000000000015,Alfa Romeo Racing,0.0,27.619999999999997,0,0,2020,8,0.921999999999997,13.071428571428571,14.6,15.5
RUS,14,19,2.700000000000003,Williams,0.0,27.619999999999997,0,0,2020,8,2.581000000000003,15.76530612244898,16.8,17.1
ALB,15,9,1.203000000000003,Red Bull Racing,0.0,27.619999999999997,0,0,2020,8,0.8289999999999935,6.795918367346939,6.4,4.2
GIO,16,18,2.3190000000000026,Alfa Romeo Racing,0.0,27.619999999999997,0,0,2020,8,1.5390000000000015,13.071428571428571,16.4,15.5
VER,17,5,0.9080000000000013,Red Bull Racing,0.0,27.619999999999997,0,0,2020,8,0.10699999999999932,6.795918367346939,2.0,4.2
LEC,18,13,1.3859999999999957,Ferrari,0.0,27.619999999999997,0,0,2020,8,0.44199999999999307,6.224489795918367,10.4,10.0
MAG,19,15,2.685999999999993,Haas F1 Team,0.0,27.619999999999997,0,0,2020,8,2.355000000000004,13.561224489795919,16.2,16.3
VET,20,17,2.263999999999996,Ferrari,0.0,27.619999999999997,0,0,2020,8,0.6940000000000026,6.224489795918367,9.6,10.0
HAM,1,1,0.0,Mercedes,0.0,30.4,0,0,2020,9,,3.46,2.4,3.6
BOT,2,2,0.0589999999999975,Mercedes,0.0,30.4,0,0,2020,9,,3.46,4.8,3.6
ALB,3,4,0.8099999999999881,Red Bull Racing,0.0,30.4,0,0,2020,9,36.643,6.98,8.4,6.7
RIC,4,8,1.399000000000001,Renault,0.0,30.4,0,0,2020,9,1.8889999999999958,11.22,7.8,7.9
PER,5,6,1.1670000000000016,Racing Point,1.0,30.4,0,0,2020,9,27.683999999999997,10.881578947368421,7.6,8.3
NOR,6,11,1.4959999999999951,McLaren,0.0,30.4,0,0,2020,9,11.525000000000006,11.18,7.0,8.9
KVY,7,12,1.7099999999999937,AlphaTauri,0.0,30.4,0,0,2020,9,2.195999999999998,10.75,12.0,9.6
LEC,8,5,1.1259999999999906,Ferrari,0.0,30.4,0,0,2020,9,22.673000000000002,6.48,11.8,12.1
RAI,9,13,1.7099999999999937,Alfa Romeo Racing,0.0,30.4,0,0,2020,9,21.426999999999992,13.120689655172415,14.2,15.2
VET,10,14,1.7139999999999986,Ferrari,0.0,30.4,0,0,2020,9,19.1995,6.48,12.4,12.1
RUS,11,18,2.087999999999994,Williams,0.0,30.4,0,0,2020,9,,15.7,16.0,15.9
GRO,12,15,2.1099999999999994,Haas F1 Team,0.0,30.4,0,0,2020,9,12.167000000000002,13.6,15.6,16.8
STR,13,7,1.211999999999989,Racing Point,-1.0,30.4,0,0,2020,9,15.117999999999995,10.881578947368421,6.2,8.3
OCO,14,10,1.1529999999999916,Renault,0.0,30.4,0,0,2020,9,1.6995000000000005,11.22,8.0,7.9
LAT,15,19,2.1759999999999877,Williams,0.0,30.4,0,0,2020,9,1.890500000000003,15.7,15.8,15.9
MAG,16,20,2.2039999999999935,Haas F1 Team,0.0,30.4,0,0,2020,9,2.2079999999999984,13.6,18.0,16.8
GIO,17,17,2.0759999999999934,Alfa Romeo Racing,0.0,30.4,0,0,2020,9,2.872,13.120689655172415,16.2,15.2
SAI,18,9,2.725999999999999,McLaren,0.0,30.4,0,0,2020,9,12.995000000000005,11.18,10.8,8.9
VER,19,3,0.3649999999999949,Red Bull Racing,0.0,30.4,0,0,2020,9,0.0,6.98,5.0,6.7
GAS,20,16,1.9809999999999945,AlphaTauri,0.0,30.4,0,0,2020,9,18.289,10.75,7.2,9.6
BOT,1,3,0.652000000000001,Mercedes,0.0,28.459999999999997,0,2,2020,10,0.0,3.4215686274509802,3.0,2.7
VER,2,2,0.5630000000000024,Red Bull Racing,0.0,28.459999999999997,0,2,2020,10,,7.0588235294117645,8.4,7.9
HAM,3,1,0.0,Mercedes,0.0,28.459999999999997,0,2,2020,10,,3.4215686274509802,2.4,2.7
PER,4,4,1.012999999999991,Racing Point,0.0,28.459999999999997,0,2,2020,10,1.078000000000003,10.833333333333334,7.4,7.2
RIC,5,5,1.0600000000000023,Renault,0.0,28.459999999999997,0,2,2020,10,1.5970000000000084,11.176470588235293,7.8,8.7
LEC,6,11,1.9350000000000023,Ferrari,-1.0,28.459999999999997,0,2,2020,10,,6.529411764705882,12.8,12.6
OCO,7,7,1.3199999999999932,Renault,0.0,28.459999999999997,0,2,2020,10,5.519499999999994,11.176470588235293,9.6,8.7
KVY,8,12,1.9449999999999932,AlphaTauri,-1.0,28.459999999999997,0,2,2020,10,1.186000000000007,11.055555555555555,9.8,9.8
GAS,9,9,1.695999999999998,AlphaTauri,0.0,28.459999999999997,0,2,2020,10,,11.055555555555555,9.8,9.8
ALB,10,10,1.7039999999999935,Red Bull Racing,5.0,28.459999999999997,0,2,2020,10,,7.0588235294117645,7.4,7.9
GIO,11,17,3.289999999999992,Alfa Romeo Racing,0.0,28.459999999999997,0,2,2020,10,,13.116666666666667,16.8,14.7
MAG,12,18,3.3769999999999953,Haas F1 Team,0.0,28.459999999999997,0,2,2020,10,1.6659999999999968,13.607843137254902,17.4,16.1
VET,13,15,2.3049999999999926,Ferrari,-1.0,28.459999999999997,0,2,2020,10,,6.529411764705882,12.4,12.6
RAI,14,20,3.962999999999994,Alfa Romeo Racing,-1.0,28.459999999999997,0,2,2020,10,,13.116666666666667,12.6,14.7
NOR,15,8,1.5429999999999922,McLaren,0.0,28.459999999999997,0,2,2020,10,8.001000000000005,11.196078431372548,7.2,9.5
LAT,16,19,3.7620000000000005,Williams,1.0,28.459999999999997,0,2,2020,10,,15.647058823529411,15.8,15.8
GRO,17,16,3.2879999999999967,Haas F1 Team,0.0,28.459999999999997,0,2,2020,10,18.668499999999995,13.607843137254902,14.8,16.1
RUS,18,14,2.2789999999999964,Williams,-1.0,28.459999999999997,0,2,2020,10,20.377499999999998,15.647058823529411,15.8,15.8
SAI,19,6,1.2459999999999951,McLaren,0.0,28.459999999999997,0,2,2020,10,12.322000000000003,11.196078431372548,11.8,9.5
STR,20,13,2.0600000000000023,Racing Point,-1.0,28.459999999999997,0,2,2020,10,,10.833333333333334,7.0,7.2
HAM,1,2,0.2560000000000002,Mercedes,0.0,9.200000000000001,0,2,2020,11,3.4140000000000015,3.394230769230769,2.6,2.6
VER,2,3,0.29299999999999216,Red Bull Racing,0.0,9.200000000000001,0,2,2020,11,0.0,7.038461538461538,8.6,8.5
RIC,3,6,0.9539999999999935,Renault,0.0,9.200000000000001,0,2,2020,11,2.429000000000002,11.076923076923077,6.0,7.7
PER,4,9,1.434999999999988,Racing Point,0.0,9.200000000000001,0,2,2020,11,2.305000000000007,10.8625,6.8,8.3
SAI,5,10,1.4399999999999977,McLaren,0.0,9.200000000000001,0,2,2020,11,3.2660000000000053,11.307692307692308,13.0,10.7
GAS,6,12,1.5069999999999908,AlphaTauri,0.0,9.200000000000001,0,2,2020,11,1.960000000000008,10.8,9.4,9.4
LEC,7,4,0.7659999999999911,Ferrari,0.0,9.200000000000001,0,2,2020,11,2.9345,6.586538461538462,13.2,12.9
HUL,8,20,2.7519999999999953,Racing Point,0.0,9.200000000000001,0,2,2020,11,,10.8625,12.6,8.3
GRO,9,16,2.2830000000000013,Haas F1 Team,0.0,9.200000000000001,0,2,2020,11,4.054000000000002,13.625,15.0,15.4
GIO,10,14,1.6670000000000016,Alfa Romeo Racing,0.0,9.200000000000001,0,2,2020,11,4.237000000000009,13.096774193548388,15.6,14.0
VET,11,11,1.468999999999994,Ferrari,0.0,9.200000000000001,0,2,2020,11,3.3000000000000114,6.586538461538462,12.6,12.9
RAI,12,19,2.5479999999999876,Alfa Romeo Racing,0.0,9.200000000000001,0,2,2020,11,3.1010000000000133,13.096774193548388,12.4,14.0
MAG,13,15,1.8559999999999945,Haas F1 Team,0.0,9.200000000000001,0,2,2020,11,4.349000000000004,13.625,15.8,15.4
LAT,14,18,2.542999999999992,Williams,0.0,9.200000000000001,0,2,2020,11,4.585000000000008,15.673076923076923,15.2,15.5
KVY,15,13,1.5789999999999935,AlphaTauri,0.0,9.200000000000001,0,2,2020,11,2.13900000000001,10.8,9.4,9.4
NOR,16,8,1.188999999999993,McLaren,0.0,9.200000000000001,0,2,2020,11,6.314000000000007,11.307692307692308,8.4,10.7
ALB,17,5,0.7779999999999916,Red Bull Racing,0.0,9.200000000000001,0,2,2020,11,2.646000000000001,7.038461538461538,8.4,8.5
OCO,18,7,0.972999999999999,Renault,0.0,9.200000000000001,0,2,2020,11,1.8230000000000075,11.076923076923077,9.4,7.7
BOT,19,1,0.0,Mercedes,0.0,9.200000000000001,0,2,2020,11,1.7290000000000134,3.394230769230769,2.6,2.6
RUS,20,17,2.2949999999999875,Williams,0.0,9.200000000000001,0,2,2020,11,3.2835000000000036,15.673076923076923,15.8,15.5
HAM,1,1,0.0,Mercedes,0.0,20.68,0,2,2020,12,2.174999999999997,3.518867924528302,2.6,4.2
BOT,2,2,0.10200000000000387,Mercedes,0.0,20.68,0,2,2020,12,3.288499999999999,3.518867924528302,5.8,4.2
VER,3,3,0.25199999999999534,Red Bull Racing,0.0,20.68,0,2,2020,12,3.8530000000000086,7.084905660377358,8.6,9.4
LEC,4,4,0.4380000000000024,Ferrari,0.0,20.68,0,2,2020,12,2.5150000000000006,6.632075471698113,10.6,12.0
GAS,5,9,1.1509999999999962,AlphaTauri,0.0,20.68,0,2,2020,12,2.0649999999999977,10.772727272727273,8.8,9.4
SAI,6,7,0.867999999999995,McLaren,0.0,20.68,0,2,2020,12,4.117999999999995,11.29245283018868,12.8,11.2
PER,7,5,0.570999999999998,Racing Point,0.0,20.68,0,2,2020,12,4.679000000000002,10.74390243902439,6.6,8.6
OCO,8,11,0.9620000000000033,Renault,0.0,20.68,0,2,2020,12,2.7439999999999998,11.066037735849056,10.4,7.4
RIC,9,10,0.8289999999999935,Renault,0.0,20.68,0,2,2020,12,3.3950000000000102,11.066037735849056,4.4,7.4
VET,10,15,1.266999999999996,Ferrari,0.0,20.68,0,2,2020,12,2.7135000000000105,6.632075471698113,13.4,12.0
RAI,11,16,1.5489999999999924,Alfa Romeo Racing,0.0,20.68,0,2,2020,12,8.903999999999996,13.03125,12.0,13.2
ALB,12,6,0.7849999999999966,Red Bull Racing,0.0,20.68,0,2,2020,12,10.589500000000015,7.084905660377358,10.2,9.4
NOR,13,8,0.8730000000000047,McLaren,0.0,20.68,0,2,2020,12,8.438500000000005,11.29245283018868,9.6,11.2
RUS,14,14,1.1359999999999957,Williams,0.0,20.68,0,2,2020,12,0.3130000000000166,15.69811320754717,16.4,15.4
GIO,15,17,1.6709999999999923,Alfa Romeo Racing,0.0,20.68,0,2,2020,12,0.936000000000007,13.03125,14.4,13.2
MAG,16,19,1.8559999999999945,Haas F1 Team,0.0,20.68,0,2,2020,12,3.4000000000000057,13.575471698113208,15.4,14.2
GRO,17,18,1.7120000000000033,Haas F1 Team,0.0,20.68,0,2,2020,12,0.0,13.575471698113208,13.0,14.2
LAT,18,20,2.125,Williams,0.0,20.68,0,2,2020,12,9.106000000000009,15.69811320754717,14.4,15.4
KVY,19,13,1.0759999999999934,AlphaTauri,0.0,20.68,0,2,2020,12,1.4735000000000014,10.772727272727273,10.0,9.4
STR,20,12,0.9740000000000038,Racing Point,0.0,20.68,0,2,2020,12,6.873999999999995,10.74390243902439,9.8,8.6
HAM,1,2,0.09700000000000841,Mercedes,0.0,17.240000000000002,0,0,2020,13,,3.4814814814814814,2.6,4.2
BOT,2,1,0.0,Mercedes,0.0,17.240000000000002,0,0,2020,13,,3.4814814814814814,5.8,4.2
RIC,3,5,0.9110000000000014,Renault,0.0,17.240000000000002,0,0,2020,13,,11.018518518518519,5.4,8.2
KVY,4,8,1.0870000000000033,AlphaTauri,0.0,17.240000000000002,0,0,2020,13,,10.875,11.6,9.9
LEC,5,7,1.007000000000005,Ferrari,0.0,17.240000000000002,0,0,2020,13,,6.638888888888889,8.6,10.7
PER,6,11,1.4520000000000124,Racing Point,0.0,17.240000000000002,0,0,2020,13,,10.80952380952381,6.0,9.4
SAI,7,10,1.3020000000000067,McLaren,0.0,17.240000000000002,0,0,2020,13,,11.25925925925926,10.0,10.4
NOR,8,9,1.2049999999999983,McLaren,0.0,17.240000000000002,0,0,2020,13,,11.25925925925926,10.8,10.4
RAI,9,18,2.3440000000000083,Alfa Romeo Racing,0.0,17.240000000000002,0,0,2020,13,,13.030303030303031,11.8,12.8
GIO,10,20,2.5990000000000038,Alfa Romeo Racing,0.0,17.240000000000002,0,0,2020,13,,13.030303030303031,13.8,12.8
LAT,11,19,2.378,Williams,0.0,17.240000000000002,0,0,2020,13,,15.703703703703704,14.8,15.1
VET,12,14,1.7760000000000105,Ferrari,0.0,17.240000000000002,0,0,2020,13,,6.638888888888889,12.8,10.7
STR,13,15,1.8850000000000051,Racing Point,0.0,17.240000000000002,0,0,2020,13,,10.80952380952381,13.0,9.4
GRO,14,16,2.3090000000000117,Haas F1 Team,0.0,17.240000000000002,0,0,2020,13,,13.62962962962963,13.4,14.3
ALB,15,6,0.9630000000000081,Red Bull Racing,0.0,17.240000000000002,0,0,2020,13,,7.092592592592593,11.4,10.0
RUS,16,13,1.7139999999999986,Williams,0.0,17.240000000000002,0,0,2020,13,,15.703703703703704,15.4,15.1
VER,17,3,0.5670000000000073,Red Bull Racing,0.0,17.240000000000002,0,0,2020,13,,7.092592592592593,8.6,10.0
MAG,18,17,2.3299999999999983,Haas F1 Team,0.0,17.240000000000002,0,0,2020,13,,13.62962962962963,15.2,14.3
OCO,19,12,1.5919999999999987,Renault,0.0,17.240000000000002,0,0,2020,13,,11.018518518518519,11.0,8.2
GAS,20,4,0.8930000000000007,AlphaTauri,0.0,17.240000000000002,0,0,2020,13,,10.875,8.2,9.9
HAM,1,6,4.795000000000002,Mercedes,0.0,12.22,1,2,2020,14,,3.4454545454545453,1.4,3.3
PER,2,3,1.5559999999999974,Racing Point,0.0,12.22,1,2,2020,14,,10.779069767441861,5.2,10.0
VET,3,12,7.403999999999996,Ferrari,-1.0,12.22,1,2,2020,14,0.0,6.672727272727273,11.2,8.6
LEC,4,14,8.930999999999997,Ferrari,-2.0,12.22,1,2,2020,14,,6.672727272727273,6.0,8.6
SAI,5,13,7.644999999999996,McLaren,2.0,12.22,1,2,2020,14,,11.190909090909091,11.0,11.3
VER,6,2,0.29000000000000625,Red Bull Racing,0.0,12.22,1,2,2020,14,,7.254545454545455,8.6,10.0
ALB,7,4,2.6829999999999927,Red Bull Racing,0.0,12.22,1,2,2020,14,,7.254545454545455,11.4,10.0
NOR,8,11,7.179999999999993,McLaren,3.0,12.22,1,2,2020,14,,11.190909090909091,11.6,11.3
STR,9,1,0.0,Racing Point,0.0,12.22,1,2,2020,14,,10.779069767441861,13.8,10.0
RIC,10,5,3.8299999999999983,Renault,0.0,12.22,1,2,2020,14,,11.018181818181818,4.8,9.0
OCO,11,7,4.856999999999999,Renault,0.0,12.22,1,2,2020,14,,11.018181818181818,13.2,9.0
KVY,12,17,10.0,AlphaTauri,-1.0,12.22,1,2,2020,14,,10.961538461538462,10.6,11.3
GAS,13,15,10.0,AlphaTauri,4.0,12.22,1,2,2020,14,,10.961538461538462,12.0,11.3
BOT,14,9,5.492999999999995,Mercedes,0.0,12.22,1,2,2020,14,,3.4454545454545453,5.2,3.3
RAI,15,8,4.980000000000004,Alfa Romeo Racing,0.0,12.22,1,2,2020,14,,12.926470588235293,11.0,11.8
RUS,16,18,10.0,Williams,-18.0,12.22,1,2,2020,14,,15.663636363636364,15.8,15.3
MAG,17,16,10.0,Haas F1 Team,-3.0,12.22,1,2,2020,14,,13.672727272727272,15.0,14.4
GRO,18,19,10.0,Haas F1 Team,-2.0,12.22,1,2,2020,14,,13.672727272727272,13.8,14.4
LAT,19,20,10.0,Williams,-20.0,12.22,1,2,2020,14,,15.663636363636364,14.8,15.3
GIO,20,10,9.460999999999999,Alfa Romeo Racing,0.0,12.22,1,2,2020,14,,12.926470588235293,12.6,11.8
HAM,1,1,0.0,Mercedes,0.0,26.35,0,2,2020,15,,3.517857142857143,1.4,4.5
VER,2,3,0.4140000000000015,Red Bull Racing,0.0,26.35,0,2,2020,15,22.162000000000006,7.241071428571429,6.0,9.1
ALB,3,4,1.0100000000000051,Red Bull Racing,0.0,26.35,0,2,2020,15,,7.241071428571429,12.2,9.1
NOR,4,9,1.2780000000000058,McLaren,0.0,26.35,0,2,2020,15,,11.107142857142858,12.0,10.2
SAI,5,15,1.7109999999999985,McLaren,0.0,26.35,0,2,2020,15,3.992500000000007,11.107142857142858,8.4,10.2
GAS,6,8,1.1839999999999975,AlphaTauri,0.0,26.35,0,2,2020,15,18.616500000000002,11.071428571428571,10.6,11.1
RIC,7,6,1.1530000000000058,Renault,0.0,26.35,0,2,2020,15,,11.008928571428571,6.0,9.3
BOT,8,2,0.2890000000000015,Mercedes,0.0,26.35,0,2,2020,15,,3.517857142857143,7.6,4.5
OCO,9,7,1.1550000000000011,Renault,0.0,26.35,0,2,2020,15,20.451499999999996,11.008928571428571,12.6,9.3
LEC,10,12,1.9010000000000105,Ferrari,0.0,26.35,0,2,2020,15,1.2409999999999997,6.616071428571429,5.2,7.5
KVY,11,10,1.3539999999999992,AlphaTauri,0.0,26.35,0,2,2020,15,29.910500000000013,11.071428571428571,11.6,11.1
RUS,12,14,3.9540000000000077,Williams,0.0,26.35,0,2,2020,15,5.0,15.696428571428571,16.8,16.2
VET,13,11,1.8850000000000051,Ferrari,0.0,26.35,0,2,2020,15,17.828500000000005,6.616071428571429,9.8,7.5
LAT,14,20,2.9180000000000064,Williams,0.0,26.35,0,2,2020,15,4.51700000000001,15.696428571428571,15.6,16.2
RAI,15,17,2.5460000000000065,Alfa Romeo Racing,0.0,26.35,0,2,2020,15,27.710000000000008,13.057142857142857,12.2,12.7
GIO,16,16,2.227000000000004,Alfa Romeo Racing,0.0,26.35,0,2,2020,15,,13.057142857142857,13.2,12.7
MAG,17,18,2.8470000000000084,Haas F1 Team,0.0,26.35,0,2,2020,15,,13.741071428571429,15.2,15.1
PER,18,5,1.058000000000007,Racing Point,0.0,26.35,0,2,2020,15,,10.659090909090908,4.6,9.3
STR,19,13,2.2930000000000064,Racing Point,0.0,26.35,0,2,2020,15,0.0,10.659090909090908,15.0,9.3
GRO,20,19,2.8740000000000094,Haas F1 Team,0.0,26.35,0,2,2020,15,2.2390000000000043,13.741071428571429,15.0,15.1
PER,1,5,0.4129999999999967,Racing Point,0.0,21.89,0,2,2020,16,12.03049999999999,10.833333333333334,7.4,10.6
OCO,2,11,0.617999999999995,Renault,0.0,21.89,0,2,2020,16,18.777,10.956140350877194,13.0,9.7
STR,3,10,0.8230000000000004,Racing Point,0.0,21.89,0,2,2020,16,11.155000000000001,10.833333333333334,16.2,10.6
SAI,4,8,0.6329999999999956,McLaren,0.0,21.89,0,2,2020,16,0.0,10.991228070175438,5.6,7.7
RIC,5,7,0.5799999999999983,Renault,0.0,21.89,0,2,2020,16,10.533999999999992,10.956140350877194,6.4,9.7
ALB,6,12,0.6490000000000009,Red Bull Racing,0.0,21.89,0,2,2020,16,14.385999999999996,7.157894736842105,10.8,8.4
KVY,7,6,0.5289999999999964,AlphaTauri,0.0,21.89,0,2,2020,16,12.772500000000008,10.9,12.2,11.1
BOT,8,1,0.0,Mercedes,0.0,21.89,0,2,2020,16,9.101500000000001,3.5350877192982457,9.0,5.0
RUS,9,2,0.02599999999999625,Mercedes,0.0,21.89,0,2,2020,16,24.268,3.5350877192982457,15.6,5.0
NOR,10,15,1.3159999999999954,McLaren,4.0,21.89,0,2,2020,16,5.961500000000001,10.991228070175438,9.8,7.7
GAS,11,9,0.777000000000001,AlphaTauri,0.0,21.89,0,2,2020,16,17.831500000000005,10.9,10.0,11.1
VET,12,13,0.7979999999999947,Ferrari,0.0,21.89,0,2,2020,16,13.876999999999995,6.701754385964913,9.8,7.9
GIO,13,14,1.0,Alfa Romeo Racing,0.0,21.89,0,2,2020,16,8.467500000000001,13.125,14.2,13.3
RAI,14,19,1.5859999999999985,Alfa Romeo Racing,-1.0,21.89,0,2,2020,16,5.860999999999997,13.125,12.4,13.3
MAG,15,16,1.3279999999999959,Haas F1 Team,-1.0,21.89,0,2,2020,16,14.960999999999984,13.824561403508772,16.2,15.9
AIT,16,18,1.5150000000000006,Williams,-1.0,21.89,0,2,2020,16,13.630499999999998,15.649122807017545,,15.4
FIT,17,20,2.0489999999999995,Haas F1 Team,0.0,21.89,0,2,2020,16,10.372,13.824561403508772,,15.9
LAT,18,17,1.418999999999997,Williams,-1.0,21.89,0,2,2020,16,17.00399999999999,15.649122807017545,15.2,15.4
VER,19,3,0.055999999999997385,Red Bull Racing,0.0,21.89,0,2,2020,16,8.14,7.157894736842105,6.0,8.4
LEC,20,4,0.2359999999999971,Ferrari,0.0,21.89,0,2,2020,16,12.038499999999999,6.701754385964913,6.0,7.9
VER,1,1,0.0,Red Bull Racing,0.0,23.57,0,2,2020,17,33.684,7.25,9.4,9.0
BOT,2,2,0.025000000000005684,Mercedes,0.0,23.57,0,2,2020,17,20.3005,3.6206896551724137,6.8,4.7
HAM,3,3,0.08599999999999852,Mercedes,0.0,23.57,0,2,2020,17,,3.6206896551724137,1.0,4.7
ALB,4,5,0.32500000000000284,Red Bull Racing,0.0,23.57,0,2,2020,17,,7.25,8.6,9.0
NOR,5,4,0.2510000000000048,McLaren,0.0,23.57,0,2,2020,17,33.03999999999999,10.922413793103448,8.6,7.0
SAI,6,6,0.5690000000000026,McLaren,0.0,23.57,0,2,2020,17,,10.922413793103448,5.4,7.0
RIC,7,12,1.1600000000000108,Renault,-1.0,23.57,0,2,2020,17,,10.827586206896552,6.8,8.3
GAS,8,10,0.9960000000000093,AlphaTauri,-1.0,23.57,0,2,2020,17,1.1820000000000022,10.78125,11.0,10.8
OCO,9,11,1.1129999999999995,Renault,-1.0,23.57,0,2,2020,17,34.94399999999999,10.827586206896552,9.8,8.3
STR,10,8,0.8000000000000114,Racing Point,0.0,23.57,0,2,2020,17,10.899500000000003,10.641304347826088,12.8,9.8
KVY,11,7,0.7169999999999987,AlphaTauri,0.0,23.57,0,2,2020,17,15.600999999999999,10.78125,10.6,10.8
RAI,12,16,2.3090000000000117,Alfa Romeo Racing,-1.0,23.57,0,2,2020,17,4.741,13.135135135135135,12.8,13.8
LEC,13,9,0.8190000000000026,Ferrari,3.0,23.57,0,2,2020,17,,6.862068965517241,8.6,9.3
VET,14,13,1.3850000000000051,Ferrari,0.0,23.57,0,2,2020,17,,6.862068965517241,10.0,9.3
RUS,15,18,2.7990000000000066,Williams,-2.0,23.57,0,2,2020,17,1.9920000000000044,15.672413793103448,13.4,15.4
GIO,16,14,3.0020000000000095,Alfa Romeo Racing,0.0,23.57,0,2,2020,17,19.905,13.135135135135135,14.8,13.8
LAT,17,20,3.1970000000000027,Williams,-2.0,23.57,0,2,2020,17,3.5670000000000073,15.672413793103448,16.0,15.4
MAG,18,17,2.6170000000000044,Haas F1 Team,3.0,23.57,0,2,2020,17,11.012499999999989,13.862068965517242,16.6,16.9
FIT,19,19,2.9270000000000067,Haas F1 Team,-2.0,23.57,0,2,2020,17,3.640500000000003,13.862068965517242,17.0,16.9
PER,20,15,0.7880000000000109,Racing Point,4.0,23.57,0,2,2020,17,0.0,10.641304347826088,6.8,9.8
HAM,1,2,0.38800000000000523,Mercedes,0.0,20.77,0,2,2021,1,,3.6016949152542375,1.4,4.9
VER,2,1,0.0,Red Bull Racing,0.0,20.77,0,2,2021,1,0.1629999999999967,7.169491525423729,9.0,8.0
BOT,3,3,0.5889999999999986,Mercedes,0.0,20.77,0,2,2021,1,4.688000000000002,3.6016949152542375,6.8,4.9
NOR,4,7,0.9770000000000039,McLaren,0.0,20.77,0,2,2021,1,30.545999999999992,10.830508474576272,7.0,6.2
PER,5,11,1.6620000000000061,Red Bull Racing,-11.0,20.77,0,2,2021,1,,7.169491525423729,9.4,8.0
LEC,6,4,0.6809999999999974,Ferrari,0.0,20.77,0,2,2021,1,27.601,6.97457627118644,10.4,10.6
RIC,7,6,0.9300000000000068,McLaren,0.0,20.77,0,2,2021,1,23.980000000000004,10.830508474576272,6.4,6.2
SAI,8,8,1.2180000000000035,Ferrari,0.0,20.77,0,2,2021,1,23.602499999999992,6.97457627118644,5.4,10.6
TSU,9,13,2.206000000000003,AlphaTauri,0.0,20.77,0,2,2021,1,23.026999999999987,10.705882352941176,,10.3
STR,10,10,1.6039999999999992,Aston Martin,0.0,20.77,0,2,2021,1,23.4075,,10.8,
RAI,11,14,2.2409999999999997,Alfa Romeo Racing,0.0,20.77,0,2,2021,1,,13.157894736842104,13.0,14.0
GIO,12,12,1.7109999999999985,Alfa Romeo Racing,0.0,20.77,0,2,2021,1,,13.157894736842104,15.0,14.0
OCO,13,16,2.727000000000004,Alpine,0.0,20.77,0,2,2021,1,,,10.0,
RUS,14,15,4.433000000000007,Williams,0.0,20.77,0,2,2021,1,,15.677966101694915,13.6,15.4
VET,15,18,3.0589999999999975,Aston Martin,2.0,20.77,0,2,2021,1,36.222999999999985,,10.8,
MSC,16,19,3.451999999999998,Haas F1 Team,-1.0,20.77,0,2,2021,1,,13.940677966101696,,17.3
GAS,17,5,0.8119999999999976,AlphaTauri,0.0,20.77,0,2,2021,1,0.0,10.705882352941176,11.6,10.3
LAT,18,17,2.939000000000007,Williams,0.0,20.77,0,2,2021,1,,15.677966101694915,15.8,15.4
ALO,19,9,1.2519999999999953,Alpine,0.0,20.77,0,2,2021,1,3.251499999999993,,16.0,
MAZ,20,20,4.275999999999996,Haas F1 Team,-1.0,20.77,0,2,2021,1,,13.940677966101696,,17.3
VER,1,3,0.0870000000000033,Red Bull Racing,0.0,9.4,1,0,2021,2,11.47099999999999,7.108333333333333,6.0,5.5
HAM,2,1,0.0,Mercedes,0.0,9.4,1,0,2021,2,0.2710000000000008,3.575,1.4,5.0
NOR,3,7,0.46399999999999864,McLaren,0.0,9.4,1,0,2021,2,0.24449999999998795,10.741666666666667,6.2,5.8
LEC,4,4,0.3289999999999935,Ferrari,0.0,9.4,1,0,2021,2,3.0619999999999976,6.975,10.6,10.3
SAI,5,11,0.7879999999999967,Ferrari,0.0,9.4,1,0,2021,2,2.6809999999999974,6.975,5.6,10.3
RIC,6,6,0.41499999999999204,McLaren,0.0,9.4,1,0,2021,2,9.430000000000007,10.741666666666667,7.2,5.8
GAS,7,5,0.3790000000000049,AlphaTauri,0.0,9.4,1,0,2021,2,4.445999999999998,10.833333333333334,11.0,10.5
STR,8,10,0.7270000000000039,Aston Martin,0.0,9.4,1,0,2021,2,8.201999999999998,12.5,10.2,12.5
OCO,9,9,0.7989999999999924,Alpine,0.0,9.4,1,0,2021,2,1.5060000000000002,16.0,8.8,16.0
ALO,10,15,1.1820000000000022,Alpine,0.0,9.4,1,0,2021,2,1.0064999999999884,16.0,17.0,16.0
PER,11,2,0.03499999999999659,Red Bull Racing,0.0,9.4,1,0,2021,2,10.729,7.108333333333333,9.2,5.5
TSU,12,20,10.0,AlphaTauri,0.0,9.4,1,0,2021,2,14.344499999999982,10.833333333333334,9.0,10.5
RAI,13,16,1.5630000000000024,Alfa Romeo Racing,0.0,9.4,1,0,2021,2,1.6869999999999976,13.115384615384615,13.4,14.4
GIO,14,17,1.7109999999999985,Alfa Romeo Racing,0.0,9.4,1,0,2021,2,2.759999999999991,13.115384615384615,15.4,14.4
VET,15,13,0.9830000000000041,Aston Martin,-13.0,9.4,1,0,2021,2,6.757999999999996,12.5,11.4,12.5
MSC,16,18,1.867999999999995,Haas F1 Team,0.0,9.4,1,0,2021,2,1.8019999999999925,14.008333333333333,16.0,17.7
MAZ,17,19,2.3859999999999957,Haas F1 Team,0.0,9.4,1,0,2021,2,3.1844999999999857,14.008333333333333,20.0,17.7
BOT,18,8,0.48699999999999477,Mercedes,0.0,9.4,1,0,2021,2,3.030000000000001,3.575,7.0,5.0
RUS,19,12,0.8499999999999943,Williams,0.0,9.4,1,0,2021,2,0.0,15.683333333333334,13.2,15.9
LAT,20,14,1.1820000000000022,Williams,0.0,9.4,1,0,2021,2,13.730999999999995,15.683333333333334,17.2,15.9
HAM,1,2,0.007000000000005002,Mercedes,0.0,19.32,0,2,2021,3,3.403500000000008,3.680327868852459,1.6,5.5
VER,2,3,0.39799999999999613,Red Bull Racing,0.0,19.32,0,2,2021,3,5.638499999999993,7.090163934426229,5.0,5.4
BOT,3,1,0.0,Mercedes,0.0,19.32,0,2,2021,3,4.307999999999993,3.680327868852459,7.8,5.5
PER,4,4,0.5420000000000016,Red Bull Racing,0.0,19.32,0,2,2021,3,8.027000000000001,7.090163934426229,11.0,5.4
NOR,5,7,0.7680000000000007,McLaren,0.0,19.32,0,2,2021,3,7.204499999999996,10.639344262295081,5.2,5.4
LEC,6,8,0.9579999999999984,Ferrari,0.0,19.32,0,2,2021,3,7.760999999999996,6.934426229508197,10.6,10.5
OCO,7,6,0.6940000000000026,Alpine,0.0,19.32,0,2,2021,3,0.3269999999999982,12.75,8.4,12.75
ALO,8,13,1.108000000000004,Alpine,0.0,19.32,0,2,2021,3,6.465499999999992,12.75,15.4,12.75
RIC,9,16,1.4909999999999997,McLaren,0.0,19.32,0,2,2021,3,5.577500000000015,10.639344262295081,6.4,5.4
GAS,10,9,1.1269999999999953,AlphaTauri,0.0,19.32,0,2,2021,3,0.0,10.763157894736842,9.8,9.9
SAI,11,5,0.6910000000000025,Ferrari,0.0,19.32,0,2,2021,3,7.594000000000008,6.934426229508197,5.6,10.5
GIO,12,12,0.867999999999995,Alfa Romeo Racing,0.0,19.32,0,2,2021,3,10.462999999999994,13.125,14.2,13.6
VET,13,10,1.311000000000007,Aston Martin,0.0,19.32,0,2,2021,3,5.563999999999993,12.0,13.8,12.0
STR,14,17,1.5649999999999977,Aston Martin,0.0,19.32,0,2,2021,3,15.956500000000005,12.0,10.0,12.0
TSU,15,14,1.1149999999999949,AlphaTauri,0.0,19.32,0,2,2021,3,3.666499999999999,10.763157894736842,10.5,9.9
RUS,16,11,0.7609999999999957,Williams,0.0,19.32,0,2,2021,3,0.492999999999995,15.745901639344263,13.8,16.3
MSC,17,19,2.103999999999999,Haas F1 Team,0.0,19.32,0,2,2021,3,5.32050000000001,14.049180327868852,16.0,17.5
LAT,18,18,1.9369999999999976,Williams,0.0,19.32,0,2,2021,3,12.306000000000012,15.745901639344263,17.4,16.3
MAZ,19,20,2.564000000000007,Haas F1 Team,0.0,19.32,0,2,2021,3,4.616,14.049180327868852,18.5,17.5
RAI,20,15,1.4639999999999986,Alfa Romeo Racing,0.0,19.32,0,2,2021,3,2.2560000000000002,13.125,13.0,13.6
HAM,1,1,0.0,Mercedes,0.0,21.89,0,2,2021,4,,3.653225806451613,1.6,5.0
VER,2,2,0.036000000000001364,Red Bull Racing,0.0,21.89,0,2,2021,4,,7.024193548387097,5.0,5.5
BOT,3,3,0.132000000000005,Mercedes,0.0,21.89,0,2,2021,4,,3.653225806451613,6.8,5.0
LEC,4,4,0.7690000000000055,Ferrari,0.0,21.89,0,2,2021,4,,6.959677419354839,9.8,9.9
PER,5,8,0.9599999999999937,Red Bull Racing,0.0,21.89,0,2,2021,4,,7.024193548387097,8.2,5.5
RIC,6,7,0.8810000000000002,McLaren,0.0,21.89,0,2,2021,4,,10.580645161290322,6.8,5.9
SAI,7,6,0.8790000000000049,Ferrari,0.0,21.89,0,2,2021,4,,6.959677419354839,6.8,9.9
NOR,8,9,1.2690000000000055,McLaren,0.0,21.89,0,2,2021,4,,10.580645161290322,5.4,5.9
OCO,9,5,0.8389999999999986,Alpine,0.0,21.89,0,2,2021,4,,11.0,8.0,11.0
GAS,10,12,1.2409999999999997,AlphaTauri,0.0,21.89,0,2,2021,4,,10.85,10.6,10.7
STR,11,11,1.233000000000004,Aston Martin,0.0,21.89,0,2,2021,4,,12.5,9.0,12.5
RAI,12,17,2.176000000000002,Alfa Romeo Racing,0.0,21.89,0,2,2021,4,,13.195121951219512,14.0,13.7
VET,13,13,1.3379999999999939,Aston Martin,0.0,21.89,0,2,2021,4,,12.5,13.8,12.5
RUS,14,15,2.4129999999999967,Williams,0.0,21.89,0,2,2021,4,,15.766129032258064,14.6,17.1
GIO,15,14,1.6149999999999949,Alfa Romeo Racing,0.0,21.89,0,2,2021,4,,13.195121951219512,13.4,13.7
LAT,16,19,2.4779999999999944,Williams,0.0,21.89,0,2,2021,4,,15.766129032258064,18.2,17.1
ALO,17,10,1.406000000000006,Alpine,0.0,21.89,0,2,2021,4,,11.0,13.0,11.0
MSC,18,18,2.3760000000000048,Haas F1 Team,0.0,21.89,0,2,2021,4,,14.112903225806452,16.333333333333332,17.4
MAZ,19,20,3.0660000000000025,Haas F1 Team,0.0,21.89,0,2,2021,4,,14.112903225806452,18.666666666666668,17.4
TSU,20,16,1.8149999999999977,AlphaTauri,0.0,21.89,0,2,2021,4,,10.85,12.0,10.7
VER,1,2,0.22999999999998977,Red Bull Racing,0.0,20.520000000000003,0,1,2021,5,5.668000000000006,6.968253968253968,1.6,3.7
SAI,2,4,0.26500000000000057,Ferrari,0.0,20.520000000000003,0,1,2021,5,4.660000000000011,6.936507936507937,7.4,7.8
NOR,3,5,0.2740000000000009,McLaren,0.0,20.520000000000003,0,1,2021,5,11.694500000000005,10.523809523809524,5.0,5.9
PER,4,9,1.2269999999999897,Red Bull Racing,0.0,20.520000000000003,0,1,2021,5,1.7720000000000056,6.968253968253968,9.0,3.7
VET,5,8,1.0729999999999933,Aston Martin,0.0,20.520000000000003,0,1,2021,5,3.9765000000000015,12.375,14.0,12.375
GAS,6,6,0.554000000000002,AlphaTauri,0.0,20.520000000000003,0,1,2021,5,6.8984999999999985,11.047619047619047,10.4,11.9
HAM,7,7,0.7489999999999952,Mercedes,0.0,20.520000000000003,0,1,2021,5,7.579000000000008,3.626984126984127,1.6,3.7
STR,8,13,1.2539999999999907,Aston Martin,0.0,20.520000000000003,0,1,2021,5,16.620000000000005,12.375,10.6,12.375
OCO,9,11,1.1400000000000006,Alpine,0.0,20.520000000000003,0,1,2021,5,7.1905,11.5,9.4,11.5
GIO,10,10,1.4329999999999927,Alfa Romeo Racing,0.0,20.520000000000003,0,1,2021,5,1.7945000000000135,13.202380952380953,13.8,13.7
RAI,11,14,1.2959999999999923,Alfa Romeo Racing,0.0,20.520000000000003,0,1,2021,5,7.4125000000000085,13.202380952380953,13.6,13.7
RIC,12,12,1.2519999999999953,McLaren,0.0,20.520000000000003,0,1,2021,5,5.876999999999995,10.523809523809524,7.0,5.9
ALO,13,17,1.8589999999999947,Alpine,0.0,20.520000000000003,0,1,2021,5,5.033000000000001,11.5,13.0,11.5
RUS,14,15,1.4839999999999947,Williams,0.0,20.520000000000003,0,1,2021,5,3.4420000000000073,15.753968253968255,15.6,16.7
LAT,15,18,2.019999999999996,Williams,0.0,20.520000000000003,0,1,2021,5,2.681500000000014,15.753968253968255,17.8,16.7
TSU,16,16,1.75,AlphaTauri,0.0,20.520000000000003,0,1,2021,5,7.156000000000006,11.047619047619047,14.0,11.9
MAZ,17,19,2.6119999999999948,Haas F1 Team,0.0,20.520000000000003,0,1,2021,5,8.448000000000008,14.182539682539682,18.75,17.9
BOT,19,3,0.25499999999999545,Mercedes,0.0,20.520000000000003,0,1,2021,5,7.037000000000006,3.626984126984127,5.8,3.7
LEC,20,1,0.0,Ferrari,0.0,20.520000000000003,0,1,2021,5,0.0,6.936507936507937,6.6,7.8
PER,1,7,0.6989999999999981,Red Bull Racing,-1.0,25.29,0,1,2021,6,6.301000000000002,6.8984375,5.8,3.7
VET,2,11,1.0060000000000002,Aston Martin,0.0,25.29,0,1,2021,6,,11.2,12.2,11.2
GAS,3,4,0.3469999999999942,AlphaTauri,0.0,25.29,0,1,2021,6,0.8999999999999915,11.045454545454545,10.0,12.2
LEC,4,1,0.0,Ferrari,0.0,25.29,0,1,2021,6,0.0,7.0,8.0,7.3
NOR,5,6,0.5289999999999964,McLaren,3.0,25.29,0,1,2021,6,1.637999999999991,10.4765625,4.6,6.3
ALO,6,9,1.1089999999999947,Alpine,-1.0,25.29,0,1,2021,6,,11.4,13.4,11.4
TSU,7,8,0.992999999999995,AlphaTauri,-1.0,25.29,0,1,2021,6,1.3289999999999935,11.045454545454545,14.4,12.2
SAI,8,5,0.3579999999999899,Ferrari,0.0,25.29,0,1,2021,6,,7.0,6.6,7.3
RIC,9,13,1.3400000000000034,McLaren,0.0,25.29,0,1,2021,6,7.936999999999998,10.4765625,8.0,6.3
RAI,10,14,1.3689999999999998,Alfa Romeo Racing,0.0,25.29,0,1,2021,6,,13.13953488372093,13.4,13.0
GIO,11,20,10.0,Alfa Romeo Racing,0.0,25.29,0,1,2021,6,,13.13953488372093,12.6,13.0
BOT,12,10,1.4410000000000025,Mercedes,0.0,25.29,0,1,2021,6,,3.7734375,9.2,5.8
MSC,13,17,2.9399999999999977,Haas F1 Team,0.0,25.29,0,1,2021,6,16.76599999999999,14.2265625,16.75,17.6
MAZ,14,18,3.019999999999996,Haas F1 Team,0.0,25.29,0,1,2021,6,15.748000000000005,14.2265625,18.4,17.6
HAM,15,2,0.23199999999999932,Mercedes,0.0,25.29,0,1,2021,6,,3.7734375,2.4,5.8
LAT,16,16,1.9099999999999966,Williams,0.0,25.29,0,1,2021,6,1.965999999999994,15.734375,17.4,16.4
RUS,17,15,1.539999999999992,Williams,0.0,25.29,0,1,2021,6,,15.734375,15.4,16.4
VER,18,3,0.34499999999999886,Red Bull Racing,0.0,25.29,0,1,2021,6,1.2569999999999908,6.8984375,1.6,3.7
STR,19,19,10.0,Aston Martin,0.0,25.29,0,1,2021,6,,11.2,10.2,11.2
OCO,20,12,1.0549999999999926,Alpine,0.0,25.29,0,1,2021,6,23.465999999999994,11.4,9.4,11.4
VER,1,1,0.0,Red Bull Racing,0.0,23.95,0,2,2021,7,0.0,6.938461538461539,4.8,4.9
HAM,2,2,0.2580000000000098,Mercedes,0.0,23.95,0,2,2021,7,,3.923076923076923,5.2,8.1
PER,3,4,0.4549999999999983,Red Bull Racing,0.0,23.95,0,2,2021,7,37.33149999999999,6.938461538461539,5.0,4.9
BOT,4,3,0.3860000000000099,Mercedes,0.0,23.95,0,2,2021,7,,3.923076923076923,11.0,8.1
NOR,5,8,1.2620000000000005,McLaren,0.0,23.95,0,2,2021,7,1.4399999999999977,10.423076923076923,4.8,6.6
RIC,6,10,1.3920000000000101,McLaren,0.0,23.95,0,2,2021,7,1.501499999999993,10.423076923076923,8.4,6.6
GAS,7,6,0.8780000000000001,AlphaTauri,0.0,23.95,0,2,2021,7,1.3914999999999935,10.782608695652174,7.2,10.6
ALO,8,9,1.3500000000000085,Alpine,0.0,23.95,0,2,2021,7,1.1019999999999897,11.666666666666666,10.8,10.8
VET,9,12,1.777000000000001,Aston Martin,0.0,23.95,0,2,2021,7,11.475499999999997,11.083333333333334,9.6,10.8
STR,10,19,10.0,Aston Martin,0.0,23.95,0,2,2021,7,2.448999999999998,11.083333333333334,12.0,10.8
SAI,11,5,0.8500000000000085,Ferrari,0.0,23.95,0,2,2021,7,,6.984615384615385,6.6,7.1
RUS,12,14,2.075000000000003,Williams,0.0,23.95,0,2,2021,7,1.7879999999999967,15.746153846153845,16.0,16.5
TSU,13,20,10.0,AlphaTauri,-20.0,23.95,0,2,2021,7,25.344499999999996,10.782608695652174,14.0,10.6
OCO,14,11,1.7460000000000093,Alpine,0.0,23.95,0,2,2021,7,1.456000000000003,11.666666666666666,10.8,10.8
GIO,15,13,1.8230000000000075,Alfa Romeo Racing,0.0,23.95,0,2,2021,7,,13.079545454545455,12.4,12.8
LEC,16,7,0.9969999999999999,Ferrari,0.0,23.95,0,2,2021,7,,6.984615384615385,7.6,7.1
RAI,17,17,3.3640000000000043,Alfa Romeo Racing,0.0,23.95,0,2,2021,7,1.5189999999999912,13.079545454545455,13.2,12.8
LAT,18,16,3.0720000000000027,Williams,0.0,23.95,0,2,2021,7,2.0845000000000056,15.746153846153845,17.0,16.5
MSC,19,15,2.951999999999998,Haas F1 Team,0.0,23.95,0,2,2021,7,2.959000000000003,14.215384615384615,16.0,16.7
MAZ,20,18,3.564000000000007,Haas F1 Team,0.0,23.95,0,2,2021,7,29.40299999999999,14.215384615384615,17.2,16.7
VER,1,1,0.0,Red Bull Racing,0.0,26.339999999999996,0,0,2021,8,27.378500000000003,6.863636363636363,4.8,4.1
HAM,2,3,0.22599999999999199,Mercedes,-1.0,26.339999999999996,0,0,2021,8,12.287999999999997,3.909090909090909,5.2,6.7
BOT,3,2,0.1939999999999955,Mercedes,3.0,26.339999999999996,0,0,2021,8,10.0595,3.909090909090909,8.2,6.7
PER,4,5,0.3270000000000053,Red Bull Racing,-1.0,26.339999999999996,0,0,2021,8,13.660499999999999,6.863636363636363,3.4,4.1
NOR,5,4,0.27900000000000347,McLaren,-1.0,26.339999999999996,0,0,2021,8,9.995000000000005,10.348484848484848,5.2,6.8
SAI,6,12,0.9589999999999961,Ferrari,0.0,26.339999999999996,0,0,2021,8,0.0,7.083333333333333,7.8,8.9
LEC,7,7,0.6309999999999931,Ferrari,0.0,26.339999999999996,0,0,2021,8,0.13450000000000273,7.083333333333333,10.0,8.9
STR,8,10,0.8669999999999973,Aston Martin,-1.0,26.339999999999996,0,0,2021,8,13.834500000000006,10.857142857142858,12.4,10.4
ALO,9,9,0.732999999999997,Alpine,-1.0,26.339999999999996,0,0,2021,8,17.23700000000001,11.571428571428571,10.4,11.1
TSU,10,8,0.6729999999999947,AlphaTauri,3.0,26.339999999999996,0,0,2021,8,29.245500000000007,10.75,14.2,10.7
RAI,11,18,1.588000000000001,Alfa Romeo Racing,0.0,26.339999999999996,0,0,2021,8,32.2675,13.144444444444444,14.0,13.3
VET,12,14,1.033999999999999,Aston Martin,0.0,26.339999999999996,0,0,2021,8,21.402500000000003,10.857142857142858,8.4,10.4
RIC,13,13,0.9670000000000059,McLaren,0.0,26.339999999999996,0,0,2021,8,4.072000000000003,10.348484848484848,8.4,6.8
OCO,14,17,1.3759999999999977,Alpine,0.0,26.339999999999996,0,0,2021,8,29.35199999999999,11.571428571428571,11.8,11.1
GIO,15,15,1.0719999999999956,Alfa Romeo Racing,0.0,26.339999999999996,0,0,2021,8,36.56400000000001,13.144444444444444,12.6,13.3
MSC,16,19,2.1999999999999957,Haas F1 Team,0.0,26.339999999999996,0,0,2021,8,4.817000000000007,14.295454545454545,16.6,17.3
LAT,17,16,1.333999999999996,Williams,0.0,26.339999999999996,0,0,2021,8,2.3155,15.734848484848484,16.6,15.6
MAZ,18,20,2.350999999999992,Haas F1 Team,0.0,26.339999999999996,0,0,2021,8,4.916499999999999,14.295454545454545,17.8,17.3
RUS,19,11,0.8300000000000054,Williams,-1.0,26.339999999999996,0,0,2021,8,12.50500000000001,15.734848484848484,14.6,15.6
GAS,20,6,0.3950000000000031,AlphaTauri,0.0,26.339999999999996,0,0,2021,8,22.320499999999996,10.75,7.2,10.7
VER,1,1,0.0,Red Bull Racing,0.0,19.139999999999997,1,0,2021,9,37.67950000000002,6.798507462686567,4.6,4.0
BOT,2,5,0.32900000000000773,Mercedes,0.0,19.139999999999997,1,0,2021,9,18.658500000000018,3.888059701492537,8.2,6.8
NOR,3,2,0.04800000000000182,McLaren,0.0,19.139999999999997,1,0,2021,9,2.3145000000000095,10.328358208955224,5.2,7.2
HAM,4,4,0.29399999999999693,Mercedes,0.0,19.139999999999997,1,0,2021,9,,3.888059701492537,5.4,6.8
SAI,5,11,0.8389999999999986,Ferrari,-1.0,19.139999999999997,1,0,2021,9,3.9165000000000134,7.074626865671642,6.8,8.5
PER,6,3,0.2700000000000031,Red Bull Racing,0.0,19.139999999999997,1,0,2021,9,26.95150000000001,6.798507462686567,3.4,4.0
RIC,7,13,0.9989999999999952,McLaren,0.0,19.139999999999997,1,0,2021,9,0.27950000000001296,10.328358208955224,9.2,7.2
LEC,8,12,0.8799999999999955,Ferrari,0.0,19.139999999999997,1,0,2021,9,14.432500000000005,7.074626865671642,10.2,8.5
GAS,9,6,0.38700000000000045,AlphaTauri,0.0,19.139999999999997,1,0,2021,9,20.879500000000007,10.92,9.2,11.2
ALO,10,14,1.1359999999999957,Alpine,0.0,19.139999999999997,1,0,2021,9,10.994500000000016,11.5625,10.6,11.9
RUS,11,9,0.8709999999999951,Williams,-1.0,19.139999999999997,1,0,2021,9,22.876500000000007,15.76865671641791,15.2,15.8
TSU,12,7,0.5529999999999973,AlphaTauri,0.0,19.139999999999997,1,0,2021,9,32.11850000000001,10.92,13.2,11.2
STR,13,10,0.8979999999999961,Aston Martin,-1.0,19.139999999999997,1,0,2021,9,24.00750000000002,10.75,11.2,9.7
GIO,14,15,1.3629999999999995,Alfa Romeo Racing,0.0,19.139999999999997,1,0,2021,9,2.3185000000000144,13.141304347826088,13.2,12.7
RAI,15,16,1.2890000000000015,Alfa Romeo Racing,0.0,19.139999999999997,1,0,2021,9,17.79550000000002,13.141304347826088,12.2,12.7
LAT,16,18,1.4749999999999943,Williams,0.0,19.139999999999997,1,0,2021,9,30.07050000000001,15.76865671641791,16.4,15.8
VET,17,8,0.8499999999999943,Aston Martin,3.0,19.139999999999997,1,0,2021,9,27.259500000000017,10.75,8.2,9.7
MSC,18,19,1.7070000000000078,Haas F1 Team,0.0,19.139999999999997,1,0,2021,9,4.379000000000019,14.335820895522389,16.6,17.1
MAZ,19,20,2.2309999999999945,Haas F1 Team,0.0,19.139999999999997,1,0,2021,9,4.3215000000000146,14.335820895522389,17.6,17.1
OCO,20,17,1.331000000000003,Alpine,0.0,19.139999999999997,1,0,2021,9,0.0,11.5625,13.2,11.9
HAM,1,1,0.0,Mercedes,1.0,28.540000000000003,0,0,2021,10,,3.875,6.0,7.0
LEC,2,4,0.6940000000000026,Ferrari,0.0,28.540000000000003,0,0,2021,10,,7.0661764705882355,11.0,8.7
BOT,3,3,0.19400000000000261,Mercedes,0.0,28.540000000000003,0,0,2021,10,,3.875,8.0,7.0
NOR,4,6,0.7630000000000052,McLaren,-1.0,28.540000000000003,0,0,2021,10,,10.25,4.2,6.8
RIC,5,7,0.7650000000000006,McLaren,-1.0,28.540000000000003,0,0,2021,10,,10.25,9.4,6.8
SAI,6,9,0.8730000000000047,Ferrari,1.0,28.540000000000003,0,0,2021,10,,7.0661764705882355,6.4,8.7
ALO,7,11,1.1110000000000042,Alpine,-4.0,28.540000000000003,0,0,2021,10,,11.944444444444445,9.2,12.3
STR,8,15,1.531000000000006,Aston Martin,-1.0,28.540000000000003,0,0,2021,10,,11.222222222222221,11.6,10.3
OCO,9,13,1.206000000000003,Alpine,-4.0,28.540000000000003,0,0,2021,10,,11.944444444444445,15.4,12.3
TSU,10,16,1.909000000000006,AlphaTauri,0.0,28.540000000000003,0,0,2021,10,,10.903846153846153,11.6,10.3
GAS,11,12,1.1389999999999958,AlphaTauri,-1.0,28.540000000000003,0,0,2021,10,,10.903846153846153,9.0,10.3
RUS,12,8,0.8370000000000033,Williams,4.0,28.540000000000003,0,0,2021,10,,15.735294117647058,14.6,15.5
GIO,13,14,1.483000000000004,Alfa Romeo Racing,1.0,28.540000000000003,0,0,2021,10,,13.170212765957446,13.0,12.9
LAT,14,18,2.1200000000000045,Williams,-1.0,28.540000000000003,0,0,2021,10,,15.735294117647058,16.4,15.5
RAI,15,17,1.9279999999999973,Alfa Romeo Racing,-4.0,28.540000000000003,0,0,2021,10,,13.170212765957446,12.8,12.9
PER,16,5,0.7099999999999937,Red Bull Racing,-5.0,28.540000000000003,0,0,2021,10,,6.75,3.6,4.0
MAZ,17,20,2.9170000000000016,Haas F1 Team,-1.0,28.540000000000003,0,0,2021,10,,14.397058823529411,17.6,17.1
MSC,18,19,2.603999999999999,Haas F1 Team,-1.0,28.540000000000003,0,0,2021,10,,14.397058823529411,16.8,17.1
VET,19,10,1.0450000000000017,Aston Martin,-2.0,28.540000000000003,0,0,2021,10,,11.222222222222221,9.0,10.3
VER,20,2,0.07500000000000284,Red Bull Racing,-1.0,28.540000000000003,0,0,2021,10,,6.75,4.4,4.0
OCO,1,8,1.2340000000000089,Alpine,0.0,28.939999999999998,0,2,2021,11,37.03500000000001,11.55,15.4,11.7
HAM,2,1,0.0,Mercedes,0.0,28.939999999999998,0,2,2021,11,3.4665000000000106,3.847826086956522,4.8,4.8
SAI,3,15,1.230000000000004,Ferrari,0.0,28.939999999999998,0,2,2021,11,28.83450000000002,7.021739130434782,7.2,7.3
ALO,4,9,1.2960000000000065,Alpine,0.0,28.939999999999998,0,2,2021,11,0.5370000000000061,11.55,8.0,11.7
GAS,5,5,1.0640000000000072,AlphaTauri,0.0,28.939999999999998,0,2,2021,11,32.07000000000001,10.88888888888889,10.0,10.2
TSU,6,16,2.5,AlphaTauri,0.0,28.939999999999998,0,2,2021,11,3.3695000000000164,10.88888888888889,10.4,10.2
LAT,7,18,2.6170000000000044,Williams,0.0,28.939999999999998,0,2,2021,11,16.122500000000002,15.695652173913043,16.2,15.2
RUS,8,17,2.5250000000000057,Williams,0.0,28.939999999999998,0,2,2021,11,0.5550000000000068,15.695652173913043,14.2,15.2
VER,9,3,0.4210000000000065,Red Bull Racing,0.0,28.939999999999998,0,2,2021,11,,6.913043478260869,8.2,7.1
RAI,10,13,2.144999999999996,Alfa Romeo Racing,0.0,28.939999999999998,0,2,2021,11,25.99000000000001,13.1875,13.6,13.6
RIC,11,11,1.4519999999999982,McLaren,0.0,28.939999999999998,0,2,2021,11,0.6470000000000056,10.166666666666666,8.0,6.2
MSC,12,20,10.0,Haas F1 Team,0.0,28.939999999999998,0,2,2021,11,3.203000000000003,14.442028985507246,16.8,17.2
GIO,13,14,2.1640000000000015,Alfa Romeo Racing,-14.0,28.939999999999998,0,2,2021,11,0.8520000000000039,13.1875,13.6,13.6
MAZ,14,19,3.503,Haas F1 Team,0.0,28.939999999999998,0,2,2021,11,5.635000000000005,14.442028985507246,17.6,17.2
NOR,15,6,1.0700000000000074,McLaren,0.0,28.939999999999998,0,2,2021,11,27.569000000000003,10.166666666666666,4.4,6.2
BOT,16,2,0.3149999999999977,Mercedes,0.0,28.939999999999998,0,2,2021,11,3.4080000000000013,3.847826086956522,4.8,4.8
PER,17,4,1.0020000000000095,Red Bull Racing,0.0,28.939999999999998,0,2,2021,11,,6.913043478260869,6.0,7.1
LEC,18,7,1.0769999999999982,Ferrari,0.0,28.939999999999998,0,2,2021,11,0.0,7.021739130434782,7.4,7.3
STR,19,12,1.4740000000000038,Aston Martin,0.0,28.939999999999998,0,2,2021,11,20.699000000000012,11.45,11.6,11.7
VET,20,10,1.331000000000003,Aston Martin,0.0,28.939999999999998,0,2,2021,11,13.467000000000013,11.45,11.8,11.7
VER,1,1,0.0,Red Bull Racing,0.0,12.49,1,0,2021,12,4.13600000000001,7.0,6.4,7.8
RUS,2,2,0.32099999999999795,Williams,0.0,12.49,1,0,2021,12,,15.57857142857143,12.4,13.4
HAM,3,3,0.3340000000000032,Mercedes,0.0,12.49,1,0,2021,12,,3.9214285714285713,2.2,3.9
RIC,4,4,1.0990000000000038,McLaren,0.0,12.49,1,0,2021,12,3.8950000000000102,10.207142857142857,8.4,7.4
VET,5,5,1.1700000000000017,Aston Martin,0.0,12.49,1,0,2021,12,2.831000000000003,12.181818181818182,15.4,13.5
GAS,6,6,1.399000000000001,AlphaTauri,0.0,12.49,1,0,2021,12,1.5290000000000106,10.696428571428571,10.4,10.3
OCO,7,9,3.7480000000000047,Alpine,-1.0,12.49,1,0,2021,12,5.886499999999998,10.727272727272727,11.6,9.6
LEC,8,11,-2.043999999999997,Ferrari,-2.0,12.49,1,0,2021,12,6.140000000000001,7.071428571428571,10.2,8.2
LAT,9,12,-1.7090000000000032,Williams,-2.0,12.49,1,0,2021,12,6.14500000000001,15.57857142857143,14.4,13.4
SAI,10,13,-1.6280000000000001,Ferrari,-2.0,12.49,1,0,2021,12,7.39800000000001,7.071428571428571,6.2,8.2
ALO,11,14,-1.5600000000000023,Alpine,-2.0,12.49,1,0,2021,12,8.039000000000001,10.727272727272727,7.6,9.6
BOT,12,8,2.7369999999999948,Mercedes,5.0,12.49,1,0,2021,12,2.7950000000000017,3.9214285714285713,5.6,3.9
GIO,13,16,2.540999999999997,Alfa Romeo Racing,-2.0,12.49,1,0,2021,12,4.444000000000003,13.153061224489797,14.0,13.8
NOR,14,10,-3.739999999999995,McLaren,5.0,12.49,1,0,2021,12,3.64200000000001,10.207142857142857,6.4,7.4
TSU,15,17,2.647999999999996,AlphaTauri,-1.0,12.49,1,0,2021,12,5.304000000000002,10.696428571428571,10.2,10.3
MSC,16,18,4.207999999999998,Haas F1 Team,-1.0,12.49,1,0,2021,12,8.674999999999997,14.42142857142857,16.6,17.1
MAZ,17,20,5.173999999999992,Haas F1 Team,-2.0,12.49,1,0,2021,12,8.924999999999997,14.42142857142857,17.6,17.1
RAI,18,19,4.686999999999998,Alfa Romeo Racing,-19.0,12.49,1,0,2021,12,,13.153061224489797,13.6,13.8
PER,19,7,2.346999999999994,Red Bull Racing,-7.0,12.49,1,0,2021,12,0.0,7.0,9.2,7.8
STR,20,15,-1.534000000000006,Aston Martin,4.0,12.49,1,0,2021,12,6.144999999999996,12.181818181818182,11.6,13.5
VER,1,1,0.0,Red Bull Racing,0.0,20.64,0,0,2021,13,0.0,7.042253521126761,6.4,9.4
HAM,2,2,0.0379999999999967,Mercedes,0.0,20.64,0,0,2021,13,5.258500000000012,3.971830985915493,2.4,4.8
BOT,3,3,0.3369999999999891,Mercedes,0.0,20.64,0,0,2021,13,,3.971830985915493,7.2,4.8
GAS,4,4,0.5929999999999893,AlphaTauri,0.0,20.64,0,0,2021,13,30.001000000000005,10.689655172413794,10.2,10.4
LEC,5,5,0.6419999999999959,Ferrari,0.0,20.64,0,0,2021,13,0.5870000000000033,7.098591549295775,8.6,7.3
ALO,6,9,1.070999999999998,Alpine,0.0,20.64,0,0,2021,13,0.7820000000000107,10.583333333333334,8.2,9.2
SAI,7,6,0.652000000000001,Ferrari,0.0,20.64,0,0,2021,13,22.711000000000013,7.098591549295775,6.0,7.3
PER,8,16,1.644999999999996,Red Bull Racing,-16.0,20.64,0,0,2021,13,31.766000000000005,7.042253521126761,12.4,9.4
OCO,9,8,1.0480000000000018,Alpine,0.0,20.64,0,0,2021,13,1.1170000000000044,10.583333333333334,10.2,9.2
NOR,10,13,1.5210000000000008,McLaren,0.0,20.64,0,0,2021,13,0.9380000000000024,10.190140845070422,8.2,8.1
RIC,11,10,1.2809999999999917,McLaren,0.0,20.64,0,0,2021,13,0.7940000000000111,10.190140845070422,8.0,8.1
STR,12,12,1.4819999999999993,Aston Martin,0.0,20.64,0,0,2021,13,9.499500000000012,12.208333333333334,13.6,14.1
VET,13,17,1.8459999999999894,Aston Martin,-2.0,20.64,0,0,2021,13,8.237000000000009,12.208333333333334,14.6,14.1
GIO,14,7,0.7049999999999983,Alfa Romeo Racing,0.0,20.64,0,0,2021,13,1.433000000000007,13.2,13.6,13.7
KUB,15,18,2.415999999999997,Alfa Romeo Racing,-2.0,20.64,0,0,2021,13,3.9920000000000044,13.2,17.8,13.7
LAT,16,14,2.2759999999999962,Williams,-14.0,20.64,0,0,2021,13,9.909000000000006,15.43661971830986,12.6,11.5
RUS,17,11,1.4469999999999885,Williams,0.0,20.64,0,0,2021,13,1.9650000000000034,15.43661971830986,10.4,11.5
MSC,18,19,2.5019999999999953,Haas F1 Team,-2.0,20.64,0,0,2021,13,15.216000000000008,14.450704225352112,16.0,16.5
TSU,19,15,2.428999999999988,AlphaTauri,-1.0,20.64,0,0,2021,13,17.460499999999996,10.689655172413794,10.6,10.4
MAZ,20,20,2.989999999999995,Haas F1 Team,-2.0,20.64,0,0,2021,13,4.7050000000000125,14.450704225352112,17.0,16.5
RIC,1,5,0.4399999999999977,McLaren,-3.0,28.4,0,0,2021,14,,10.194444444444445,7.6,8.4
NOR,2,4,0.4339999999999975,McLaren,-1.0,28.4,0,0,2021,14,,10.194444444444445,9.2,8.4
BOT,3,1,0.0,Mercedes,18.0,28.4,0,0,2021,14,,3.951388888888889,7.2,4.8
LEC,4,8,0.9549999999999983,Ferrari,-3.0,28.4,0,0,2021,14,,7.083333333333333,8.2,7.2
PER,5,9,1.0559999999999974,Red Bull Racing,-1.0,28.4,0,0,2021,14,,7.006944444444445,13.2,9.8
SAI,6,7,0.9069999999999965,Ferrari,-1.0,28.4,0,0,2021,14,,7.083333333333333,6.2,7.2
STR,7,12,1.4649999999999892,Aston Martin,-3.0,28.4,0,0,2021,14,,12.23076923076923,14.4,14.6
ALO,8,13,1.5139999999999958,Alpine,-3.0,28.4,0,0,2021,14,,10.346153846153847,7.6,8.4
RUS,9,15,1.836999999999989,Williams,-1.0,28.4,0,0,2021,14,,15.45138888888889,10.0,11.2
OCO,10,14,1.5479999999999876,Alpine,-2.0,28.4,0,0,2021,14,,10.346153846153847,9.2,8.4
LAT,11,16,2.3699999999999903,Williams,-3.0,28.4,0,0,2021,14,,15.45138888888889,12.4,11.2
VET,12,11,1.3579999999999899,Aston Martin,0.0,28.4,0,0,2021,14,,12.23076923076923,14.8,14.6
GIO,13,10,1.2530000000000001,Alfa Romeo Racing,-3.0,28.4,0,0,2021,14,,13.22549019607843,13.4,14.0
KUB,14,19,2.9749999999999943,Alfa Romeo Racing,-2.0,28.4,0,0,2021,14,,13.22549019607843,17.4,14.0
MSC,15,18,2.692999999999998,Haas F1 Team,0.0,28.4,0,0,2021,14,,14.51388888888889,16.4,16.9
MAZ,16,20,3.160999999999987,Haas F1 Team,-4.0,28.4,0,0,2021,14,,14.51388888888889,17.4,16.9
HAM,17,2,0.09599999999998943,Mercedes,2.0,28.4,0,0,2021,14,,3.951388888888889,2.4,4.8
VER,18,3,0.41099999999998715,Red Bull Racing,-2.0,28.4,0,0,2021,14,,7.006944444444445,6.4,9.8
GAS,19,6,0.7049999999999983,AlphaTauri,-6.0,28.4,0,0,2021,14,,10.716666666666667,7.0,9.7
TSU,20,17,2.417999999999992,AlphaTauri,-17.0,28.4,0,0,2021,14,,10.716666666666667,12.4,9.7
HAM,1,4,2.057000000000002,Mercedes,0.0,19.13,0,2,2021,15,,4.034246575342466,5.0,6.2
VER,2,20,10.0,Red Bull Racing,0.0,19.13,0,2,2021,15,,7.068493150684931,9.8,11.4
SAI,3,2,0.5170000000000101,Ferrari,0.0,19.13,0,2,2021,15,,7.054794520547945,6.4,6.9
RIC,4,5,2.163000000000011,McLaren,0.0,19.13,0,2,2021,15,,10.075342465753424,6.4,7.7
BOT,5,7,2.7169999999999987,Mercedes,9.0,19.13,0,2,2021,15,,4.034246575342466,7.4,6.2
ALO,6,6,2.2109999999999985,Alpine,0.0,19.13,0,2,2021,15,,10.25,7.2,7.2
NOR,7,1,0.0,McLaren,0.0,19.13,0,2,2021,15,,10.075342465753424,9.0,7.7
RAI,8,16,7.5930000000000035,Alfa Romeo Racing,-3.0,19.13,0,2,2021,15,,13.23076923076923,13.8,13.8
PER,9,9,3.3440000000000083,Red Bull Racing,-1.0,19.13,0,2,2021,15,,7.068493150684931,13.0,11.4
RUS,10,3,0.9900000000000091,Williams,0.0,19.13,0,2,2021,15,,15.376712328767123,9.6,10.5
STR,11,8,2.963000000000008,Aston Martin,-1.0,19.13,0,2,2021,15,,12.035714285714286,13.2,13.5
VET,12,11,4.579999999999998,Aston Martin,-1.0,19.13,0,2,2021,15,,12.035714285714286,13.8,13.5
GAS,13,12,4.64800000000001,AlphaTauri,-1.0,19.13,0,2,2021,15,,11.0,9.0,11.5
OCO,14,10,3.872,Alpine,-1.0,19.13,0,2,2021,15,,10.25,7.2,7.2
LEC,15,15,6.477000000000004,Ferrari,4.0,19.13,0,2,2021,15,,7.054794520547945,7.4,6.9
GIO,16,18,9.030000000000001,Alfa Romeo Racing,-1.0,19.13,0,2,2021,15,,13.23076923076923,13.2,13.8
TSU,17,13,4.75800000000001,AlphaTauri,-1.0,19.13,0,2,2021,15,,11.0,14.0,11.5
MAZ,18,19,10.0,Haas F1 Team,-4.0,19.13,0,2,2021,15,,14.527397260273972,16.8,16.3
LAT,19,14,6.259,Williams,4.0,19.13,0,2,2021,15,,15.376712328767123,11.4,10.5
MSC,20,17,7.837000000000003,Haas F1 Team,-3.0,19.13,0,2,2021,15,,14.527397260273972,15.8,16.3
BOT,1,2,0.13000000000000966,Mercedes,-1.0,15.52,0,2,2021,16,,4.02027027027027,7.8,6.4
VER,2,3,0.32800000000000296,Red Bull Racing,-1.0,15.52,0,2,2021,16,22.659000000000006,7.047297297297297,6.2,8.9
PER,3,7,0.8380000000000081,Red Bull Racing,-1.0,15.52,0,2,2021,16,3.825000000000003,7.047297297297297,11.6,8.9
LEC,4,4,0.39700000000000557,Ferrari,-1.0,15.52,0,2,2021,16,,7.081081081081081,10.0,7.9
HAM,5,1,0.0,Mercedes,10.0,15.52,0,2,2021,16,,4.02027027027027,5.0,6.4
GAS,6,5,0.4579999999999984,AlphaTauri,-1.0,15.52,0,2,2021,16,0.0,11.125,9.4,12.4
NOR,7,8,1.0859999999999985,McLaren,-1.0,15.52,0,2,2021,16,1.1510000000000105,10.013513513513514,9.6,7.9
SAI,8,15,2.3090000000000117,Ferrari,4.0,15.52,0,2,2021,16,6.0859999999999985,7.081081081081081,5.8,7.9
STR,9,9,1.4370000000000118,Aston Martin,-1.0,15.52,0,2,2021,16,2.7450000000000045,12.0,13.8,13.1
OCO,10,12,1.9740000000000038,Alpine,0.0,15.52,0,2,2021,16,,10.233333333333333,8.2,7.6
GIO,11,18,3.562000000000012,Alfa Romeo Racing,-2.0,15.52,0,2,2021,16,19.911,13.20754716981132,13.8,13.4
RAI,12,19,4.657000000000011,Alfa Romeo Racing,-2.0,15.52,0,2,2021,16,0.7800000000000011,13.20754716981132,13.2,13.4
RIC,13,16,3.0130000000000052,McLaren,4.0,15.52,0,2,2021,16,1.4435000000000144,10.013513513513514,6.2,7.9
TSU,14,10,1.5,AlphaTauri,-1.0,15.52,0,2,2021,16,14.069000000000003,11.125,15.4,12.4
RUS,15,13,2.13900000000001,Williams,0.0,15.52,0,2,2021,16,,15.364864864864865,9.2,10.8
ALO,16,6,0.6090000000000089,Alpine,-1.0,15.52,0,2,2021,16,0.10900000000000887,10.233333333333333,7.0,7.6
LAT,17,17,3.2180000000000035,Williams,-2.0,15.52,0,2,2021,16,,15.364864864864865,12.4,10.8
VET,18,11,1.9270000000000067,Aston Martin,-1.0,15.52,0,2,2021,16,1.3130000000000024,12.0,12.4,13.1
MSC,19,14,2.332000000000008,Haas F1 Team,0.0,15.52,0,2,2021,16,9.670500000000018,14.587837837837839,16.2,16.6
MAZ,20,20,5.581000000000003,Haas F1 Team,-2.0,15.52,0,2,2021,16,3.128,14.587837837837839,17.0,16.6
VER,1,1,0.0,Red Bull Racing,0.0,26.55,0,2,2021,17,,6.986666666666666,4.8,6.8
HAM,2,2,0.20900000000000318,Mercedes,0.0,26.55,0,2,2021,17,,4.006666666666667,5.6,5.2
PER,3,3,0.22400000000000375,Red Bull Racing,0.0,26.55,0,2,2021,17,0.0,6.986666666666666,8.8,6.8
LEC,4,5,0.695999999999998,Ferrari,-1.0,26.55,0,2,2021,17,,7.066666666666666,7.2,7.0
RIC,5,7,0.8980000000000103,McLaren,-1.0,26.55,0,2,2021,17,41.372,10.013333333333334,6.6,7.3
BOT,6,4,0.5649999999999977,Mercedes,5.0,26.55,0,2,2021,17,,4.006666666666667,4.8,5.2
SAI,7,6,0.882000000000005,Ferrari,-1.0,26.55,0,2,2021,17,7.367000000000004,7.066666666666666,6.8,7.0
NOR,8,8,0.9770000000000039,McLaren,-1.0,26.55,0,2,2021,17,,10.013333333333334,8.0,7.3
TSU,9,10,2.0080000000000098,AlphaTauri,0.0,26.55,0,2,2021,17,,11.090909090909092,17.0,13.3
VET,10,12,2.5900000000000034,Aston Martin,6.0,26.55,0,2,2021,17,,12.09375,12.0,11.9
GIO,11,13,2.8840000000000003,Alfa Romeo Racing,-1.0,26.55,0,2,2021,17,,13.175925925925926,13.4,13.4
STR,12,16,3.0730000000000075,Aston Martin,-3.0,26.55,0,2,2021,17,,12.09375,11.8,11.9
RAI,13,18,3.4010000000000105,Alfa Romeo Racing,-3.0,26.55,0,2,2021,17,18.417500000000004,13.175925925925926,12.6,13.4
RUS,14,15,2.8359999999999985,Williams,5.0,26.55,0,2,2021,17,,15.373333333333333,10.6,12.5
LAT,15,17,3.085000000000008,Williams,-3.0,26.55,0,2,2021,17,,15.373333333333333,14.4,12.5
MSC,16,19,3.5889999999999986,Haas F1 Team,-3.0,26.55,0,2,2021,17,3.8135000000000048,14.653333333333334,17.6,17.9
MAZ,17,20,3.88600000000001,Haas F1 Team,-3.0,26.55,0,2,2021,17,15.316000000000003,14.653333333333334,18.2,17.9
ALO,18,14,10.0,Alpine,5.0,26.55,0,2,2021,17,,10.40625,9.4,9.7
OCO,19,11,2.4669999999999987,Alpine,0.0,26.55,0,2,2021,17,,10.40625,10.0,9.7
GAS,20,9,1.2079999999999984,AlphaTauri,-1.0,26.55,0,2,2021,17,1.3910000000000053,11.090909090909092,9.6,13.3
VER,1,3,0.3499999999999943,Red Bull Racing,0.0,19.4,0,2,2021,18,9.917500000000018,6.921052631578948,4.8,5.2
HAM,2,2,0.14499999999999602,Mercedes,0.0,19.4,0,2,2021,18,13.244500000000016,4.006578947368421,5.4,4.5
PER,3,4,0.46699999999999875,Red Bull Racing,0.0,19.4,0,2,2021,18,9.859000000000009,6.921052631578948,5.6,5.2
GAS,4,5,0.5810000000000031,AlphaTauri,0.0,19.4,0,2,2021,18,13.62100000000001,11.191176470588236,12.4,14.1
LEC,5,8,0.9620000000000033,Ferrari,0.0,19.4,0,2,2021,18,2.0770000000000124,7.046052631578948,6.4,6.3
SAI,6,6,0.8859999999999957,Ferrari,0.0,19.4,0,2,2021,18,2.5220000000000056,7.046052631578948,6.2,6.3
VET,7,11,1.8709999999999951,Aston Martin,-2.0,19.4,0,2,2021,18,19.644500000000008,12.029411764705882,13.0,11.6
RAI,8,12,2.0829999999999984,Alfa Romeo Racing,-2.0,19.4,0,2,2021,18,17.027,13.154545454545454,12.2,12.7
ALO,9,16,2.576999999999998,Alpine,-4.0,19.4,0,2,2021,18,14.888000000000005,10.882352941176471,10.8,11.6
NOR,10,10,10.0,McLaren,8.0,19.4,0,2,2021,18,7.410000000000011,9.967105263157896,6.8,6.8
GIO,11,14,2.4150000000000063,Alfa Romeo Racing,-3.0,19.4,0,2,2021,18,0.3470000000000084,13.154545454545454,13.0,12.7
RIC,12,7,0.8880000000000052,McLaren,0.0,19.4,0,2,2021,18,0.0,9.967105263157896,6.8,6.8
OCO,13,15,2.530000000000001,Alpine,4.0,19.4,0,2,2021,18,2.611000000000004,10.882352941176471,12.4,11.6
STR,14,20,4.998000000000005,Aston Martin,0.0,19.4,0,2,2021,18,17.649,12.029411764705882,10.2,11.6
BOT,15,1,0.0,Mercedes,0.0,19.4,0,2,2021,18,19.686000000000007,4.006578947368421,3.6,4.5
RUS,16,13,2.296999999999997,Williams,3.0,19.4,0,2,2021,18,4.4750000000000085,15.361842105263158,13.0,14.3
LAT,17,17,2.8810000000000002,Williams,-4.0,19.4,0,2,2021,18,,15.361842105263158,15.6,14.3
MAZ,18,19,3.4279999999999973,Haas F1 Team,-4.0,19.4,0,2,2021,18,26.888000000000005,14.677631578947368,18.2,17.9
MSC,19,18,2.983000000000004,Haas F1 Team,-4.0,19.4,0,2,2021,18,19.607,14.677631578947368,17.6,17.9
TSU,20,9,1.2830000000000013,AlphaTauri,8.0,19.4,0,2,2021,18,31.933000000000007,11.191176470588236,15.8,14.1
HAM,1,1,0.0,Mercedes,9.0,23.720000000000002,0,2,2021,19,,4.064935064935065,5.4,5.7
VER,2,2,0.4380000000000024,Red Bull Racing,0.0,23.720000000000002,0,2,2021,19,,6.857142857142857,4.8,4.7
BOT,3,3,0.5349999999999966,Mercedes,-2.0,23.720000000000002,0,2,2021,19,,4.064935064935065,6.0,5.7
PER,4,4,0.5490000000000066,Red Bull Racing,0.0,23.720000000000002,0,2,2021,19,,6.857142857142857,4.6,4.7
LEC,5,7,1.0259999999999962,Ferrari,-1.0,23.720000000000002,0,2,2021,19,,7.025974025974026,6.4,6.2
SAI,6,6,0.8919999999999959,Ferrari,-3.0,23.720000000000002,0,2,2021,19,,7.025974025974026,6.0,6.2
GAS,7,5,0.8430000000000035,AlphaTauri,2.0,23.720000000000002,0,2,2021,19,,11.214285714285714,12.4,14.2
OCO,8,11,1.2549999999999955,Alpine,-3.0,23.720000000000002,0,2,2021,19,,10.88888888888889,13.2,12.3
ALO,9,10,1.179000000000002,Alpine,2.0,23.720000000000002,0,2,2021,19,,10.88888888888889,11.4,12.3
NOR,10,8,1.0460000000000065,McLaren,-3.0,23.720000000000002,0,2,2021,19,,9.980519480519481,6.8,6.9
VET,11,12,1.4650000000000034,Aston Martin,-3.0,23.720000000000002,0,2,2021,19,,11.944444444444445,11.8,11.2
RAI,12,14,1.5690000000000026,Alfa Romeo Racing,-14.0,23.720000000000002,0,2,2021,19,,13.089285714285714,11.8,11.7
RUS,13,18,2.0190000000000055,Williams,-1.0,23.720000000000002,0,2,2021,19,,15.376623376623376,12.8,14.3
GIO,14,15,2.2930000000000064,Alfa Romeo Racing,-2.0,23.720000000000002,0,2,2021,19,,13.089285714285714,12.4,11.7
TSU,15,13,1.5490000000000066,AlphaTauri,2.0,23.720000000000002,0,2,2021,19,,11.214285714285714,16.0,14.2
LAT,16,17,1.963000000000008,Williams,-1.0,23.720000000000002,0,2,2021,19,,15.376623376623376,15.8,14.3
MAZ,17,20,2.655000000000001,Haas F1 Team,-1.0,23.720000000000002,0,2,2021,19,,14.727272727272727,17.8,17.8
MSC,18,19,2.394999999999996,Haas F1 Team,-1.0,23.720000000000002,0,2,2021,19,,14.727272727272727,17.8,17.8
RIC,19,9,1.105000000000004,McLaren,2.0,23.720000000000002,0,2,2021,19,,9.980519480519481,7.0,6.9
STR,20,16,1.7289999999999992,Aston Martin,-2.0,23.720000000000002,0,2,2021,19,,11.944444444444445,10.6,11.2
HAM,1,1,0.0,Mercedes,0.0,27.25,0,0,2021,20,,4.038461538461538,2.2,4.1
VER,2,2,0.4549999999999983,Red Bull Racing,5.0,27.25,0,0,2021,20,,6.8076923076923075,1.6,3.0
ALO,3,5,0.8430000000000035,Alpine,-2.0,27.25,0,0,2021,20,,10.763157894736842,11.6,12.2
PER,4,11,1.5190000000000055,Red Bull Racing,0.0,27.25,0,0,2021,20,,6.8076923076923075,4.4,3.0
OCO,5,9,1.2010000000000076,Alpine,0.0,27.25,0,0,2021,20,18.003,10.763157894736842,12.8,12.2
STR,6,12,1.6329999999999956,Aston Martin,0.0,27.25,0,0,2021,20,1.9789999999999992,12.131578947368421,13.2,12.4
SAI,7,7,1.0130000000000052,Ferrari,-2.0,27.25,0,0,2021,20,,7.006410256410256,6.0,6.3
LEC,8,13,1.6359999999999957,Ferrari,0.0,27.25,0,0,2021,20,19.188999999999993,7.006410256410256,6.6,6.3
NOR,9,6,0.9039999999999964,McLaren,-2.0,27.25,0,0,2021,20,3.9939999999999998,10.038461538461538,8.4,9.5
VET,10,10,1.9579999999999984,Aston Martin,0.0,27.25,0,0,2021,20,1.6589999999999918,12.131578947368421,11.6,12.4
GAS,11,4,0.8130000000000024,AlphaTauri,-2.0,27.25,0,0,2021,20,18.900999999999996,11.208333333333334,10.0,12.5
RIC,12,14,1.769999999999996,McLaren,0.0,27.25,0,0,2021,20,1.8699999999999903,10.038461538461538,10.6,9.5
TSU,13,8,1.054000000000002,AlphaTauri,0.0,27.25,0,0,2021,20,2.6370000000000005,11.208333333333334,15.0,12.5
RAI,14,16,2.3290000000000077,Alfa Romeo Racing,0.0,27.25,0,0,2021,20,2.2109999999999985,13.087719298245615,10.6,11.6
GIO,15,18,2.4350000000000023,Alfa Romeo Racing,0.0,27.25,0,0,2021,20,22.480999999999995,13.087719298245615,12.6,11.6
MSC,16,19,2.5799999999999983,Haas F1 Team,0.0,27.25,0,0,2021,20,3.2039999999999935,14.762820512820513,18.4,18.2
RUS,17,15,1.929000000000002,Williams,0.0,27.25,0,0,2021,20,25.814999999999984,15.365384615384615,13.6,15.2
MAZ,18,20,5.0319999999999965,Haas F1 Team,0.0,27.25,0,0,2021,20,,14.762820512820513,18.0,18.2
LAT,19,17,2.3859999999999957,Williams,0.0,27.25,0,0,2021,20,19.13749999999999,15.365384615384615,16.8,15.2
BOT,20,3,0.6509999999999962,Mercedes,3.0,27.25,0,0,2021,20,0.0,4.038461538461538,6.0,4.1
HAM,1,1,0.0,Mercedes,0.0,28.74,0,0,2021,21,5.68249999999999,4.120253164556962,2.2,5.6
VER,2,3,0.14200000000001012,Red Bull Racing,0.0,28.74,0,0,2021,21,0.0,6.7594936708860756,1.6,2.5
BOT,3,2,0.1110000000000042,Mercedes,0.0,28.74,0,0,2021,21,13.313999999999993,4.120253164556962,9.0,5.6
OCO,4,9,1.13600000000001,Alpine,0.0,28.74,0,0,2021,21,3.1880000000000024,10.425,11.0,11.0
RIC,5,11,1.1570000000000107,McLaren,0.0,28.74,0,0,2021,21,13.033000000000001,10.044303797468354,12.2,10.5
GAS,6,6,0.6140000000000043,AlphaTauri,0.0,28.74,0,0,2021,21,1.8544999999999874,11.22972972972973,9.6,11.9
LEC,7,4,0.5430000000000064,Ferrari,0.0,28.74,0,0,2021,21,1.1099999999999994,7.012658227848101,5.2,6.0
SAI,8,15,10.0,Ferrari,0.0,28.74,0,0,2021,21,,7.012658227848101,6.8,6.0
GIO,9,10,1.2430000000000092,Alfa Romeo Racing,0.0,28.74,0,0,2021,21,1.5219999999999914,13.112068965517242,12.4,12.1
NOR,10,7,0.6690000000000111,McLaren,0.0,28.74,0,0,2021,21,13.918999999999997,10.044303797468354,8.8,10.5
STR,11,18,1.8569999999999993,Aston Martin,0.0,28.74,0,0,2021,21,,11.925,12.2,11.7
LAT,12,16,1.666000000000011,Williams,0.0,28.74,0,0,2021,21,,15.39873417721519,16.8,15.9
ALO,13,13,1.409000000000006,Alpine,0.0,28.74,0,0,2021,21,2.387999999999991,10.425,11.0,11.0
TSU,14,8,0.9309999999999974,AlphaTauri,0.0,28.74,0,0,2021,21,1.7139999999999986,11.22972972972973,14.2,11.9
RAI,15,12,1.3740000000000094,Alfa Romeo Racing,0.0,28.74,0,0,2021,21,2.4210000000000065,13.112068965517242,11.8,12.1
VET,16,17,1.6869999999999976,Aston Martin,0.0,28.74,0,0,2021,21,25.08399999999999,11.925,11.2,11.7
PER,17,5,0.612000000000009,Red Bull Racing,0.0,28.74,0,0,2021,21,2.503,6.7594936708860756,3.4,2.5
MAZ,18,20,2.9620000000000033,Haas F1 Team,0.0,28.74,0,0,2021,21,8.583999999999989,14.791139240506329,18.0,17.8
RUS,19,14,1.5430000000000064,Williams,0.0,28.74,0,0,2021,21,2.73299999999999,15.39873417721519,15.0,15.9
MSC,20,19,1.953000000000003,Haas F1 Team,0.0,28.74,0,0,2021,21,7.417000000000002,14.791139240506329,17.6,17.8
VER,1,1,0.0,Red Bull Racing,0.0,25.57,0,2,2021,22,5.349000000000004,6.79375,1.6,3.9
HAM,2,2,0.3710000000000093,Mercedes,0.0,25.57,0,2,2021,22,4.305999999999997,4.09375,1.4,5.4
SAI,3,5,0.8830000000000098,Ferrari,0.0,25.57,0,2,2021,22,4.103999999999999,7.01875,6.8,6.3
TSU,4,8,1.1110000000000042,AlphaTauri,0.0,25.57,0,2,2021,22,43.47099999999999,11.197368421052632,14.2,11.9
GAS,5,12,1.9340000000000117,AlphaTauri,0.0,25.57,0,2,2021,22,0.0,11.197368421052632,9.6,11.9
BOT,6,6,0.9270000000000067,Mercedes,0.0,25.57,0,2,2021,22,17.549999999999997,4.09375,9.4,5.4
NOR,7,3,0.8220000000000027,McLaren,0.0,25.57,0,2,2021,22,20.718000000000004,10.0125,9.4,10.0
ALO,8,11,1.350999999999999,Alpine,0.0,25.57,0,2,2021,22,0.882000000000005,10.333333333333334,10.4,10.1
OCO,9,9,1.2800000000000011,Alpine,0.0,25.57,0,2,2021,22,0.4765000000000015,10.333333333333334,9.8,10.1
LEC,10,7,1.0130000000000052,Ferrari,0.0,25.57,0,2,2021,22,24.295,7.01875,5.8,6.3
VET,11,15,2.196000000000012,Aston Martin,0.0,25.57,0,2,2021,22,16.229,12.0,10.8,11.7
RIC,12,10,1.3000000000000114,McLaren,0.0,25.57,0,2,2021,22,18.1075,10.0125,10.6,10.0
STR,13,13,1.9570000000000078,Aston Martin,0.0,25.57,0,2,2021,22,20.837999999999994,12.0,12.6,11.7
MSC,14,19,2.7970000000000113,Haas F1 Team,0.0,25.57,0,2,2021,22,1.1140000000000043,14.84375,17.8,17.7
PER,15,4,0.8380000000000081,Red Bull Racing,0.0,25.57,0,2,2021,22,35.5,6.79375,6.2,3.9
LAT,16,16,2.228999999999999,Williams,0.0,25.57,0,2,2021,22,4.534000000000006,15.4,15.8,15.8
GIO,17,14,2.14200000000001,Alfa Romeo Racing,0.0,25.57,0,2,2021,22,27.498999999999995,13.09322033898305,12.0,12.2
RUS,18,17,2.314000000000007,Williams,0.0,25.57,0,2,2021,22,4.515000000000001,15.4,15.8,15.8
RAI,19,18,2.6700000000000017,Alfa Romeo Racing,0.0,25.57,0,2,2021,22,18.098499999999987,13.09322033898305,12.4,12.2
LEC,1,1,0.0,Ferrari,0.0,25.58,0,2,2022,1,,7.012345679012346,7.0,6.5
SAI,2,3,0.12899999999999068,Ferrari,0.0,25.58,0,2,2022,1,3.3569999999999993,7.012345679012346,6.0,6.5
HAM,3,5,0.6799999999999926,Mercedes,0.0,25.58,0,2,2022,1,0.0,4.092592592592593,1.4,5.4
RUS,4,9,1.657999999999987,Mercedes,0.0,25.58,0,2,2022,1,5.147499999999994,4.092592592592593,16.6,5.4
MAG,5,7,1.25,Haas F1 Team,0.0,25.58,0,2,2022,1,37.39999999999999,14.833333333333334,17.0,17.2
BOT,6,6,1.0019999999999953,Alfa Romeo,0.0,25.58,0,2,2022,1,0.6894999999999953,,9.4,
OCO,7,11,1.2239999999999895,Alpine,0.0,25.58,0,2,2022,1,2.3329999999999984,10.25,7.8,8.1
TSU,8,16,2.191999999999993,AlphaTauri,0.0,25.58,0,2,2022,1,,11.025641025641026,13.2,9.9
ALO,9,8,1.6369999999999862,Alpine,0.0,25.58,0,2,2022,1,6.729499999999987,10.25,8.4,8.1
ZHO,10,15,2.9849999999999994,Alfa Romeo,0.0,25.58,0,2,2022,1,0.9699999999999989,,,
MSC,11,12,1.4399999999999977,Haas F1 Team,0.0,25.58,0,2,2022,1,16.078999999999994,14.833333333333334,17.4,17.2
STR,12,19,2.4739999999999895,Aston Martin,0.0,25.58,0,2,2022,1,30.792500000000004,12.0,12.8,11.9
ALB,13,14,2.1059999999999945,Williams,0.0,25.58,0,2,2022,1,,15.419753086419753,7.0,16.3
RIC,14,18,2.3869999999999862,McLaren,0.0,25.58,0,2,2022,1,4.801000000000002,10.006172839506172,12.0,10.6
NOR,15,13,1.4499999999999886,McLaren,0.0,25.58,0,2,2022,1,4.0565,10.006172839506172,9.2,10.6
LAT,16,20,3.0759999999999934,Williams,0.0,25.58,0,2,2022,1,,15.419753086419753,16.0,16.3
HUL,17,17,2.218999999999994,Aston Martin,0.0,25.58,0,2,2022,1,3.879000000000005,12.0,12.4,11.9
PER,18,4,0.36299999999999955,Red Bull Racing,0.0,25.58,0,2,2022,1,1.8589999999999947,6.808641975308642,8.6,5.1
VER,19,2,0.12299999999999045,Red Bull Racing,0.0,25.58,0,2,2022,1,2.262999999999991,6.808641975308642,1.6,5.1
GAS,20,10,1.779999999999987,AlphaTauri,0.0,25.58,0,2,2022,1,2.1935000000000002,11.025641025641026,6.6,9.9
VER,1,4,0.2609999999999957,Red Bull Racing,0.0,25.32,0,0,2022,2,0.0,6.951219512195122,5.2,8.4
LEC,2,2,0.024999999999991473,Ferrari,0.0,25.32,0,0,2022,2,3.98899999999999,6.945121951219512,6.2,5.7
SAI,3,3,0.20199999999999818,Ferrari,0.0,25.32,0,0,2022,2,4.593999999999994,6.945121951219512,5.2,5.7
PER,4,1,0.0,Red Bull Racing,0.0,25.32,0,0,2022,2,29.455,6.951219512195122,11.6,8.4
RUS,5,6,0.9039999999999964,Mercedes,0.0,25.32,0,0,2022,2,16.239499999999992,4.085365853658536,14.2,4.4
OCO,6,5,0.867999999999995,Alpine,0.0,25.32,0,0,2022,2,12.343499999999992,10.152173913043478,6.6,7.5
NOR,7,11,1.4509999999999934,McLaren,0.0,25.32,0,0,2022,2,12.924499999999995,10.060975609756097,10.2,11.3
GAS,8,9,1.054000000000002,AlphaTauri,0.0,25.32,0,0,2022,2,18.840999999999994,11.1,9.8,10.3
MAG,9,10,1.387999999999991,Haas F1 Team,0.0,25.32,0,0,2022,2,20.908999999999992,14.75,14.4,15.1
HAM,10,16,2.1430000000000007,Mercedes,-1.0,25.32,0,0,2022,2,15.354,4.085365853658536,1.6,4.4
ZHO,11,13,1.6189999999999998,Alfa Romeo,-1.0,25.32,0,0,2022,2,1.820999999999998,8.0,10.0,8.0
HUL,12,18,2.3430000000000035,Aston Martin,-1.0,25.32,0,0,2022,2,21.156499999999994,12.108695652173912,12.8,12.7
STR,13,15,2.8089999999999975,Aston Martin,-2.0,25.32,0,0,2022,2,23.564999999999998,12.108695652173912,12.4,12.7
ALB,14,17,2.2920000000000016,Williams,-1.0,25.32,0,0,2022,2,18.8545,15.408536585365853,6.6,15.9
BOT,15,8,0.9830000000000041,Alfa Romeo,0.0,25.32,0,0,2022,2,10.233999999999995,8.0,7.6,8.0
ALO,16,7,0.9470000000000027,Alpine,0.0,25.32,0,0,2022,2,1.134999999999991,10.152173913043478,8.4,7.5
RIC,17,12,1.5729999999999933,McLaren,2.0,25.32,0,0,2022,2,7.686499999999995,10.060975609756097,12.4,11.3
LAT,18,19,3.6169999999999902,Williams,-1.0,25.32,0,0,2022,2,11.846499999999992,15.408536585365853,15.8,15.9
TSU,19,20,10.0,AlphaTauri,-1.0,25.32,0,0,2022,2,1.5030000000000001,11.1,10.8,10.3
LEC,1,1,0.0,Ferrari,0.0,25.919999999999998,0,1,2022,3,,6.891566265060241,5.6,5.1
PER,2,3,0.3719999999999999,Red Bull Racing,0.0,25.919999999999998,0,1,2022,3,13.033999999999992,6.897590361445783,11.6,8.3
RUS,3,6,1.065000000000012,Mercedes,0.0,25.919999999999998,0,1,2022,3,11.269999999999996,4.126506024096385,12.6,5.5
HAM,4,5,0.9570000000000078,Mercedes,0.0,25.919999999999998,0,1,2022,3,3.6624999999999943,4.126506024096385,3.4,5.5
NOR,5,4,0.835000000000008,McLaren,0.0,25.919999999999998,0,1,2022,3,40.986999999999995,10.08433734939759,9.6,10.8
RIC,6,7,1.1640000000000015,McLaren,0.0,25.919999999999998,0,1,2022,3,,10.08433734939759,12.0,10.8
OCO,7,8,1.193000000000012,Alpine,0.0,25.919999999999998,0,1,2022,3,0.782999999999987,10.1875,6.2,8.0
BOT,8,12,1.5420000000000016,Alfa Romeo,0.0,25.919999999999998,0,1,2022,3,24.037999999999997,10.5,10.0,10.5
GAS,9,11,1.358000000000004,AlphaTauri,0.0,25.919999999999998,0,1,2022,3,2.539500000000004,11.158536585365853,10.0,10.8
ALB,10,16,2.26700000000001,Williams,4.0,25.919999999999998,0,1,2022,3,19.084999999999994,15.41566265060241,8.0,16.2
ZHO,11,14,2.287000000000006,Alfa Romeo,0.0,25.919999999999998,0,1,2022,3,18.303999999999988,10.5,10.5,10.5
STR,12,20,10.0,Aston Martin,-1.0,25.919999999999998,0,1,2022,3,18.299499999999995,12.125,11.0,12.1
MSC,13,15,2.5970000000000084,Haas F1 Team,0.0,25.919999999999998,0,1,2022,3,2.665999999999997,14.680722891566266,15.8,13.4
MAG,14,17,2.38600000000001,Haas F1 Team,-1.0,25.919999999999998,0,1,2022,3,2.2069999999999936,14.680722891566266,12.8,13.4
TSU,15,13,1.5560000000000116,AlphaTauri,0.0,25.919999999999998,0,1,2022,3,14.383999999999986,11.158536585365853,11.6,10.8
LAT,16,19,3.504000000000005,Williams,-1.0,25.919999999999998,0,1,2022,3,16.24799999999999,15.41566265060241,16.2,16.2
ALO,17,10,0.9470000000000027,Alpine,0.0,25.919999999999998,0,1,2022,3,0.0,10.1875,9.8,8.0
VER,18,2,0.28600000000000136,Red Bull Racing,0.0,25.919999999999998,0,1,2022,3,13.343999999999994,6.897590361445783,5.0,8.3
VET,19,18,3.281000000000006,Aston Martin,-1.0,25.919999999999998,0,1,2022,3,,12.125,11.0,12.1
SAI,20,9,1.5400000000000063,Ferrari,0.0,25.919999999999998,0,1,2022,3,31.96199999999999,6.891566265060241,4.6,5.1
VER,1,1,0.0,Red Bull Racing,0.0,11.27,0,0,2022,4,,6.934523809523809,8.2,9.7
PER,2,7,1.8090000000000117,Red Bull Racing,-4.0,11.27,0,0,2022,4,,6.934523809523809,11.2,9.7
NOR,3,3,1.132000000000005,McLaren,2.0,11.27,0,0,2022,4,,10.029761904761905,8.8,9.8
RUS,4,11,-7.24199999999999,Mercedes,0.0,11.27,0,0,2022,4,,4.119047619047619,9.8,4.1
BOT,5,8,2.4399999999999977,Alfa Romeo,-1.0,11.27,0,0,2022,4,,10.166666666666666,7.6,10.166666666666666
LEC,6,2,0.7790000000000106,Ferrari,0.0,11.27,0,0,2022,4,,6.934523809523809,4.2,5.7
TSU,7,16,-7.5249999999999915,AlphaTauri,-4.0,11.27,0,0,2022,4,,11.178571428571429,12.0,10.8
VET,8,9,3.0630000000000024,Aston Martin,4.0,11.27,0,0,2022,4,,12.26,13.4,13.6
MAG,9,4,1.1650000000000063,Haas F1 Team,4.0,11.27,0,0,2022,4,,14.666666666666666,12.2,12.7
STR,10,15,0.12000000000000455,Aston Martin,0.0,11.27,0,0,2022,4,,12.26,12.2,13.6
ALB,11,20,10.0,Williams,-2.0,11.27,0,0,2022,4,,15.386904761904763,9.4,15.2
GAS,12,17,-7.266999999999996,AlphaTauri,0.0,11.27,0,0,2022,4,,11.178571428571429,9.6,10.8
HAM,13,13,-6.86099999999999,Mercedes,1.0,11.27,0,0,2022,4,,4.119047619047619,4.0,4.1
OCO,14,19,-5.661000000000001,Alpine,-3.0,11.27,0,0,2022,4,,10.26,6.6,9.6
ZHO,15,14,-6.564999999999998,Alfa Romeo,-14.0,11.27,0,0,2022,4,,10.166666666666666,10.666666666666666,10.166666666666666
LAT,16,18,-6.027999999999992,Williams,1.0,11.27,0,0,2022,4,,15.386904761904763,15.6,15.2
MSC,17,12,-7.082999999999998,Haas F1 Team,-2.0,11.27,0,0,2022,4,,14.666666666666666,14.8,12.7
RIC,18,6,1.7430000000000092,McLaren,0.0,11.27,0,0,2022,4,,10.029761904761905,10.8,9.8
ALO,19,5,1.203000000000003,Alpine,4.0,11.27,0,0,2022,4,,10.26,12.6,9.6
SAI,20,10,-9.009,Ferrari,-6.0,11.27,0,0,2022,4,,6.934523809523809,7.2,5.7
VER,1,3,0.19499999999999318,Red Bull Racing,0.0,30.970000000000006,1,2,2022,5,3.6780000000000115,6.870588235294117,8.0,8.1
LEC,2,1,0.0,Ferrari,0.0,30.970000000000006,1,2,2022,5,0.11700000000000443,7.0058823529411764,4.0,6.8
SAI,3,2,0.18999999999999773,Ferrari,0.0,30.970000000000006,1,2,2022,5,0.0,7.0058823529411764,9.6,6.8
PER,4,4,0.23999999999999488,Red Bull Racing,0.0,30.970000000000006,1,2,2022,5,4.0460000000000065,6.870588235294117,8.2,8.1
RUS,5,12,1.3769999999999953,Mercedes,0.0,30.970000000000006,1,2,2022,5,10.530500000000004,4.170588235294118,6.8,5.4
HAM,6,6,0.8289999999999935,Mercedes,0.0,30.970000000000006,1,2,2022,5,18.22200000000001,4.170588235294118,6.4,5.4
BOT,7,5,0.6789999999999878,Alfa Romeo,0.0,30.970000000000006,1,2,2022,5,4.021000000000001,10.125,8.0,10.125
OCO,8,20,10.0,Alpine,0.0,30.970000000000006,1,2,2022,5,,10.5,8.6,11.2
ALB,9,18,2.469999999999999,Williams,0.0,30.970000000000006,1,2,2022,5,14.695999999999998,15.364705882352942,10.4,14.8
STR,10,10,1.8799999999999955,Aston Martin,-10.0,30.970000000000006,1,2,2022,5,29.436999999999998,12.134615384615385,12.0,12.7
ALO,11,11,1.36399999999999,Alpine,0.0,30.970000000000006,1,2,2022,5,25.10950000000001,10.5,13.8,11.2
TSU,12,9,1.1359999999999957,AlphaTauri,0.0,30.970000000000006,1,2,2022,5,24.620000000000005,11.13953488372093,10.6,10.7
RIC,13,14,1.5139999999999958,McLaren,0.0,30.970000000000006,1,2,2022,5,5.903000000000006,10.035294117647059,13.4,10.4
LAT,14,19,2.5289999999999964,Williams,0.0,30.970000000000006,1,2,2022,5,2.784000000000006,15.364705882352942,16.4,14.8
MSC,15,15,1.6269999999999953,Haas F1 Team,0.0,30.970000000000006,1,2,2022,5,0.31100000000000705,14.647058823529411,15.0,11.5
MAG,16,16,2.178999999999988,Haas F1 Team,0.0,30.970000000000006,1,2,2022,5,1.9480000000000075,14.647058823529411,11.0,11.5
VET,17,13,1.4179999999999922,Aston Martin,-13.0,30.970000000000006,1,2,2022,5,16.78800000000001,12.134615384615385,12.8,12.7
GAS,18,7,0.8939999999999912,AlphaTauri,0.0,30.970000000000006,1,2,2022,5,3.6140000000000043,11.13953488372093,10.8,10.7
NOR,19,8,0.9539999999999935,McLaren,0.0,30.970000000000006,1,2,2022,5,11.4465,10.035294117647059,7.4,10.4
ZHO,20,17,2.2239999999999895,Alfa Romeo,0.0,30.970000000000006,1,2,2022,5,1.0995000000000061,10.125,11.75,10.125
VER,1,2,0.3229999999999933,Red Bull Racing,0.0,36.120000000000005,0,2,2022,6,,6.819767441860465,8.0,7.0
PER,2,5,0.6700000000000017,Red Bull Racing,0.0,36.120000000000005,0,2,2022,6,,6.819767441860465,6.0,7.0
RUS,3,4,0.6430000000000007,Mercedes,0.0,36.120000000000005,0,2,2022,6,,4.186046511627907,4.2,5.7
SAI,4,3,0.4159999999999968,Ferrari,0.0,36.120000000000005,0,2,2022,6,2.8215000000000003,6.953488372093023,9.6,6.0
HAM,5,6,0.7620000000000005,Mercedes,0.0,36.120000000000005,0,2,2022,6,,4.186046511627907,7.2,5.7
BOT,6,7,0.8580000000000041,Alfa Romeo,0.0,36.120000000000005,0,2,2022,6,3.4069999999999965,10.8,8.2,10.8
OCO,7,12,1.8880000000000052,Alpine,0.0,36.120000000000005,0,2,2022,6,0.777000000000001,10.462962962962964,8.4,11.4
NOR,8,11,1.7210000000000036,McLaren,0.0,36.120000000000005,0,2,2022,6,0.7450000000000045,10.104651162790697,9.8,11.7
ALO,9,17,2.2930000000000064,Alpine,3.0,36.120000000000005,0,2,2022,6,1.5630000000000024,10.462962962962964,14.4,11.4
TSU,10,13,1.8889999999999958,AlphaTauri,0.0,36.120000000000005,0,2,2022,6,2.385000000000005,11.227272727272727,12.2,12.8
VET,11,16,2.2039999999999935,Aston Martin,0.0,36.120000000000005,0,2,2022,6,2.4535000000000053,12.185185185185185,14.2,13.0
RIC,12,9,1.546999999999997,McLaren,0.0,36.120000000000005,0,2,2022,6,0.0,10.104651162790697,13.6,11.7
GAS,13,14,2.111000000000004,AlphaTauri,0.0,36.120000000000005,0,2,2022,6,,11.227272727272727,13.4,12.8
MSC,14,10,1.617999999999995,Haas F1 Team,0.0,36.120000000000005,0,2,2022,6,,14.656976744186046,14.0,11.8
STR,15,18,2.6680000000000064,Aston Martin,-1.0,36.120000000000005,0,2,2022,6,2.579499999999996,12.185185185185185,11.4,13.0
LAT,16,20,3.1650000000000063,Williams,-1.0,36.120000000000005,0,2,2022,6,,15.319767441860465,16.0,13.7
MAG,17,8,0.9320000000000022,Haas F1 Team,0.0,36.120000000000005,0,2,2022,6,24.197000000000003,14.656976744186046,10.6,11.8
ALB,18,19,2.894999999999996,Williams,-1.0,36.120000000000005,0,2,2022,6,,15.319767441860465,11.4,13.7
ZHO,19,15,2.343999999999994,Alfa Romeo,0.0,36.120000000000005,0,2,2022,6,13.408000000000001,10.8,13.4,10.8
LEC,20,1,0.0,Ferrari,0.0,36.120000000000005,0,2,2022,6,2.8299999999999983,6.953488372093023,2.4,6.0
PER,1,3,0.2530000000000001,Red Bull Racing,0.0,24.169999999999998,0,1,2022,7,31.713000000000008,6.758620689655173,2.8,3.6
SAI,2,2,0.22499999999999432,Ferrari,0.0,24.169999999999998,0,1,2022,7,11.268,7.011494252873563,10.0,8.1
VER,3,4,0.28999999999999204,Red Bull Racing,0.0,24.169999999999998,0,1,2022,7,13.01400000000001,6.758620689655173,4.4,3.6
LEC,4,1,0.0,Ferrari,0.0,24.169999999999998,0,1,2022,7,7.100499999999997,7.011494252873563,6.2,8.1
RUS,5,6,0.73599999999999,Mercedes,0.0,24.169999999999998,0,1,2022,7,14.878500000000003,4.183908045977011,4.0,5.8
NOR,6,5,0.472999999999999,McLaren,0.0,24.169999999999998,0,1,2022,7,6.113000000000014,10.10344827586207,8.4,10.8
ALO,7,7,0.8709999999999951,Alpine,0.0,24.169999999999998,0,1,2022,7,0.0,10.375,14.4,11.4
HAM,8,8,1.1839999999999975,Mercedes,0.0,24.169999999999998,0,1,2022,7,18.420500000000004,4.183908045977011,7.6,5.8
BOT,9,12,1.5330000000000013,Alfa Romeo,0.0,24.169999999999998,0,1,2022,7,0.46700000000001296,11.083333333333334,8.2,11.7
VET,10,9,1.3559999999999945,Aston Martin,0.0,24.169999999999998,0,1,2022,7,0.18850000000000477,12.214285714285714,13.2,12.7
GAS,11,17,2.283999999999992,AlphaTauri,0.0,24.169999999999998,0,1,2022,7,0.7110000000000127,11.233333333333333,12.0,12.3
OCO,12,10,1.6709999999999923,Alpine,0.0,24.169999999999998,0,1,2022,7,18.369,10.375,8.4,11.4
RIC,13,14,1.5879999999999939,McLaren,0.0,24.169999999999998,0,1,2022,7,5.970000000000013,10.10344827586207,13.2,10.8
STR,14,18,2.3019999999999925,Aston Martin,0.0,24.169999999999998,0,1,2022,7,2.5180000000000007,12.214285714285714,12.0,12.7
LAT,15,19,3.027000000000001,Williams,0.0,24.169999999999998,0,1,2022,7,1.8689999999999998,15.339080459770114,16.0,14.2
ZHO,16,20,4.22999999999999,Alfa Romeo,0.0,24.169999999999998,0,1,2022,7,0.7600000000000051,11.083333333333334,15.2,11.7
TSU,17,11,1.4209999999999923,AlphaTauri,0.0,24.169999999999998,0,1,2022,7,14.942000000000007,11.233333333333333,12.6,12.3
ALB,18,16,2.2349999999999994,Williams,0.0,24.169999999999998,0,1,2022,7,10.271,15.339080459770114,12.4,14.2
MSC,19,15,1.7049999999999983,Haas F1 Team,0.0,24.169999999999998,0,1,2022,7,0.1490000000000009,14.666666666666666,14.0,13.3
MAG,20,13,1.5450000000000017,Haas F1 Team,0.0,24.169999999999998,0,1,2022,7,15.788000000000011,14.666666666666666,13.0,13.3
VER,1,3,0.3470000000000084,Red Bull Racing,0.0,25.68,0,1,2022,8,,6.704545454545454,4.8,3.5
PER,2,2,0.2820000000000107,Red Bull Racing,0.0,25.68,0,1,2022,8,0.0,6.704545454545454,2.2,3.5
RUS,3,5,1.3530000000000086,Mercedes,0.0,25.68,0,1,2022,8,16.768500000000003,4.2102272727272725,4.0,5.6
HAM,4,7,1.565000000000012,Mercedes,0.0,25.68,0,1,2022,8,9.980999999999995,4.2102272727272725,7.2,5.6
GAS,5,6,1.4860000000000042,AlphaTauri,0.0,25.68,0,1,2022,8,15.549499999999995,11.293478260869565,12.6,12.4
VET,6,9,1.7319999999999993,Aston Martin,0.0,25.68,0,1,2022,8,3.30149999999999,12.206896551724139,13.0,12.6
ALO,7,10,1.8140000000000072,Alpine,0.0,25.68,0,1,2022,8,14.08999999999999,10.344827586206897,12.6,11.1
RIC,8,12,2.2150000000000034,McLaren,0.0,25.68,0,1,2022,8,21.711,10.096590909090908,12.4,10.3
NOR,9,11,2.0390000000000015,McLaren,0.0,25.68,0,1,2022,8,22.255499999999998,10.096590909090908,8.2,10.3
OCO,10,13,2.225999999999999,Alpine,0.0,25.68,0,1,2022,8,16.889499999999998,10.344827586206897,9.6,11.1
BOT,11,15,3.085000000000008,Alfa Romeo,0.0,25.68,0,1,2022,8,29.673500000000004,11.285714285714286,7.0,11.6
ALB,12,17,3.3599999999999994,Williams,0.0,25.68,0,1,2022,8,4.856999999999999,15.352272727272727,13.2,14.3
TSU,13,8,1.6970000000000027,AlphaTauri,0.0,25.68,0,1,2022,8,3.965500000000006,11.293478260869565,12.2,12.4
MSC,14,20,4.416000000000011,Haas F1 Team,0.0,25.68,0,1,2022,8,11.793499999999995,14.721590909090908,15.6,15.4
LAT,15,18,4.00800000000001,Williams,0.0,25.68,0,1,2022,8,6.048999999999992,15.352272727272727,15.4,14.3
STR,16,19,4.0120000000000005,Aston Martin,0.0,25.68,0,1,2022,8,4.136499999999998,12.206896551724139,12.2,12.6
MAG,17,16,3.284000000000006,Haas F1 Team,0.0,25.68,0,1,2022,8,12.070000000000007,14.721590909090908,15.2,15.4
ZHO,18,14,2.4310000000000116,Alfa Romeo,0.0,25.68,0,1,2022,8,4.239000000000004,11.285714285714286,16.2,11.6
LEC,19,1,0.0,Ferrari,0.0,25.68,0,1,2022,8,4.366,6.965909090909091,6.6,8.2
SAI,20,4,0.4549999999999983,Ferrari,0.0,25.68,0,1,2022,8,3.1739999999999924,6.965909090909091,9.8,8.2
VER,1,1,0.0,Red Bull Racing,0.0,19.05,0,1,2022,9,,6.646067415730337,1.4,1.8
SAI,2,3,0.796999999999997,Ferrari,0.0,19.05,0,1,2022,9,0.589500000000001,7.106741573033708,9.8,10.0
HAM,3,4,1.5919999999999987,Mercedes,0.0,19.05,0,1,2022,9,2.8940000000000055,4.202247191011236,7.2,5.6
RUS,4,8,2.2579999999999956,Mercedes,0.0,19.05,0,1,2022,9,2.9939999999999998,4.202247191011236,4.0,5.6
LEC,5,15,10.0,Ferrari,4.0,19.05,0,1,2022,9,,7.106741573033708,10.2,10.0
OCO,6,7,2.2299999999999898,Alpine,0.0,19.05,0,1,2022,9,4.123000000000005,10.283333333333333,10.2,10.4
BOT,7,11,5.48899999999999,Alfa Romeo,0.0,19.05,0,1,2022,9,1.472999999999999,11.6875,7.6,12.6
ZHO,8,10,2.7309999999999945,Alfa Romeo,0.0,19.05,0,1,2022,9,5.456000000000003,11.6875,17.6,12.6
ALO,9,2,0.644999999999996,Alpine,0.0,19.05,0,1,2022,9,0.17450000000000898,10.283333333333333,10.6,10.4
STR,10,18,10.0,Aston Martin,-1.0,19.05,0,1,2022,9,4.031500000000008,12.166666666666666,13.0,11.7
RIC,11,9,2.4499999999999886,McLaren,0.0,19.05,0,1,2022,9,,10.07865168539326,12.8,10.9
VET,12,17,10.0,Aston Martin,-1.0,19.05,0,1,2022,9,3.6159999999999997,12.166666666666666,10.4,11.7
ALB,13,12,5.5589999999999975,Williams,0.0,19.05,0,1,2022,9,4.761499999999998,15.331460674157304,13.6,14.4
GAS,14,16,10.0,AlphaTauri,-1.0,19.05,0,1,2022,9,2.6940000000000026,11.24468085106383,11.8,11.8
NOR,15,14,10.0,McLaren,0.0,19.05,0,1,2022,9,,10.07865168539326,9.0,10.9
LAT,16,19,10.0,Williams,-1.0,19.05,0,1,2022,9,3.2349999999999994,15.331460674157304,15.2,14.4
MAG,17,5,1.6609999999999872,Haas F1 Team,0.0,19.05,0,1,2022,9,7.424000000000007,14.730337078651685,15.8,15.8
TSU,18,20,10.0,AlphaTauri,0.0,19.05,0,1,2022,9,3.1395000000000124,11.24468085106383,11.8,11.8
MSC,19,6,2.056999999999988,Haas F1 Team,0.0,19.05,0,1,2022,9,6.882000000000005,14.730337078651685,15.8,15.8
PER,20,13,10.0,Red Bull Racing,0.0,19.05,0,1,2022,9,0.0,6.646067415730337,2.2,1.8
SAI,1,1,0.0,Ferrari,0.0,18.82,1,0,2022,10,12.585499999999996,7.066666666666666,6.2,8.1
PER,2,4,0.6329999999999956,Red Bull Racing,0.0,18.82,1,0,2022,10,26.218000000000004,6.688888888888889,5.8,3.6
HAM,3,5,1.0120000000000005,Mercedes,0.0,18.82,1,0,2022,10,16.704000000000008,4.194444444444445,5.2,4.6
LEC,4,3,0.3149999999999977,Ferrari,0.0,18.82,1,0,2022,10,0.480000000000004,7.066666666666666,10.0,8.1
ALO,5,7,1.1329999999999956,Alpine,0.0,18.82,1,0,2022,10,5.430500000000009,10.193548387096774,8.6,8.6
NOR,6,6,1.100999999999999,McLaren,0.0,18.82,1,0,2022,10,2.463000000000008,10.11111111111111,11.4,11.4
VER,7,2,0.07200000000000273,Red Bull Racing,0.0,18.82,1,0,2022,10,0.0,6.688888888888889,1.4,3.6
MSC,8,19,1.7249999999999943,Haas F1 Team,0.0,18.82,1,0,2022,10,1.906000000000006,14.766666666666667,16.2,16.8
VET,9,18,1.6829999999999927,Aston Martin,0.0,18.82,1,0,2022,10,19.739000000000004,12.129032258064516,11.2,12.1
MAG,10,17,1.176000000000002,Haas F1 Team,0.0,18.82,1,0,2022,10,3.1099999999999994,14.766666666666667,17.4,16.8
STR,11,20,2.4470000000000027,Aston Martin,0.0,18.82,1,0,2022,10,2.4339999999999975,12.129032258064516,13.0,12.1
LAT,12,10,10.0,Williams,0.0,18.82,1,0,2022,10,29.049000000000007,15.322222222222223,15.2,14.6
RIC,13,14,3.372,McLaren,0.0,18.82,1,0,2022,10,4.061500000000009,10.11111111111111,11.4,11.4
TSU,14,13,3.328000000000003,AlphaTauri,0.0,18.82,1,0,2022,10,26.787999999999997,11.34375,14.0,13.1
OCO,15,15,4.206999999999994,Alpine,0.0,18.82,1,0,2022,10,5.509500000000003,10.193548387096774,8.6,8.6
GAS,16,11,2.718999999999994,AlphaTauri,0.0,18.82,1,0,2022,10,16.63900000000001,11.34375,12.2,13.1
BOT,17,12,3.2489999999999952,Alfa Romeo,0.0,18.82,1,0,2022,10,2.039500000000004,11.222222222222221,8.0,12.1
RUS,18,8,1.1779999999999973,Mercedes,0.0,18.82,1,0,2022,10,13.231500000000011,4.194444444444445,4.0,4.6
ZHO,19,9,1.73599999999999,Alfa Romeo,0.0,18.82,1,0,2022,10,2.6585000000000036,11.222222222222221,16.2,12.1
ALB,20,16,1.0949999999999989,Williams,0.0,18.82,1,0,2022,10,4.435000000000002,15.322222222222223,14.0,14.6
LEC,1,2,0.029000000000010573,Ferrari,0.0,19.830000000000002,0,0,2022,11,,7.016483516483516,10.4,8.1
VER,2,1,0.0,Red Bull Racing,0.0,19.830000000000002,0,0,2022,11,,6.664835164835165,2.6,4.0
HAM,3,9,8.167000000000002,Mercedes,-1.0,19.830000000000002,0,0,2022,11,,4.263736263736264,4.6,5.6
RUS,4,4,0.44700000000000273,Mercedes,0.0,19.830000000000002,0,0,2022,11,,4.263736263736264,6.6,5.6
OCO,5,5,0.7420000000000044,Alpine,1.0,19.830000000000002,0,0,2022,11,,10.1875,10.0,8.7
MSC,6,7,1.027000000000001,Haas F1 Team,2.0,19.830000000000002,0,0,2022,11,,14.703296703296703,14.8,15.5
NOR,7,15,10.0,McLaren,-5.0,19.830000000000002,0,0,2022,11,,10.104395604395604,8.8,10.1
MAG,8,6,0.8950000000000102,Haas F1 Team,1.0,19.830000000000002,0,0,2022,11,,14.703296703296703,16.2,15.5
RIC,9,16,1.6290000000000049,McLaren,-5.0,19.830000000000002,0,0,2022,11,,10.104395604395604,11.4,10.1
ALO,10,8,1.1189999999999998,Alpine,11.0,19.830000000000002,0,0,2022,11,,10.1875,7.4,8.7
BOT,11,12,1.335000000000008,Alfa Romeo,-12.0,19.830000000000002,0,0,2022,11,,11.9,10.0,13.0
ALB,12,11,1.2460000000000093,Williams,4.0,19.830000000000002,0,0,2022,11,,15.32967032967033,16.2,15.5
STR,13,17,1.8629999999999995,Aston Martin,-5.0,19.830000000000002,0,0,2022,11,,12.0625,13.2,11.4
ZHO,14,18,1.9170000000000016,Alfa Romeo,-5.0,19.830000000000002,0,0,2022,11,,11.9,16.0,13.0
GAS,15,10,1.176000000000002,AlphaTauri,4.0,19.830000000000002,0,0,2022,11,,11.418367346938776,11.8,13.1
TSU,16,14,1.8670000000000044,AlphaTauri,2.0,19.830000000000002,0,0,2022,11,,11.418367346938776,14.4,13.1
VET,17,20,2.0990000000000038,Aston Martin,-2.0,19.830000000000002,0,0,2022,11,,12.0625,9.6,11.4
SAI,18,3,0.08200000000000784,Ferrari,0.0,19.830000000000002,0,0,2022,11,,7.016483516483516,5.8,8.1
LAT,19,19,2.0190000000000055,Williams,-2.0,19.830000000000002,0,0,2022,11,,15.32967032967033,14.8,15.5
PER,20,13,1.4740000000000038,Red Bull Racing,-8.0,19.830000000000002,0,0,2022,11,,6.664835164835165,5.4,4.0
VER,1,2,0.30400000000000205,Red Bull Racing,0.0,30.060000000000002,0,2,2022,12,4.626999999999995,6.711956521739131,2.8,5.9
HAM,2,4,0.8930000000000007,Mercedes,0.0,30.060000000000002,0,2,2022,12,4.734999999999999,4.255434782608695,4.2,5.5
RUS,3,6,1.2590000000000003,Mercedes,0.0,30.060000000000002,0,2,2022,12,20.84049999999999,4.255434782608695,6.8,5.5
PER,4,3,0.46299999999999386,Red Bull Racing,0.0,30.060000000000002,0,2,2022,12,5.336999999999989,6.711956521739131,9.0,5.9
SAI,5,9,0.20900000000000318,Ferrari,10.0,30.060000000000002,0,2,2022,12,,7.043478260869565,8.6,7.6
ALO,6,7,1.6800000000000068,Alpine,0.0,30.060000000000002,0,2,2022,12,1.1430000000000007,10.106060606060606,7.6,8.6
NOR,7,5,1.1599999999999966,McLaren,0.0,30.060000000000002,0,2,2022,12,,10.081521739130435,8.6,9.7
OCO,8,12,2.176000000000002,Alpine,-2.0,30.060000000000002,0,2,2022,12,0.5670000000000073,10.106060606060606,9.6,8.6
RIC,9,11,2.049999999999997,McLaren,-2.0,30.060000000000002,0,2,2022,12,,10.081521739130435,10.8,9.7
STR,10,17,2.566999999999993,Aston Martin,-2.0,30.060000000000002,0,2,2022,12,1.6195000000000022,12.151515151515152,12.8,11.8
VET,11,14,2.4039999999999964,Aston Martin,-2.0,30.060000000000002,0,2,2022,12,,12.151515151515152,10.8,11.8
GAS,12,16,2.566999999999993,AlphaTauri,-2.0,30.060000000000002,0,2,2022,12,0.6680000000000064,11.5,12.2,13.9
ALB,13,15,2.4350000000000023,Williams,-2.0,30.060000000000002,0,2,2022,12,38.129999999999995,15.331521739130435,15.0,15.2
BOT,14,13,2.180000000000007,Alfa Romeo,-2.0,30.060000000000002,0,2,2022,12,0.0,11.954545454545455,11.0,13.0
MSC,15,19,2.8289999999999935,Haas F1 Team,-2.0,30.060000000000002,0,2,2022,12,,14.619565217391305,13.2,13.8
ZHO,16,18,2.8020000000000067,Alfa Romeo,-2.0,30.060000000000002,0,2,2022,12,0.6864999999999952,11.954545454545455,15.0,13.0
LAT,17,20,2.921999999999997,Williams,-2.0,30.060000000000002,0,2,2022,12,1.2660000000000053,15.331521739130435,15.4,15.2
MAG,18,10,1.777000000000001,Haas F1 Team,10.0,30.060000000000002,0,2,2022,12,6.238500000000002,14.619565217391305,14.4,13.8
LEC,19,1,0.0,Ferrari,0.0,30.060000000000002,0,2,2022,12,6.408000000000001,7.043478260869565,6.6,7.6
TSU,20,8,1.9080000000000013,AlphaTauri,0.0,30.060000000000002,0,2,2022,12,20.181999999999988,11.5,15.6,13.9
VER,1,10,1.445999999999998,Red Bull Racing,0.0,19.15,0,2,2022,13,,6.666666666666667,2.4,6.0
HAM,2,7,0.7650000000000006,Mercedes,0.0,19.15,0,2,2022,13,,4.236559139784946,3.0,4.7
RUS,3,1,0.0,Mercedes,0.0,19.15,0,2,2022,13,,4.236559139784946,6.4,4.7
SAI,4,2,0.04400000000001114,Ferrari,0.0,19.15,0,2,2022,13,0.0,7.096774193548387,9.2,9.4
PER,5,11,1.13900000000001,Red Bull Racing,0.0,19.15,0,2,2022,13,4.373500000000007,6.666666666666667,9.6,6.0
LEC,6,3,0.18999999999999773,Ferrari,0.0,19.15,0,2,2022,13,,7.096774193548387,9.6,9.4
NOR,7,4,0.3920000000000101,McLaren,0.0,19.15,0,2,2022,13,,10.059139784946236,8.8,9.4
ALO,8,6,0.7010000000000076,Alpine,0.0,19.15,0,2,2022,13,1.1555000000000177,10.014705882352942,7.4,8.1
OCO,9,5,0.6410000000000053,Alpine,0.0,19.15,0,2,2022,13,3.1200000000000045,10.014705882352942,8.8,8.1
VET,10,18,1.8960000000000008,Aston Martin,0.0,19.15,0,2,2022,13,7.283000000000001,12.102941176470589,11.0,11.5
STR,11,14,1.7600000000000051,Aston Martin,0.0,19.15,0,2,2022,13,3.805000000000007,12.102941176470589,12.0,11.5
GAS,12,19,2.1500000000000057,AlphaTauri,-19.0,19.15,0,2,2022,13,3.1850000000000023,11.588235294117647,12.4,14.3
ZHO,13,12,1.195999999999998,Alfa Romeo,0.0,19.15,0,2,2022,13,6.143000000000001,12.208333333333334,15.0,13.5
MSC,14,15,1.8250000000000028,Haas F1 Team,0.0,19.15,0,2,2022,13,2.4680000000000035,14.63978494623656,12.4,13.2
RIC,15,9,1.0020000000000095,McLaren,0.0,19.15,0,2,2022,13,1.9380000000000024,10.059139784946236,10.0,9.4
MAG,16,13,1.4480000000000075,Haas F1 Team,0.0,19.15,0,2,2022,13,1.3830000000000098,14.63978494623656,14.0,13.2
ALB,17,17,1.8790000000000049,Williams,0.0,19.15,0,2,2022,13,4.110000000000014,15.327956989247312,14.0,14.9
LAT,18,20,2.192999999999998,Williams,-1.0,19.15,0,2,2022,13,4.888000000000005,15.327956989247312,15.8,14.9
TSU,19,16,1.8629999999999995,AlphaTauri,0.0,19.15,0,2,2022,13,4.359000000000009,11.588235294117647,16.2,14.3
BOT,20,8,0.7800000000000011,Alfa Romeo,0.0,19.15,0,2,2022,13,3.3460000000000036,12.208333333333334,12.0,13.5
VER,1,1,0.0,Red Bull Racing,13.0,20.84,0,0,2022,14,2.8869999999999862,6.627659574468085,2.4,6.3
PER,2,3,0.796999999999997,Red Bull Racing,-1.0,20.84,0,0,2022,14,3.339499999999987,6.627659574468085,10.2,6.3
SAI,3,2,0.6319999999999908,Ferrari,-1.0,20.84,0,0,2022,14,2.0789999999999935,7.074468085106383,6.0,6.5
RUS,4,8,2.11099999999999,Mercedes,-3.0,20.84,0,0,2022,14,3.752999999999986,4.218085106382978,6.4,4.5
ALO,5,6,1.7029999999999887,Alpine,-3.0,20.84,0,0,2022,14,2.4779999999999944,9.971428571428572,7.6,8.1
LEC,6,4,0.887999999999991,Ferrari,11.0,20.84,0,0,2022,14,,7.074468085106383,7.0,6.5
OCO,7,5,1.5150000000000006,Alpine,11.0,20.84,0,0,2022,14,3.4409999999999883,9.971428571428572,8.6,8.1
VET,8,16,2.678999999999988,Aston Martin,-6.0,20.84,0,0,2022,14,0.7544999999999789,12.057142857142857,11.8,11.4
GAS,9,12,2.161999999999992,AlphaTauri,-12.0,20.84,0,0,2022,14,3.9754999999999825,11.663461538461538,13.8,15.6
ALB,10,9,2.171999999999997,Williams,-3.0,20.84,0,0,2022,14,3.228999999999985,15.351063829787234,15.0,15.7
STR,11,14,2.945999999999998,Aston Martin,-5.0,20.84,0,0,2022,14,,12.057142857142857,11.0,11.4
NOR,12,10,2.512999999999991,McLaren,7.0,20.84,0,0,2022,14,3.832499999999982,10.069148936170214,8.4,9.9
TSU,13,19,3.026999999999987,AlphaTauri,-19.0,20.84,0,0,2022,14,3.4239999999999924,11.663461538461538,17.4,15.6
ZHO,14,13,2.4199999999999875,Alfa Romeo,5.0,20.84,0,0,2022,14,3.1359999999999957,12.538461538461538,14.0,13.9
RIC,15,11,2.1019999999999897,McLaren,-4.0,20.84,0,0,2022,14,2.5729999999999933,10.069148936170214,11.4,9.9
MAG,16,18,2.891999999999996,Haas F1 Team,-6.0,20.84,0,0,2022,14,,14.643617021276595,13.8,13.1
MSC,17,15,4.052999999999997,Haas F1 Team,4.0,20.84,0,0,2022,14,4.572999999999979,14.643617021276595,12.4,13.1
LAT,18,17,2.73599999999999,Williams,-6.0,20.84,0,0,2022,14,3.8919999999999817,15.351063829787234,16.4,15.7
BOT,19,20,4.200999999999993,Alfa Romeo,-7.0,20.84,0,0,2022,14,0.0,12.538461538461538,13.8,13.9
HAM,20,7,1.8379999999999939,Mercedes,-3.0,20.84,0,0,2022,14,3.3589999999999804,4.218085106382978,2.6,4.5
VER,1,1,0.0,Red Bull Racing,0.0,22.87,0,0,2022,15,2.5010000000000048,6.573684210526316,2.4,4.5
RUS,2,6,0.8050000000000068,Mercedes,0.0,22.87,0,0,2022,15,0.4650000000000034,4.3,6.4,6.2
LEC,3,2,0.021000000000000796,Ferrari,0.0,22.87,0,0,2022,15,0.471500000000006,7.0473684210526315,7.2,6.7
HAM,4,4,0.3059999999999974,Mercedes,0.0,22.87,0,0,2022,15,0.5049999999999955,4.3,6.0,6.2
PER,5,5,0.7349999999999994,Red Bull Racing,0.0,22.87,0,0,2022,15,2.9549999999999983,6.573684210526316,6.6,4.5
ALO,6,13,1.2710000000000008,Alpine,0.0,22.87,0,0,2022,15,0.0,9.86111111111111,6.8,7.8
NOR,7,7,0.8320000000000078,McLaren,0.0,22.87,0,0,2022,15,1.0640000000000072,10.105263157894736,7.8,10.0
SAI,8,3,0.09199999999999875,Ferrari,0.0,22.87,0,0,2022,15,21.810999999999993,7.0473684210526315,6.2,6.7
OCO,9,12,1.2630000000000052,Alpine,0.0,22.87,0,0,2022,15,1.6589999999999918,9.86111111111111,8.8,7.8
STR,10,10,1.073999999999998,Aston Martin,0.0,22.87,0,0,2022,15,11.858500000000006,11.98611111111111,11.2,11.1
GAS,11,11,1.1700000000000017,AlphaTauri,0.0,22.87,0,0,2022,15,24.116,11.650943396226415,12.8,14.6
ALB,12,15,1.460000000000008,Williams,0.0,22.87,0,0,2022,15,2.039999999999992,15.336842105263157,14.4,15.6
MSC,13,8,1.0999999999999943,Haas F1 Team,0.0,22.87,0,0,2022,15,27.582499999999996,14.663157894736843,12.0,12.8
VET,14,19,2.0490000000000066,Aston Martin,0.0,22.87,0,0,2022,15,18.367999999999995,11.98611111111111,11.0,11.1
MAG,15,18,1.9770000000000039,Haas F1 Team,0.0,22.87,0,0,2022,15,28.165499999999994,14.663157894736843,13.6,12.8
ZHO,16,14,1.3619999999999948,Alfa Romeo,0.0,22.87,0,0,2022,15,1.3389999999999986,12.821428571428571,15.2,15.7
RIC,17,17,1.7390000000000043,McLaren,0.0,22.87,0,0,2022,15,1.8349999999999937,10.105263157894736,12.2,10.0
LAT,18,20,3.0109999999999957,Williams,0.0,22.87,0,0,2022,15,2.661999999999992,15.336842105263157,16.8,15.6
BOT,19,16,1.6189999999999998,Alfa Romeo,0.0,22.87,0,0,2022,15,21.951999999999998,12.821428571428571,16.2,15.7
TSU,20,9,2.2139999999999986,AlphaTauri,0.0,22.87,0,0,2022,15,24.126000000000005,11.650943396226415,16.4,14.6
VER,1,2,0.14499999999999602,Red Bull Racing,5.0,26.57,0,0,2022,16,3.7520000000000095,6.536458333333333,1.2,4.2
LEC,2,1,0.0,Ferrari,0.0,26.57,0,0,2022,16,0.0,7.03125,7.0,7.3
RUS,3,6,1.3810000000000002,Mercedes,-4.0,26.57,0,0,2022,16,2.7605000000000075,4.286458333333333,3.2,4.7
SAI,4,3,0.2680000000000007,Ferrari,15.0,26.57,0,0,2022,16,4.026499999999999,7.03125,7.6,7.3
HAM,5,5,1.3629999999999995,Mercedes,14.0,26.57,0,0,2022,16,2.5515000000000043,4.286458333333333,6.2,4.7
PER,6,4,1.0450000000000017,Red Bull Racing,9.0,26.57,0,0,2022,16,4.1640000000000015,6.536458333333333,7.2,4.2
NOR,7,7,1.4230000000000018,McLaren,-4.0,26.57,0,0,2022,16,4.897000000000006,10.125,8.0,10.5
GAS,8,9,2.4869999999999948,AlphaTauri,-4.0,26.57,0,0,2022,16,1.7870000000000061,11.722222222222221,11.8,14.7
DEV,9,13,2.3100000000000023,Williams,-5.0,26.57,0,0,2022,16,2.9470000000000027,15.333333333333334,,15.4
ZHO,10,14,2.415999999999997,Alfa Romeo,-5.0,26.57,0,0,2022,16,1.5555000000000092,13.133333333333333,14.6,15.6
OCO,11,11,1.968999999999994,Alpine,3.0,26.57,0,0,2022,16,1.659000000000006,9.797297297297296,7.6,7.3
MSC,12,20,2.843999999999994,Haas F1 Team,-3.0,26.57,0,0,2022,16,10.336000000000013,14.65625,13.0,13.8
BOT,13,12,2.073999999999998,Alfa Romeo,3.0,26.57,0,0,2022,16,5.622000000000014,13.133333333333333,16.6,15.6
TSU,14,15,1.8589999999999947,AlphaTauri,5.0,26.57,0,0,2022,16,4.478000000000009,11.722222222222221,17.6,14.7
LAT,15,16,2.426000000000002,Williams,-6.0,26.57,0,0,2022,16,1.76100000000001,15.333333333333334,18.0,15.4
MAG,16,19,2.747,Haas F1 Team,-3.0,26.57,0,0,2022,16,5.771500000000003,14.65625,14.6,13.8
RIC,17,8,1.7639999999999958,McLaren,-4.0,26.57,0,0,2022,16,4.390000000000001,10.125,13.0,10.5
STR,18,18,2.5870000000000033,Aston Martin,-6.0,26.57,0,0,2022,16,2.1580000000000013,11.986486486486486,11.0,11.5
ALO,19,10,1.7000000000000028,Alpine,-4.0,26.57,0,0,2022,16,10.819999999999993,9.797297297297296,7.0,7.3
VET,20,17,2.4749999999999943,Aston Martin,-6.0,26.57,0,0,2022,16,22.98700000000001,11.986486486486486,12.0,11.5
PER,1,2,0.02199999999999136,Red Bull Racing,0.0,24.69,1,1,2022,17,8.935000000000002,6.505154639175258,4.4,2.7
LEC,2,1,0.0,Ferrari,0.0,24.69,1,1,2022,17,5.238499999999988,6.989690721649485,7.2,6.0
SAI,3,4,0.17099999999999227,Ferrari,0.0,24.69,1,1,2022,17,0.0,6.989690721649485,4.8,6.0
NOR,4,6,1.171999999999997,McLaren,0.0,24.69,1,1,2022,17,2.762999999999991,10.144329896907216,8.0,11.3
RIC,5,17,6.813999999999993,McLaren,-1.0,24.69,1,1,2022,17,2.5150000000000006,10.144329896907216,14.6,11.3
STR,6,12,4.798999999999992,Aston Martin,-1.0,24.69,1,1,2022,17,,12.171052631578947,12.0,12.3
VER,7,8,1.9829999999999899,Red Bull Racing,0.0,24.69,1,1,2022,17,1.3810000000000002,6.505154639175258,1.0,2.7
VET,8,14,4.967999999999989,Aston Martin,-1.0,24.69,1,1,2022,17,2.325000000000003,12.171052631578947,12.6,12.3
HAM,9,3,0.053999999999987836,Mercedes,0.0,24.69,1,1,2022,17,12.931999999999988,4.283505154639175,6.6,4.8
GAS,10,7,1.7989999999999924,AlphaTauri,0.0,24.69,1,1,2022,17,9.621999999999986,11.709090909090909,10.4,13.8
BOT,11,16,6.670999999999992,Alfa Romeo,-1.0,24.69,1,1,2022,17,5.292000000000002,13.03125,17.0,15.4
MAG,12,9,2.160999999999987,Haas F1 Team,0.0,24.69,1,1,2022,17,,14.649484536082474,16.2,15.2
MSC,13,13,4.957999999999998,Haas F1 Team,-1.0,24.69,1,1,2022,17,7.460000000000008,14.649484536082474,14.2,15.2
RUS,14,11,4.599999999999994,Mercedes,-11.0,24.69,1,1,2022,17,,4.283505154639175,3.0,4.8
TSU,15,10,2.570999999999998,AlphaTauri,0.0,24.69,1,1,2022,17,9.805499999999995,11.709090909090909,17.2,13.8
OCO,16,18,6.924999999999997,Alpine,-1.0,24.69,1,1,2022,17,6.122,9.93421052631579,8.8,8.8
ALB,17,19,7.572999999999993,Williams,-1.0,24.69,1,1,2022,17,8.721499999999992,15.29896907216495,12.8,14.7
ALO,18,5,0.5539999999999878,Alpine,0.0,24.69,1,1,2022,17,5.453499999999991,9.93421052631579,8.8,8.8
LAT,19,20,8.11999999999999,Williams,-1.0,24.69,1,1,2022,17,,15.29896907216495,17.2,14.7
ZHO,20,15,6.1059999999999945,Alfa Romeo,-1.0,24.69,1,1,2022,17,3.4989999999999952,13.03125,13.8,15.4
VER,1,1,0.0,Red Bull Racing,0.0,18.82,1,2,2022,18,1.518500000000003,6.479591836734694,2.2,3.0
PER,2,4,0.40500000000000114,Red Bull Racing,0.0,18.82,1,2,2022,18,1.7604999999999933,6.479591836734694,3.8,3.0
LEC,3,2,0.009999999999990905,Ferrari,0.0,18.82,1,2,2022,18,0.8045000000000044,6.9438775510204085,3.8,4.1
OCO,4,5,0.8610000000000042,Alpine,0.0,18.82,1,2,2022,18,0.6045000000000016,10.115384615384615,10.4,10.8
HAM,5,6,0.9569999999999936,Mercedes,0.0,18.82,1,2,2022,18,0.3645000000000067,4.357142857142857,8.0,6.6
VET,6,9,1.25,Aston Martin,0.0,18.82,1,2,2022,18,1.1154999999999973,12.038461538461538,12.0,11.6
ALO,7,7,1.0180000000000007,Alpine,0.0,18.82,1,2,2022,18,0.1629999999999967,10.115384615384615,11.2,10.8
RUS,8,8,1.0849999999999937,Mercedes,0.0,18.82,1,2,2022,18,0.7560000000000144,4.357142857142857,5.2,6.6
LAT,9,20,2.2069999999999936,Williams,0.0,18.82,1,2,2022,18,3.0060000000000144,15.326530612244898,17.6,15.3
NOR,10,10,1.698999999999998,McLaren,0.0,18.82,1,2,2022,18,0.5395000000000039,10.08673469387755,7.4,10.6
RIC,11,11,1.355000000000004,McLaren,0.0,18.82,1,2,2022,18,0.5305000000000035,10.08673469387755,13.8,10.6
STR,12,19,2.114999999999995,Aston Martin,0.0,18.82,1,2,2022,18,2.082499999999996,12.038461538461538,11.2,11.6
TSU,13,13,1.5040000000000049,AlphaTauri,0.0,18.82,1,2,2022,18,0.8175000000000097,11.723214285714286,16.2,13.1
MAG,14,18,2.048000000000002,Haas F1 Team,0.0,18.82,1,2,2022,18,2.6424999999999983,14.627551020408163,15.0,14.4
BOT,15,12,1.4050000000000011,Alfa Romeo,0.0,18.82,1,2,2022,18,1.6385000000000076,13.176470588235293,16.4,15.5
ZHO,16,14,1.649000000000001,Alfa Romeo,0.0,18.82,1,2,2022,18,2.5005000000000024,13.176470588235293,14.6,15.5
MSC,17,15,2.134999999999991,Haas F1 Team,0.0,18.82,1,2,2022,18,3.5985000000000014,14.627551020408163,13.8,14.4
GAS,18,17,2.0180000000000007,AlphaTauri,0.0,18.82,1,2,2022,18,0.0,11.723214285714286,10.0,13.1
SAI,19,3,0.05700000000000216,Ferrari,0.0,18.82,1,2,2022,18,0.4555000000000007,6.9438775510204085,4.4,4.1
ALB,20,16,2.007000000000005,Williams,0.0,18.82,1,2,2022,18,1.2720000000000056,15.326530612244898,13.8,15.3
VER,1,3,0.09199999999999875,Red Bull Racing,-1.0,28.419999999999998,0,2,2022,19,4.957499999999996,6.429292929292929,2.2,2.7
HAM,2,5,0.5910000000000082,Mercedes,-2.0,28.419999999999998,0,2,2022,19,,4.378787878787879,8.6,7.4
LEC,3,2,0.06500000000001194,Ferrari,10.0,28.419999999999998,0,2,2022,19,6.493000000000009,6.984848484848484,3.2,5.3
PER,4,4,0.2890000000000015,Red Bull Racing,5.0,28.419999999999998,0,2,2022,19,15.872,6.429292929292929,3.2,2.7
RUS,5,6,0.632000000000005,Mercedes,-2.0,28.419999999999998,0,2,2022,19,0.6380000000000052,4.378787878787879,6.2,7.4
NOR,6,8,1.3340000000000032,McLaren,-2.0,28.419999999999998,0,2,2022,19,3.3559999999999945,10.090909090909092,8.0,10.5
ALO,7,9,1.5200000000000102,Alpine,5.0,28.419999999999998,0,2,2022,19,16.614000000000004,10.0,11.0,10.2
VET,8,12,2.0420000000000016,Aston Martin,-2.0,28.419999999999998,0,2,2022,19,0.0,11.9625,11.2,11.3
MAG,9,16,2.5930000000000035,Haas F1 Team,-3.0,28.419999999999998,0,2,2022,19,6.694499999999991,14.636363636363637,14.6,14.5
TSU,10,15,2.791000000000011,AlphaTauri,4.0,28.419999999999998,0,2,2022,19,17.7855,11.789473684210526,15.0,13.1
OCO,11,18,2.7120000000000033,Alpine,-18.0,28.419999999999998,0,2,2022,19,37.11999999999999,10.0,9.4,10.2
ZHO,12,14,2.6140000000000043,Alfa Romeo,4.0,28.419999999999998,0,2,2022,19,,13.305555555555555,15.2,15.3
ALB,13,11,2.0120000000000005,Williams,-3.0,28.419999999999998,0,2,2022,19,16.03649999999999,15.318181818181818,15.2,14.7
GAS,14,13,2.3840000000000003,AlphaTauri,-2.0,28.419999999999998,0,2,2022,19,8.53949999999999,11.789473684210526,11.2,13.1
MSC,15,19,2.7550000000000097,Haas F1 Team,-3.0,28.419999999999998,0,2,2022,19,2.8299999999999983,14.636363636363637,14.4,14.5
RIC,16,17,2.690000000000012,McLaren,-2.0,28.419999999999998,0,2,2022,19,3.081000000000003,10.090909090909092,13.0,10.5
LAT,17,20,2.8880000000000052,Williams,-3.0,28.419999999999998,0,2,2022,19,1.605000000000004,15.318181818181818,15.8,14.7
STR,18,7,1.2420000000000044,Aston Martin,-2.0,28.419999999999998,0,2,2022,19,26.200999999999993,11.9625,11.4,11.3
BOT,19,10,1.963000000000008,Alfa Romeo,-3.0,28.419999999999998,0,2,2022,19,5.167500000000004,13.305555555555555,15.4,15.3
SAI,20,1,0.0,Ferrari,0.0,28.419999999999998,0,2,2022,19,4.88600000000001,6.984848484848484,7.4,5.3
VER,1,1,0.0,Red Bull Racing,0.0,23.34,0,2,2022,20,16.4375,6.39,2.2,2.9
HAM,2,3,0.3089999999999975,Mercedes,0.0,23.34,0,2,2022,20,,4.37,5.0,5.7
PER,3,4,0.35299999999999443,Red Bull Racing,0.0,23.34,0,2,2022,20,22.7295,6.39,3.6,2.9
RUS,4,2,0.30399999999998784,Mercedes,0.0,23.34,0,2,2022,20,0.0,4.37,6.4,5.7
SAI,5,5,0.5759999999999934,Ferrari,0.0,23.34,0,2,2022,20,0.9330000000000069,7.03,10.8,6.7
LEC,6,7,0.7800000000000011,Ferrari,0.0,23.34,0,2,2022,20,1.1869999999999976,7.03,2.6,6.7
RIC,7,11,1.5499999999999972,McLaren,0.0,23.34,0,2,2022,20,1.0700000000000074,10.1,13.2,10.0
OCO,8,10,1.2349999999999994,Alpine,0.0,23.34,0,2,2022,20,1.6650000000000063,9.975609756097562,10.2,10.8
NOR,9,8,0.945999999999998,McLaren,0.0,23.34,0,2,2022,20,0.9399999999999977,10.1,6.8,10.0
BOT,10,6,0.6259999999999906,Alfa Romeo,0.0,23.34,0,2,2022,20,2.147999999999996,13.421052631578947,15.4,15.1
GAS,11,14,1.8969999999999914,AlphaTauri,0.0,23.34,0,2,2022,20,9.953000000000003,11.793103448275861,12.2,13.3
ALB,12,19,3.083999999999989,Williams,-2.0,23.34,0,2,2022,20,4.0460000000000065,15.315,14.4,14.9
ZHO,13,12,1.7009999999999934,Alfa Romeo,0.0,23.34,0,2,2022,20,2.524000000000001,13.421052631578947,14.8,15.1
VET,14,17,2.6439999999999912,Aston Martin,-1.0,23.34,0,2,2022,20,7.896000000000001,11.987804878048781,11.2,12.0
STR,15,18,2.7449999999999903,Aston Martin,2.0,23.34,0,2,2022,20,1.269999999999996,11.987804878048781,12.8,12.0
MSC,16,16,2.6439999999999912,Haas F1 Team,-1.0,23.34,0,2,2022,20,2.82950000000001,14.61,14.0,13.6
MAG,17,15,2.0579999999999927,Haas F1 Team,4.0,23.34,0,2,2022,20,1.8910000000000053,14.61,13.2,13.6
LAT,18,20,3.391999999999996,Williams,-2.0,23.34,0,2,2022,20,7.757999999999996,15.315,15.6,14.9
ALO,19,9,1.1639999999999873,Alpine,0.0,23.34,0,2,2022,20,0.2680000000000007,9.975609756097562,11.4,10.8
TSU,20,13,1.813999999999993,AlphaTauri,0.0,23.34,0,2,2022,20,0.7549999999999955,11.793103448275861,14.4,13.3
RUS,1,3,0.3849999999999909,Mercedes,-2.0,24.86,0,2,2022,21,,4.356435643564357,6.8,5.7
HAM,2,8,0.9369999999999976,Mercedes,-6.0,24.86,0,2,2022,21,,4.356435643564357,4.6,5.7
SAI,3,5,0.6829999999999927,Ferrari,2.0,24.86,0,2,2022,21,,7.014851485148514,10.2,6.7
LEC,4,10,-0.7240000000000038,Ferrari,-5.0,24.86,0,2,2022,21,,7.014851485148514,3.2,6.7
ALO,5,7,0.8299999999999983,Alpine,10.0,24.86,0,2,2022,21,,10.05952380952381,14.0,12.0
VER,6,2,0.20299999999998875,Red Bull Racing,1.0,24.86,0,2,2022,21,,6.346534653465347,2.2,2.7
PER,7,9,3.9269999999999925,Red Bull Racing,-5.0,24.86,0,2,2022,21,,6.346534653465347,3.2,2.7
OCO,8,6,0.7509999999999906,Alpine,10.0,24.86,0,2,2022,21,,10.05952380952381,10.0,12.0
BOT,9,18,3.8119999999999976,Alfa Romeo,-4.0,24.86,0,2,2022,21,,13.325,13.6,13.9
STR,10,15,0.5359999999999872,Aston Martin,0.0,24.86,0,2,2022,21,,12.047619047619047,13.8,12.5
VET,11,13,0.003999999999990678,Aston Martin,-4.0,24.86,0,2,2022,21,,12.047619047619047,11.2,12.5
ZHO,12,17,3.522999999999996,Alfa Romeo,-4.0,24.86,0,2,2022,21,,13.325,14.2,13.9
MSC,13,20,4.686999999999998,Haas F1 Team,-8.0,24.86,0,2,2022,21,,14.628712871287128,14.6,14.1
GAS,14,12,0.000999999999990564,AlphaTauri,-2.0,24.86,0,2,2022,21,,11.85593220338983,12.2,13.3
ALB,15,11,-0.043000000000006366,Williams,8.0,24.86,0,2,2022,21,,15.311881188118813,14.8,14.9
LAT,16,16,3.4209999999999923,Williams,2.0,24.86,0,2,2022,21,,15.311881188118813,15.6,14.9
TSU,17,19,4.589999999999989,AlphaTauri,-19.0,24.86,0,2,2022,21,,11.85593220338983,14.4,13.3
NOR,18,4,0.5889999999999986,McLaren,2.0,24.86,0,2,2022,21,,10.07920792079208,7.2,9.2
MAG,19,1,0.0,Haas F1 Team,7.0,24.86,0,2,2022,21,,14.628712871287128,13.6,14.1
RIC,20,14,0.465999999999994,McLaren,-3.0,24.86,0,2,2022,21,,10.07920792079208,11.2,9.2
VER,1,1,0.0,Red Bull Racing,0.0,29.43,0,2,2022,22,0.0,6.348039215686274,3.2,3.3
LEC,2,3,0.2680000000000007,Ferrari,0.0,29.43,0,2,2022,22,3.1230000000000047,6.980392156862745,3.6,6.8
PER,3,2,0.22800000000000864,Red Bull Racing,0.0,29.43,0,2,2022,22,0.4900000000000091,6.348039215686274,3.4,3.3
SAI,4,4,0.41800000000000637,Ferrari,0.0,29.43,0,2,2022,22,3.1599999999999966,6.980392156862745,10.0,6.8
RUS,5,6,0.6869999999999976,Mercedes,0.0,29.43,0,2,2022,22,,4.328431372549019,6.4,5.2
NOR,6,7,0.9450000000000074,McLaren,0.0,29.43,0,2,2022,22,,10.166666666666666,9.4,10.6
OCO,7,8,1.0060000000000002,Alpine,0.0,29.43,0,2,2022,22,1.2220000000000084,9.976744186046512,9.4,10.3
STR,8,14,1.5349999999999966,Aston Martin,0.0,29.43,0,2,2022,22,27.164,12.011627906976743,12.2,10.8
RIC,9,10,1.2210000000000036,McLaren,3.0,29.43,0,2,2022,22,4.078000000000003,10.166666666666666,11.8,10.6
VET,10,9,1.1370000000000005,Aston Martin,0.0,29.43,0,2,2022,22,22.42800000000001,12.011627906976743,9.4,10.8
TSU,11,12,1.394999999999996,AlphaTauri,-1.0,29.43,0,2,2022,22,32.183499999999995,11.916666666666666,15.0,14.2
ZHO,12,15,1.5840000000000032,Alfa Romeo,0.0,29.43,0,2,2022,22,3.6754999999999995,13.19047619047619,14.6,13.7
ALB,13,19,2.2040000000000077,Williams,0.0,29.43,0,2,2022,22,38.584,15.313725490196079,15.4,15.6
GAS,14,17,2.0349999999999966,AlphaTauri,0.0,29.43,0,2,2022,22,21.924999999999997,11.916666666666666,13.4,14.2
BOT,15,18,2.067999999999998,Alfa Romeo,0.0,29.43,0,2,2022,22,3.026500000000013,13.19047619047619,12.8,13.7
MSC,16,13,1.4009999999999962,Haas F1 Team,-1.0,29.43,0,2,2022,22,4.206000000000003,14.642156862745098,14.8,14.5
MAG,17,16,2.010000000000005,Haas F1 Team,0.0,29.43,0,2,2022,22,2.7879999999999967,14.642156862745098,14.2,14.5
HAM,18,5,0.6839999999999975,Mercedes,0.0,29.43,0,2,2022,22,,4.328431372549019,4.0,5.2
LAT,19,20,2.230000000000004,Williams,0.0,29.43,0,2,2022,22,20.010000000000005,15.313725490196079,15.8,15.6
ALO,20,11,1.2720000000000056,Alpine,-1.0,29.43,0,2,2022,22,11.257500000000007,9.976744186046512,11.2,10.3
VER,1,1,0.0,Red Bull Racing,0.0,29.619999999999997,0,2,2023,1,33.602000000000004,6.305825242718447,2.0,2.9
PER,2,2,0.13800000000000523,Red Bull Racing,0.0,29.619999999999997,0,2,2023,1,,6.305825242718447,3.8,2.9
ALO,3,5,0.6280000000000001,Aston Martin,0.0,29.619999999999997,0,2,2023,1,0.0,11.943181818181818,11.6,11.2
SAI,4,4,0.44599999999999795,Ferrari,0.0,29.619999999999997,0,2,2023,1,6.575500000000005,6.941747572815534,10.2,6.9
HAM,5,7,0.6760000000000019,Mercedes,0.0,29.619999999999997,0,2,2023,1,3.820999999999998,4.398058252427185,5.8,5.2
STR,6,8,1.1280000000000001,Aston Martin,0.0,29.619999999999997,0,2,2023,1,17.834999999999994,11.943181818181818,12.6,11.2
RUS,7,6,0.632000000000005,Mercedes,0.0,29.619999999999997,0,2,2023,1,4.597000000000008,4.398058252427185,4.6,5.2
BOT,8,12,1.7349999999999994,Alfa Romeo,0.0,29.619999999999997,0,2,2023,1,,13.204545454545455,13.6,13.3
GAS,9,20,2.472999999999999,Alpine,0.0,29.619999999999997,0,2,2023,1,27.61250000000001,10.056818181818182,14.2,9.6
ALB,10,15,1.7530000000000001,Williams,0.0,29.619999999999997,0,2,2023,1,23.257999999999996,15.320388349514563,14.6,15.2
TSU,11,14,2.8020000000000067,AlphaTauri,0.0,29.619999999999997,0,2,2023,1,16.9255,11.926229508196721,14.2,14.2
SAR,12,16,1.9440000000000026,Williams,0.0,29.619999999999997,0,2,2023,1,,15.320388349514563,,15.2
MAG,13,17,2.1839999999999975,Haas F1 Team,0.0,29.619999999999997,0,2,2023,1,8.290999999999997,14.660194174757281,15.2,15.3
DEV,14,19,2.4129999999999967,AlphaTauri,0.0,29.619999999999997,0,2,2023,1,28.21549999999999,11.926229508196721,9.0,14.2
HUL,15,10,1.100999999999999,Haas F1 Team,0.0,29.619999999999997,0,2,2023,1,7.829999999999998,14.660194174757281,12.8,15.3
ZHO,16,13,1.7650000000000006,Alfa Romeo,0.0,29.619999999999997,0,2,2023,1,,13.204545454545455,13.0,13.3
NOR,17,11,1.6730000000000018,McLaren,0.0,29.619999999999997,0,2,2023,1,18.95949999999999,10.140776699029127,9.8,11.2
OCO,18,9,1.2759999999999962,Alpine,0.0,29.619999999999997,0,2,2023,1,3.9299999999999926,10.056818181818182,7.6,9.6
LEC,19,3,0.2920000000000016,Ferrari,0.0,29.619999999999997,0,2,2023,1,6.617999999999995,6.941747572815534,3.6,6.9
PIA,20,18,2.3930000000000007,McLaren,0.0,29.619999999999997,0,2,2023,1,25.069500000000005,10.140776699029127,,11.2
PER,1,1,0.0,Red Bull Racing,0.0,26.0,0,0,2023,2,0.0,6.259615384615385,3.8,2.9
VER,2,15,10.0,Red Bull Racing,0.0,26.0,0,0,2023,2,0.22799999999999443,6.259615384615385,2.0,2.9
ALO,3,3,0.4650000000000034,Aston Martin,-1.0,26.0,0,0,2023,2,4.1965,11.777777777777779,10.8,10.3
RUS,4,4,0.5919999999999987,Mercedes,-1.0,26.0,0,0,2023,2,1.1274999999999977,4.413461538461538,4.4,5.1
HAM,5,8,0.9579999999999984,Mercedes,-1.0,26.0,0,0,2023,2,0.9060000000000059,4.413461538461538,5.8,5.1
SAI,6,5,0.6659999999999968,Ferrari,-1.0,26.0,0,0,2023,2,0.25799999999999557,6.985576923076923,7.2,7.0
LEC,7,2,0.15500000000000114,Ferrari,10.0,26.0,0,0,2023,2,1.3954999999999984,6.985576923076923,6.8,7.0
OCO,8,7,0.8130000000000024,Alpine,-1.0,26.0,0,0,2023,2,1.3689999999999998,10.133333333333333,10.4,11.2
GAS,9,10,1.0919999999999987,Alpine,-1.0,26.0,0,0,2023,2,0.853500000000011,10.133333333333333,12.4,11.2
MAG,10,13,1.3689999999999998,Haas F1 Team,0.0,26.0,0,0,2023,2,1.907500000000013,14.653846153846153,15.0,15.0
TSU,11,16,1.6739999999999924,AlphaTauri,0.0,26.0,0,0,2023,2,12.058000000000007,11.935483870967742,13.8,13.6
HUL,12,11,1.1859999999999928,Haas F1 Team,-1.0,26.0,0,0,2023,2,2.1340000000000003,14.653846153846153,11.8,15.0
ZHO,13,12,1.195999999999998,Alfa Romeo,-1.0,26.0,0,0,2023,2,5.2890000000000015,13.152173913043478,13.0,12.6
DEV,14,18,1.9789999999999992,AlphaTauri,0.0,26.0,0,0,2023,2,,11.935483870967742,11.5,13.6
PIA,15,9,0.9779999999999944,McLaren,-1.0,26.0,0,0,2023,2,3.347500000000011,10.221153846153847,20.0,12.8
SAR,16,20,10.0,Williams,0.0,26.0,0,0,2023,2,14.49900000000001,15.278846153846153,12.0,14.5
NOR,17,19,2.182000000000002,McLaren,0.0,26.0,0,0,2023,2,1.3449999999999989,10.221153846153847,11.2,12.8
BOT,18,14,1.4030000000000058,Alfa Romeo,0.0,26.0,0,0,2023,2,5.587000000000003,13.152173913043478,12.2,12.6
ALB,19,17,1.7289999999999992,Williams,0.0,26.0,0,0,2023,2,2.314000000000007,15.278846153846153,12.6,14.5
STR,20,6,0.6799999999999926,Aston Martin,-1.0,26.0,0,0,2023,2,3.105000000000004,11.777777777777779,11.4,10.3
VER,1,1,0.0,Red Bull Racing,0.0,17.24,0,1,2023,3,2.426000000000016,6.214285714285714,2.2,2.7
HAM,2,3,0.3719999999999999,Mercedes,0.0,17.24,0,1,2023,3,4.179500000000004,4.414285714285715,6.4,5.3
ALO,3,4,0.4069999999999965,Aston Martin,0.0,17.24,0,1,2023,3,2.1365000000000123,11.771739130434783,10.0,10.0
STR,4,6,0.5760000000000076,Aston Martin,0.0,17.24,0,1,2023,3,2.072500000000005,11.771739130434783,11.8,10.0
PER,5,20,10.0,Red Bull Racing,0.0,17.24,0,1,2023,3,14.999500000000012,6.214285714285714,3.2,2.7
NOR,6,13,1.3870000000000005,McLaren,0.0,17.24,0,1,2023,3,1.0555000000000092,10.276190476190477,13.4,13.8
HUL,7,10,1.0030000000000001,Haas F1 Team,0.0,17.24,0,1,2023,3,3.9565000000000055,14.619047619047619,12.8,14.8
PIA,8,16,1.7849999999999966,McLaren,0.0,17.24,0,1,2023,3,0.0,10.276190476190477,17.5,13.8
ZHO,9,17,1.808000000000007,Alfa Romeo,0.0,17.24,0,1,2023,3,6.0730000000000075,13.25,13.2,12.6
TSU,10,12,1.3670000000000044,AlphaTauri,0.0,17.24,0,1,2023,3,0.30350000000001387,11.944444444444445,14.0,13.7
BOT,11,19,1.9819999999999993,Alfa Romeo,0.0,17.24,0,1,2023,3,0.007000000000005002,13.25,12.0,12.6
SAI,12,5,0.5379999999999967,Ferrari,0.0,17.24,0,1,2023,3,7.980000000000018,6.980952380952381,4.4,6.0
GAS,13,9,0.9429999999999978,Alpine,0.0,17.24,0,1,2023,3,4.553500000000014,10.097826086956522,11.4,11.1
OCO,14,11,1.0360000000000014,Alpine,0.0,17.24,0,1,2023,3,0.5880000000000081,10.097826086956522,9.8,11.1
DEV,15,15,1.6029999999999944,AlphaTauri,0.0,17.24,0,1,2023,3,7.5575000000000045,11.944444444444445,12.333333333333334,13.7
SAR,16,18,1.8250000000000028,Williams,0.0,17.24,0,1,2023,3,13.057500000000005,15.3,14.0,15.0
MAG,17,14,1.3970000000000056,Haas F1 Team,0.0,17.24,0,1,2023,3,4.095000000000013,14.619047619047619,15.2,14.8
RUS,18,2,0.2360000000000042,Mercedes,0.0,17.24,0,1,2023,3,0.8835000000000122,4.414285714285715,4.2,5.3
ALB,19,8,0.8769999999999953,Williams,0.0,17.24,0,1,2023,3,12.855500000000006,15.3,13.8,15.0
LEC,20,7,0.6370000000000005,Ferrari,0.0,17.24,0,1,2023,3,3.907500000000013,6.980952380952381,7.6,6.0
PER,1,3,0.2920000000000016,Red Bull Racing,0.0,23.99,0,1,2023,4,,6.183962264150943,3.6,2.9
VER,2,2,0.1880000000000024,Red Bull Racing,0.0,23.99,0,1,2023,4,,6.183962264150943,2.2,2.9
LEC,3,1,0.0,Ferrari,0.0,23.99,0,1,2023,4,,7.066037735849057,10.4,8.1
ALO,4,6,1.0499999999999972,Aston Martin,0.0,23.99,0,1,2023,4,,11.595744680851064,6.8,7.8
SAI,5,4,0.8130000000000024,Ferrari,0.0,23.99,0,1,2023,4,,7.066037735849057,5.8,8.1
HAM,6,5,0.9740000000000038,Mercedes,0.0,23.99,0,1,2023,4,,4.466981132075472,6.4,6.7
STR,7,9,1.4080000000000013,Aston Martin,0.0,23.99,0,1,2023,4,,11.595744680851064,9.6,7.8
RUS,8,11,1.4509999999999934,Mercedes,0.0,23.99,0,1,2023,4,,4.466981132075472,7.0,6.7
NOR,9,7,1.078000000000003,McLaren,0.0,23.99,0,1,2023,4,,10.245283018867925,12.8,13.6
TSU,10,8,1.3780000000000001,AlphaTauri,0.0,23.99,0,1,2023,4,,11.953125,12.0,13.1
PIA,11,10,1.4080000000000013,McLaren,0.0,23.99,0,1,2023,4,,10.245283018867925,14.333333333333334,13.6
ALB,12,13,1.6149999999999949,Williams,-1.0,23.99,0,1,2023,4,,15.320754716981131,15.2,15.5
MAG,13,18,3.2139999999999986,Haas F1 Team,-2.0,23.99,0,1,2023,4,,14.59433962264151,15.2,13.9
GAS,14,19,4.6499999999999915,Alpine,-2.0,23.99,0,1,2023,4,,10.170212765957446,11.8,11.1
OCO,15,12,1.5949999999999989,Alpine,7.0,23.99,0,1,2023,4,,10.170212765957446,11.0,11.1
SAR,16,15,2.191999999999993,Williams,-1.0,23.99,0,1,2023,4,,15.320754716981131,14.666666666666666,15.5
HUL,17,17,2.5519999999999925,Haas F1 Team,3.0,23.99,0,1,2023,4,,14.59433962264151,12.6,13.9
BOT,18,14,2.0559999999999974,Alfa Romeo,-1.0,23.99,0,1,2023,4,,13.12,12.2,12.3
ZHO,19,16,2.438999999999993,Alfa Romeo,-1.0,23.99,0,1,2023,4,,13.12,12.4,12.3
DEV,20,20,10.0,AlphaTauri,-2.0,23.99,0,1,2023,4,,11.953125,13.0,13.1
VER,1,9,-0.027000000000001023,Red Bull Racing,0.0,27.53,0,2,2023,5,0.0,6.140186915887851,1.4,1.9
PER,2,1,0.0,Red Bull Racing,0.0,27.53,0,2,2023,5,39.208,6.140186915887851,2.4,1.9
ALO,3,2,0.3610000000000042,Aston Martin,0.0,27.53,0,2,2023,5,0.04600000000000648,11.46875,6.6,6.8
RUS,4,6,0.9630000000000081,Mercedes,0.0,27.53,0,2,2023,5,21.676000000000016,4.490654205607477,8.4,7.8
SAI,5,3,0.5080000000000098,Ferrari,0.0,27.53,0,2,2023,5,4.655000000000001,7.037383177570093,6.2,8.2
HAM,6,13,1.1340000000000003,Mercedes,0.0,27.53,0,2,2023,5,1.718500000000006,4.490654205607477,7.2,7.8
LEC,7,7,1.0200000000000102,Ferrari,0.0,27.53,0,2,2023,5,4.352000000000004,7.037383177570093,10.2,8.2
GAS,8,5,0.9450000000000074,Alpine,0.0,27.53,0,2,2023,5,31.67800000000001,10.260416666666666,11.8,12.7
OCO,9,8,1.0940000000000083,Alpine,0.0,27.53,0,2,2023,5,12.138000000000005,10.260416666666666,12.4,12.7
MAG,10,4,0.9260000000000019,Haas F1 Team,0.0,27.53,0,2,2023,5,0.2980000000000018,14.598130841121495,14.0,13.7
TSU,11,17,1.588000000000008,AlphaTauri,0.0,27.53,0,2,2023,5,35.971500000000006,12.0,10.6,13.0
STR,12,18,1.6350000000000051,Aston Martin,0.0,27.53,0,2,2023,5,26.60600000000001,11.46875,9.0,6.8
BOT,13,10,0.722999999999999,Alfa Romeo,0.0,27.53,0,2,2023,5,0.953000000000003,13.326923076923077,14.0,13.9
ALB,14,11,0.9540000000000077,Williams,0.0,27.53,0,2,2023,5,41.03400000000002,15.30841121495327,14.6,15.2
HUL,15,12,1.0620000000000118,Haas F1 Team,0.0,27.53,0,2,2023,5,23.949000000000012,14.598130841121495,12.6,13.7
ZHO,16,14,1.25,Alfa Romeo,0.0,27.53,0,2,2023,5,1.8800000000000097,13.326923076923077,13.8,13.9
NOR,17,16,1.5530000000000115,McLaren,0.0,27.53,0,2,2023,5,35.3935,10.242990654205608,11.0,11.8
DEV,18,15,1.554000000000002,AlphaTauri,0.0,27.53,0,2,2023,5,16.149,12.0,14.4,13.0
PIA,19,19,1.6430000000000007,McLaren,0.0,27.53,0,2,2023,5,,10.242990654205608,13.5,11.8
SAR,20,20,1.7360000000000042,Williams,0.0,27.53,0,2,2023,5,37.938500000000005,15.30841121495327,15.0,15.2
VER,1,1,0.0,Red Bull Racing,0.0,25.869999999999997,0,1,2023,6,18.1045,6.097222222222222,1.4,1.8
ALO,2,2,0.08400000000000318,Aston Martin,0.0,25.869999999999997,0,1,2023,6,10.7025,11.387755102040817,3.2,6.5
OCO,3,4,0.1880000000000024,Alpine,-1.0,25.869999999999997,0,1,2023,6,0.0,10.224489795918368,12.8,11.7
HAM,4,6,0.35999999999999943,Mercedes,-1.0,25.869999999999997,0,1,2023,6,18.688000000000002,4.49537037037037,4.8,6.5
RUS,5,8,0.5990000000000038,Mercedes,0.0,25.869999999999997,0,1,2023,6,12.825000000000003,4.49537037037037,8.2,6.5
LEC,6,3,0.10600000000000875,Ferrari,3.0,25.869999999999997,0,1,2023,6,10.251499999999993,7.027777777777778,11.2,8.8
GAS,7,7,0.568000000000012,Alpine,0.0,25.869999999999997,0,1,2023,6,1.1850000000000023,10.224489795918368,10.6,11.7
SAI,8,5,0.26500000000000057,Ferrari,-1.0,25.869999999999997,0,1,2023,6,29.703000000000003,7.027777777777778,6.4,8.8
NOR,9,10,0.88900000000001,McLaren,0.0,25.869999999999997,0,1,2023,6,1.1099999999999994,10.314814814814815,13.2,13.9
PIA,10,11,1.0300000000000011,McLaren,0.0,25.869999999999997,0,1,2023,6,1.6980000000000075,10.314814814814815,14.6,13.9
BOT,11,15,1.2600000000000051,Alfa Romeo,0.0,25.869999999999997,0,1,2023,6,0.4265000000000043,13.37037037037037,13.6,14.1
DEV,12,12,1.0630000000000024,AlphaTauri,0.0,25.869999999999997,0,1,2023,6,13.929000000000002,12.037878787878787,16.2,13.4
ZHO,13,19,2.1580000000000013,Alfa Romeo,0.0,25.869999999999997,0,1,2023,6,1.9920000000000044,13.37037037037037,14.6,14.1
ALB,14,13,1.1620000000000061,Williams,0.0,25.869999999999997,0,1,2023,6,24.551000000000002,15.324074074074074,14.8,15.4
TSU,15,9,0.7169999999999987,AlphaTauri,0.0,25.869999999999997,0,1,2023,6,19.629999999999995,12.037878787878787,10.6,13.4
PER,16,20,2.4849999999999994,Red Bull Racing,0.0,25.869999999999997,0,1,2023,6,37.57300000000001,6.097222222222222,2.2,1.8
HUL,17,18,1.9140000000000015,Haas F1 Team,0.0,25.869999999999997,0,1,2023,6,8.828000000000003,14.578703703703704,13.2,12.9
SAR,18,16,1.7480000000000047,Williams,0.0,25.869999999999997,0,1,2023,6,0.625,15.324074074074074,16.0,15.4
MAG,19,17,1.9050000000000011,Haas F1 Team,0.0,25.869999999999997,0,1,2023,6,3.4129999999999967,14.578703703703704,12.6,12.9
STR,20,14,1.2580000000000098,Aston Martin,0.0,25.869999999999997,0,1,2023,6,5.427000000000007,11.387755102040817,9.8,6.5
VER,1,1,0.0,Red Bull Racing,0.0,23.830000000000002,0,2,2023,7,,6.1192660550458715,1.4,3.2
HAM,2,5,0.5459999999999923,Mercedes,-1.0,23.830000000000002,0,2,2023,7,0.0,4.495412844036697,4.6,6.2
RUS,3,12,1.1749999999999972,Mercedes,0.0,23.830000000000002,0,2,2023,7,10.658500000000004,4.495412844036697,7.8,6.2
PER,4,11,1.0619999999999976,Red Bull Racing,0.0,23.830000000000002,0,2,2023,7,23.270999999999987,6.1192660550458715,5.0,3.2
SAI,5,2,0.4619999999999891,Ferrari,0.0,23.830000000000002,0,2,2023,7,12.028999999999996,7.027522935779817,7.2,7.9
STR,6,6,0.7219999999999942,Aston Martin,-1.0,23.830000000000002,0,2,2023,7,14.348500000000001,11.38,12.6,7.8
ALO,7,9,1.2349999999999994,Aston Martin,-1.0,23.830000000000002,0,2,2023,7,5.200999999999993,11.38,3.0,7.8
OCO,8,7,0.8109999999999928,Alpine,-1.0,23.830000000000002,0,2,2023,7,11.843999999999994,10.12,9.8,10.0
ZHO,9,13,1.2489999999999952,Alfa Romeo,0.0,23.830000000000002,0,2,2023,7,12.224999999999994,13.321428571428571,14.0,14.1
GAS,10,4,0.5439999999999969,Alpine,6.0,23.830000000000002,0,2,2023,7,24.539999999999992,10.12,10.2,10.0
LEC,11,19,1.806999999999988,Ferrari,0.0,23.830000000000002,0,2,2023,7,3.2365000000000066,7.027522935779817,8.6,7.9
TSU,12,15,2.2049999999999983,AlphaTauri,0.0,23.830000000000002,0,2,2023,7,12.176999999999992,12.059701492537313,11.4,13.6
PIA,13,10,1.4099999999999966,McLaren,-1.0,23.830000000000002,0,2,2023,7,11.762,10.307339449541285,12.6,12.1
DEV,14,14,1.8109999999999928,AlphaTauri,0.0,23.830000000000002,0,2,2023,7,10.079999999999998,12.059701492537313,15.8,13.6
HUL,15,8,0.9569999999999936,Haas F1 Team,-1.0,23.830000000000002,0,2,2023,7,1.019999999999996,14.610091743119266,13.6,13.7
ALB,16,18,1.7909999999999968,Williams,0.0,23.830000000000002,0,2,2023,7,13.410499999999985,15.330275229357799,15.6,16.4
NOR,17,3,0.519999999999996,McLaren,0.0,23.830000000000002,0,2,2023,7,6.292999999999992,10.307339449541285,11.6,12.1
MAG,18,17,1.769999999999996,Haas F1 Team,0.0,23.830000000000002,0,2,2023,7,,14.610091743119266,13.8,13.7
BOT,19,16,1.7049999999999983,Alfa Romeo,0.0,23.830000000000002,0,2,2023,7,10.153999999999996,13.321428571428571,14.2,14.1
SAR,20,20,2.4269999999999925,Williams,0.0,23.830000000000002,0,2,2023,7,,15.330275229357799,17.2,16.4
VER,1,1,0.0,Red Bull Racing,0.0,17.220000000000006,0,1,2023,8,1.6025000000000063,6.086363636363636,1.2,3.4
ALO,2,3,1.4279999999999973,Aston Martin,-1.0,17.220000000000006,0,1,2023,8,0.25,11.284313725490197,3.8,6.8
HAM,3,4,1.7689999999999912,Mercedes,-1.0,17.220000000000006,0,1,2023,8,2.7489999999999952,4.4772727272727275,4.0,5.8
LEC,4,11,-5.243000000000009,Ferrari,-1.0,17.220000000000006,0,1,2023,8,2.856500000000011,7.036363636363636,9.4,8.2
SAI,5,8,3.435999999999993,Ferrari,3.0,17.220000000000006,0,1,2023,8,3.9209999999999923,7.036363636363636,7.0,8.2
PER,6,12,-4.899000000000001,Red Bull Racing,0.0,17.220000000000006,0,1,2023,8,2.057000000000002,6.086363636363636,5.6,3.4
ALB,7,10,-7.13300000000001,Williams,-1.0,17.220000000000006,0,1,2023,8,4.209000000000003,15.354545454545455,15.0,16.5
OCO,8,6,2.086999999999989,Alpine,0.0,17.220000000000006,0,1,2023,8,9.194000000000003,10.098039215686274,9.8,10.1
STR,9,13,-4.374000000000009,Aston Martin,3.0,17.220000000000006,0,1,2023,8,3.433000000000007,11.284313725490197,9.8,6.8
BOT,10,15,-4.037000000000006,Alfa Romeo,-1.0,17.220000000000006,0,1,2023,8,1.7010000000000076,13.344827586206897,14.4,13.8
PIA,11,9,5.491,McLaren,-1.0,17.220000000000006,0,1,2023,8,1.6290000000000049,10.35,12.2,11.9
GAS,12,17,-2.9720000000000084,Alpine,-2.0,17.220000000000006,0,1,2023,8,2.13900000000001,10.098039215686274,10.4,10.1
NOR,13,7,2.1880000000000024,McLaren,0.0,17.220000000000006,0,1,2023,8,0.7355000000000018,10.35,11.6,11.9
TSU,14,16,-3.112000000000009,AlphaTauri,3.0,17.220000000000006,0,1,2023,8,2.2379999999999995,12.073529411764707,11.6,13.7
HUL,15,2,1.2439999999999998,Haas F1 Team,3.0,17.220000000000006,0,1,2023,8,3.4690000000000083,14.627272727272727,14.2,14.8
ZHO,16,20,-2.5160000000000053,Alfa Romeo,0.0,17.220000000000006,0,1,2023,8,2.7295000000000016,13.344827586206897,13.2,13.8
MAG,17,14,-4.180000000000007,Haas F1 Team,-1.0,17.220000000000006,0,1,2023,8,2.8739999999999952,14.627272727272727,15.4,14.8
DEV,18,18,-2.7210000000000036,AlphaTauri,-1.0,17.220000000000006,0,1,2023,8,3.3119999999999976,12.073529411764707,15.8,13.7
RUS,19,5,2.0349999999999966,Mercedes,-1.0,17.220000000000006,0,1,2023,8,0.0,4.4772727272727275,7.6,5.8
SAR,20,19,-2.521000000000001,Williams,-1.0,17.220000000000006,0,1,2023,8,6.158000000000001,15.354545454545455,18.0,16.5
VER,1,1,0.0,Red Bull Racing,0.0,21.57,0,0,2023,9,,6.063063063063063,1.2,3.5
LEC,2,2,0.04799999999998761,Ferrari,0.0,21.57,0,0,2023,9,,7.013513513513513,6.2,5.9
PER,3,15,10.0,Red Bull Racing,0.0,21.57,0,0,2023,9,,6.063063063063063,5.8,3.5
NOR,4,4,0.2669999999999959,McLaren,0.0,21.57,0,0,2023,9,,10.364864864864865,13.0,12.9
ALO,5,7,0.519999999999996,Aston Martin,0.0,21.57,0,0,2023,9,,11.173076923076923,3.6,7.2
SAI,6,3,0.18999999999999773,Ferrari,0.0,21.57,0,0,2023,9,,7.013513513513513,5.6,5.9
RUS,7,11,1.036999999999992,Mercedes,0.0,21.57,0,0,2023,9,,4.536036036036036,7.8,6.0
HAM,8,5,0.42799999999999727,Mercedes,0.0,21.57,0,0,2023,9,,4.536036036036036,4.2,6.0
STR,9,6,0.5019999999999953,Aston Martin,0.0,21.57,0,0,2023,9,,11.173076923076923,10.8,7.2
GAS,10,9,0.7789999999999964,Alpine,0.0,21.57,0,0,2023,9,,10.096153846153847,10.2,9.4
ALB,11,10,1.431999999999988,Williams,0.0,21.57,0,0,2023,9,,15.337837837837839,12.6,15.7
ZHO,12,17,1.4269999999999925,Alfa Romeo,0.0,21.57,0,0,2023,9,,13.333333333333334,14.6,14.4
SAR,13,18,1.556999999999988,Williams,0.0,21.57,0,0,2023,9,,15.337837837837839,18.8,15.7
OCO,14,12,1.0619999999999976,Alpine,0.0,21.57,0,0,2023,9,,10.096153846153847,8.6,9.4
BOT,15,14,1.2890000000000015,Alfa Romeo,0.0,21.57,0,0,2023,9,,13.333333333333334,14.2,14.4
PIA,16,13,1.2139999999999986,McLaren,0.0,21.57,0,0,2023,9,,10.364864864864865,12.8,12.9
DEV,17,20,1.5829999999999984,AlphaTauri,0.0,21.57,0,0,2023,9,,12.130434782608695,16.4,14.4
MAG,18,19,1.5799999999999983,Haas F1 Team,0.0,21.57,0,0,2023,9,,14.63963963963964,15.4,15.6
TSU,19,16,1.3930000000000007,AlphaTauri,0.0,21.57,0,0,2023,9,,12.130434782608695,12.4,14.4
HUL,20,8,0.6989999999999981,Haas F1 Team,0.0,21.57,0,0,2023,9,,14.63963963963964,15.8,15.6
VER,1,1,0.0,Red Bull Racing,0.0,22.229999999999997,0,0,2023,10,6.4325000000000045,6.026785714285714,1.0,3.6
NOR,2,2,0.24099999999999966,McLaren,0.0,22.229999999999997,0,0,2023,10,,10.361607142857142,12.0,12.9
HAM,3,7,0.49099999999999966,Mercedes,0.0,22.229999999999997,0,0,2023,10,,4.5625,4.6,6.1
PIA,4,3,0.3719999999999999,McLaren,0.0,22.229999999999997,0,0,2023,10,11.248999999999995,10.361607142857142,13.8,12.9
RUS,5,6,0.4350000000000023,Mercedes,0.0,22.229999999999997,0,0,2023,10,10.712000000000003,4.5625,7.6,6.1
PER,6,15,3.2480000000000047,Red Bull Racing,0.0,22.229999999999997,0,0,2023,10,12.665999999999997,6.026785714285714,6.2,3.6
ALO,7,9,0.9390000000000072,Aston Martin,0.0,22.229999999999997,0,0,2023,10,12.59899999999999,11.09433962264151,3.8,7.5
ALB,8,8,0.8100000000000023,Williams,0.0,22.229999999999997,0,0,2023,10,0.0,15.308035714285714,12.4,15.3
LEC,9,4,0.4159999999999968,Ferrari,0.0,22.229999999999997,0,0,2023,10,11.468000000000004,6.986607142857143,6.0,5.9
SAI,10,5,0.42799999999999727,Ferrari,0.0,22.229999999999997,0,0,2023,10,11.141999999999996,6.986607142857143,5.8,5.9
SAR,11,14,2.311000000000007,Williams,0.0,22.229999999999997,0,0,2023,10,0.28700000000000614,15.308035714285714,18.2,15.3
BOT,12,15,3.078000000000003,Alfa Romeo,5.0,22.229999999999997,0,0,2023,10,0.4860000000000042,13.338709677419354,13.6,13.4
HUL,13,11,2.176000000000002,Haas F1 Team,0.0,22.229999999999997,0,0,2023,10,3.9960000000000093,14.678571428571429,16.4,16.4
STR,14,12,2.2150000000000034,Aston Martin,0.0,22.229999999999997,0,0,2023,10,12.337000000000003,11.09433962264151,11.2,7.5
ZHO,15,17,3.403000000000006,Alfa Romeo,0.0,22.229999999999997,0,0,2023,10,,13.338709677419354,13.2,13.4
TSU,16,16,3.305000000000007,AlphaTauri,0.0,22.229999999999997,0,0,2023,10,18.439999999999998,12.214285714285714,14.2,15.0
DEV,17,18,3.7930000000000064,AlphaTauri,0.0,22.229999999999997,0,0,2023,10,12.504999999999995,12.214285714285714,15.8,15.0
GAS,18,10,0.9689999999999941,Alpine,0.0,22.229999999999997,0,0,2023,10,0.46399999999999864,10.132075471698114,9.4,8.9
MAG,19,19,5.658000000000001,Haas F1 Team,0.0,22.229999999999997,0,0,2023,10,,14.678571428571429,16.4,16.4
OCO,20,13,2.236000000000004,Alpine,0.0,22.229999999999997,0,0,2023,10,11.959500000000006,10.132075471698114,8.4,8.9
VER,1,2,0.0030000000000001137,Red Bull Racing,0.0,27.98,0,2,2023,11,4.054999999999993,6.004424778761062,1.0,4.0
NOR,2,3,0.08500000000000796,McLaren,0.0,27.98,0,2,2023,11,17.609499999999997,10.29646017699115,9.0,9.9
PER,3,9,0.43600000000000705,Red Bull Racing,0.0,27.98,0,2,2023,11,4.459000000000003,6.004424778761062,7.0,4.0
HAM,4,1,0.0,Mercedes,0.0,27.98,0,2,2023,11,4.134,4.557522123893805,4.0,5.9
PIA,5,4,0.2960000000000065,McLaren,0.0,27.98,0,2,2023,11,1.581000000000003,10.29646017699115,10.8,9.9
RUS,6,18,2.4180000000000064,Mercedes,0.0,27.98,0,2,2023,11,1.9110000000000014,4.557522123893805,7.8,5.9
LEC,7,6,0.3830000000000098,Ferrari,0.0,27.98,0,2,2023,11,4.946000000000012,7.008849557522124,6.4,6.6
SAI,8,11,1.0940000000000083,Ferrari,0.0,27.98,0,2,2023,11,5.087999999999994,7.008849557522124,6.8,6.6
ALO,9,8,0.42600000000000193,Aston Martin,0.0,27.98,0,2,2023,11,21.572999999999993,11.083333333333334,4.6,8.1
STR,10,14,1.5350000000000108,Aston Martin,0.0,27.98,0,2,2023,11,19.908500000000004,11.083333333333334,11.6,8.1
ALB,11,16,2.308000000000007,Williams,0.0,27.98,0,2,2023,11,,15.256637168141593,11.2,13.8
BOT,12,7,0.42500000000001137,Alfa Romeo,0.0,27.98,0,2,2023,11,13.143,13.34375,13.4,13.2
RIC,13,13,1.3930000000000007,AlphaTauri,0.0,27.98,0,2,2023,11,5.442999999999998,12.274647887323944,12.6,15.4
HUL,14,10,0.5770000000000124,Haas F1 Team,0.0,27.98,0,2,2023,11,2.1585000000000036,14.690265486725664,16.0,17.1
TSU,15,17,2.3100000000000023,AlphaTauri,0.0,27.98,0,2,2023,11,4.6484999999999985,12.274647887323944,15.2,15.4
ZHO,16,5,0.362000000000009,Alfa Romeo,0.0,27.98,0,2,2023,11,0.0,13.34375,13.0,13.2
MAG,17,19,2.5970000000000084,Haas F1 Team,0.0,27.98,0,2,2023,11,3.0849999999999937,14.690265486725664,18.2,17.1
SAR,18,20,2.63900000000001,Williams,0.0,27.98,0,2,2023,11,17.001999999999995,15.256637168141593,16.4,13.8
OCO,19,12,1.2319999999999993,Alpine,0.0,27.98,0,2,2023,11,32.485,10.296296296296296,10.6,11.0
GAS,20,15,1.608000000000004,Alpine,0.0,27.98,0,2,2023,11,33.691,10.296296296296296,11.4,11.0
VER,1,1,0.0,Red Bull Racing,5.0,17.06,0,0,2023,12,,5.969298245614035,1.0,2.7
PER,2,3,0.8769999999999953,Red Bull Racing,-1.0,17.06,0,0,2023,12,,5.969298245614035,4.4,2.7
LEC,3,2,0.8199999999999932,Ferrari,-1.0,17.06,0,0,2023,12,,7.0131578947368425,6.6,6.7
HAM,4,4,0.9189999999999969,Mercedes,-1.0,17.06,0,0,2023,12,,4.56140350877193,4.0,6.0
ALO,5,9,1.6749999999999972,Aston Martin,0.0,17.06,0,0,2023,12,,11.054545454545455,6.0,7.8
RUS,6,8,1.6370000000000005,Mercedes,0.0,17.06,0,0,2023,12,,4.56140350877193,8.0,6.0
NOR,7,7,1.5009999999999906,McLaren,0.0,17.06,0,0,2023,12,,10.236842105263158,7.6,8.7
OCO,8,15,10.0,Alpine,-1.0,17.06,0,0,2023,12,,10.463636363636363,13.8,13.9
STR,9,10,2.6729999999999876,Aston Martin,0.0,17.06,0,0,2023,12,,11.054545454545455,9.6,7.8
TSU,10,11,6.97999999999999,AlphaTauri,0.0,17.06,0,0,2023,12,,12.29861111111111,15.2,15.5
GAS,11,12,7.503,Alpine,0.0,17.06,0,0,2023,12,,10.463636363636363,14.0,13.9
BOT,12,14,8.525999999999996,Alfa Romeo,-1.0,17.06,0,0,2023,12,,13.363636363636363,13.6,13.6
ZHO,13,17,10.0,Alfa Romeo,0.0,17.06,0,0,2023,12,,13.363636363636363,13.6,13.6
ALB,14,16,10.0,Williams,-1.0,17.06,0,0,2023,12,,15.25,10.6,13.5
MAG,15,13,7.99199999999999,Haas F1 Team,3.0,17.06,0,0,2023,12,,14.697368421052632,17.8,16.6
RIC,16,19,10.0,AlphaTauri,0.0,17.06,0,0,2023,12,,12.29861111111111,13.0,15.5
SAR,17,18,10.0,Williams,0.0,17.06,0,0,2023,12,,15.25,16.4,13.5
HUL,18,20,10.0,Haas F1 Team,0.0,17.06,0,0,2023,12,,14.697368421052632,15.4,16.6
SAI,19,5,0.9839999999999947,Ferrari,-1.0,17.06,0,0,2023,12,,7.0131578947368425,6.8,6.7
PIA,20,6,1.1969999999999885,McLaren,-1.0,17.06,0,0,2023,12,,10.236842105263158,9.8,8.7
VER,1,1,0.0,Red Bull Racing,0.0,17.509999999999998,0,0,2023,13,5.448999999999998,5.930434782608696,1.0,2.5
ALO,2,5,0.9390000000000072,Aston Martin,0.0,17.509999999999998,0,0,2023,13,10.044999999999987,10.982142857142858,5.6,7.9
GAS,3,12,9.561000000000007,Alpine,0.0,17.509999999999998,0,0,2023,13,0.6789999999999878,10.446428571428571,14.2,14.0
PER,4,7,1.3130000000000024,Red Bull Racing,0.0,17.509999999999998,0,0,2023,13,2.4879999999999995,5.930434782608696,4.0,2.5
SAI,5,6,1.1870000000000118,Ferrari,0.0,17.509999999999998,0,0,2023,13,0.6569999999999965,7.047826086956522,9.6,7.3
HAM,6,13,9.584000000000003,Mercedes,0.0,17.509999999999998,0,0,2023,13,4.5589999999999975,4.565217391304348,4.4,6.5
NOR,7,2,0.5370000000000061,McLaren,0.0,17.509999999999998,0,0,2023,13,3.747499999999988,10.265217391304347,5.6,8.4
ALB,8,4,0.8520000000000039,Williams,0.0,17.509999999999998,0,0,2023,13,3.9934999999999974,15.252173913043478,10.2,13.0
PIA,9,8,1.3710000000000093,McLaren,0.0,17.509999999999998,0,0,2023,13,1.4494999999999862,10.265217391304347,11.2,8.4
OCO,10,17,10.0,Alpine,-1.0,17.509999999999998,0,0,2023,13,2.596999999999994,10.446428571428571,13.8,14.0
STR,11,11,9.554000000000002,Aston Martin,0.0,17.509999999999998,0,0,2023,13,3.842499999999987,10.982142857142858,10.2,7.9
HUL,12,15,9.683000000000007,Haas F1 Team,-1.0,17.509999999999998,0,0,2023,13,1.6799999999999926,14.71304347826087,16.0,16.6
LAW,13,20,10.0,AlphaTauri,-1.0,17.509999999999998,0,0,2023,13,8.695499999999996,12.308219178082192,,15.5
BOT,14,19,10.0,Alfa Romeo,-1.0,17.509999999999998,0,0,2023,13,4.535999999999987,13.338235294117647,12.2,13.3
TSU,15,14,9.663000000000011,AlphaTauri,3.0,17.509999999999998,0,0,2023,13,1.5619999999999976,12.308219178082192,14.8,15.5
MAG,16,18,10.0,Haas F1 Team,-18.0,17.509999999999998,0,0,2023,13,,14.71304347826087,17.2,16.6
RUS,17,3,0.7270000000000039,Mercedes,0.0,17.509999999999998,0,0,2023,13,1.6344999999999885,4.565217391304348,8.6,6.5
ZHO,18,16,10.0,Alfa Romeo,-1.0,17.509999999999998,0,0,2023,13,,13.338235294117647,14.4,13.3
LEC,19,9,2.098000000000013,Ferrari,0.0,17.509999999999998,0,0,2023,13,0.0,7.047826086956522,5.0,7.3
SAR,20,10,6.181000000000012,Williams,0.0,17.509999999999998,0,0,2023,13,3.630999999999986,15.252173913043478,15.8,13.0
VER,1,2,0.01300000000000523,Red Bull Racing,0.0,28.46999999999999,0,0,2023,14,2.8640000000000043,5.900862068965517,1.0,2.3
PER,2,5,0.39400000000000546,Red Bull Racing,0.0,28.46999999999999,0,0,2023,14,3.3870000000000005,5.900862068965517,3.6,2.3
SAI,3,1,0.0,Ferrari,0.0,28.46999999999999,0,0,2023,14,1.9569999999999936,7.0905172413793105,9.6,8.8
LEC,4,3,0.06700000000000728,Ferrari,0.0,28.46999999999999,0,0,2023,14,1.7779999999999916,7.0905172413793105,8.0,8.8
RUS,5,4,0.37700000000000955,Mercedes,0.0,28.46999999999999,0,0,2023,14,2.2579999999999956,4.625,8.2,6.6
HAM,6,8,0.5259999999999962,Mercedes,0.0,28.46999999999999,0,0,2023,14,2.2590000000000003,4.625,5.0,6.6
ALB,7,6,0.4660000000000082,Williams,0.0,28.46999999999999,0,0,2023,14,25.14699999999999,15.241379310344827,10.4,13.1
NOR,8,9,0.6850000000000023,McLaren,0.0,28.46999999999999,0,0,2023,14,1.4664999999999964,10.245689655172415,4.4,7.6
ALO,9,10,1.1230000000000047,Aston Martin,0.0,28.46999999999999,0,0,2023,14,12.537000000000006,10.903508771929825,5.6,8.1
BOT,10,14,1.6460000000000008,Alfa Romeo,0.0,28.46999999999999,0,0,2023,14,4.914999999999992,13.414285714285715,13.0,13.9
LAW,11,12,1.4639999999999986,AlphaTauri,0.0,28.46999999999999,0,0,2023,14,4.317999999999998,12.33108108108108,13.0,15.1
PIA,12,7,0.49099999999999966,McLaren,0.0,28.46999999999999,0,0,2023,14,4.524000000000001,10.245689655172415,10.8,7.6
SAR,13,15,1.6500000000000057,Williams,0.0,28.46999999999999,0,0,2023,14,0.0,15.241379310344827,15.8,13.1
ZHO,14,16,2.0960000000000036,Alfa Romeo,0.0,28.46999999999999,0,0,2023,14,5.0249999999999915,13.414285714285715,14.8,13.9
GAS,15,17,2.2510000000000048,Alpine,0.0,28.46999999999999,0,0,2023,14,20.843500000000006,10.37719298245614,12.4,13.3
STR,16,20,2.5660000000000025,Aston Martin,0.0,28.46999999999999,0,0,2023,14,17.75,10.903508771929825,10.6,8.1
HUL,17,13,1.4819999999999993,Haas F1 Team,0.0,28.46999999999999,0,0,2023,14,3.972999999999999,14.706896551724139,15.4,16.2
MAG,18,19,2.298000000000002,Haas F1 Team,0.0,28.46999999999999,0,0,2023,14,0.32800000000000296,14.706896551724139,17.0,16.2
OCO,19,18,2.254000000000005,Alpine,0.0,28.46999999999999,0,0,2023,14,13.201499999999996,10.37719298245614,14.2,13.3
TSU,20,11,1.2999999999999972,AlphaTauri,0.0,28.46999999999999,0,0,2023,14,4.244,12.33108108108108,15.0,15.1
SAI,1,1,0.0,Ferrari,0.0,30.01,0,1,2023,15,2.201999999999998,7.05982905982906,9.0,8.7
NOR,2,4,0.28600000000000136,McLaren,0.0,30.01,0,1,2023,15,,10.243589743589743,5.2,7.6
HAM,3,5,0.5010000000000048,Mercedes,0.0,30.01,0,1,2023,15,,4.632478632478633,4.6,6.2
LEC,4,3,0.07900000000000773,Ferrari,0.0,30.01,0,1,2023,15,1.5479999999999876,7.05982905982906,8.4,8.7
VER,5,11,1.1890000000000072,Red Bull Racing,0.0,30.01,0,1,2023,15,3.603499999999997,5.863247863247863,1.0,2.2
GAS,6,12,1.2900000000000063,Alpine,0.0,30.01,0,1,2023,15,0.8870000000000005,10.491379310344827,13.4,14.3
PIA,7,17,1.9180000000000064,McLaren,0.0,30.01,0,1,2023,15,1.2299999999999898,10.243589743589743,10.0,7.6
PER,8,13,1.3260000000000076,Red Bull Racing,0.0,30.01,0,1,2023,15,40.56999999999999,5.863247863247863,3.4,2.2
LAW,9,10,1.284000000000006,AlphaTauri,0.0,30.01,0,1,2023,15,9.893,12.373333333333333,12.0,14.6
MAG,10,6,0.5910000000000082,Haas F1 Team,0.0,30.01,0,1,2023,15,16.549999999999997,14.73076923076923,17.0,15.9
ALB,11,14,2.7349999999999994,Williams,0.0,30.01,0,1,2023,15,24.67749999999998,15.196581196581196,9.6,12.7
ZHO,12,19,2.274000000000001,Alfa Romeo,0.0,30.01,0,1,2023,15,5.245499999999993,13.375,15.2,13.6
HUL,13,9,0.8240000000000123,Haas F1 Team,0.0,30.01,0,1,2023,15,19.800999999999988,14.73076923076923,14.8,15.9
SAR,14,18,2.2680000000000007,Williams,0.0,30.01,0,1,2023,15,41.232,15.196581196581196,15.8,12.7
ALO,15,7,0.6310000000000002,Aston Martin,0.0,30.01,0,1,2023,15,29.138999999999996,10.931034482758621,6.4,9.2
RUS,16,2,0.07200000000000273,Mercedes,0.0,30.01,0,1,2023,15,41.376000000000005,4.632478632478633,7.8,6.2
BOT,17,16,1.8250000000000028,Alfa Romeo,0.0,30.01,0,1,2023,15,4.709499999999991,13.375,12.0,13.6
OCO,18,8,0.6890000000000072,Alpine,0.0,30.01,0,1,2023,15,0.25199999999999534,10.491379310344827,15.2,14.3
TSU,19,15,1.007000000000005,AlphaTauri,0.0,30.01,0,1,2023,15,0.0,12.373333333333333,15.2,14.6
VER,1,1,0.0,Red Bull Racing,0.0,27.5,0,2,2023,16,,5.86864406779661,1.8,2.8
NOR,2,3,0.6159999999999997,McLaren,0.0,27.5,0,2,2023,16,0.0,10.194915254237289,5.2,7.9
PIA,3,2,0.5810000000000031,McLaren,0.0,27.5,0,2,2023,16,2.2789999999999964,10.194915254237289,10.6,7.9
LEC,4,4,0.6650000000000063,Ferrari,0.0,27.5,0,2,2023,16,5.141000000000005,7.021186440677966,7.4,7.3
HAM,5,7,1.031000000000006,Mercedes,0.0,27.5,0,2,2023,16,,4.673728813559322,4.6,7.3
SAI,6,6,0.972999999999999,Ferrari,0.0,27.5,0,2,2023,16,5.305000000000007,7.021186440677966,7.2,7.3
RUS,7,8,1.3419999999999987,Mercedes,0.0,27.5,0,2,2023,16,,4.673728813559322,10.0,7.3
ALO,8,10,1.683000000000007,Aston Martin,0.0,27.5,0,2,2023,16,0.5649999999999977,11.0,8.0,10.1
OCO,9,14,1.7090000000000032,Alpine,0.0,27.5,0,2,2023,16,,10.516949152542374,14.8,12.9
GAS,10,12,1.632000000000005,Alpine,0.0,27.5,0,2,2023,16,,10.516949152542374,11.0,12.9
LAW,11,11,1.6310000000000002,AlphaTauri,0.0,27.5,0,2,2023,16,2.0230000000000103,12.394736842105264,11.0,14.1
TSU,12,9,1.426000000000002,AlphaTauri,0.0,27.5,0,2,2023,16,16.909499999999994,12.394736842105264,15.8,14.1
ZHO,13,19,2.521000000000001,Alfa Romeo,0.0,27.5,0,2,2023,16,,13.405405405405405,14.6,13.8
HUL,14,18,2.4220000000000113,Haas F1 Team,0.0,27.5,0,2,2023,16,,14.703389830508474,14.8,15.0
MAG,15,15,1.788000000000011,Haas F1 Team,0.0,27.5,0,2,2023,16,0.6009999999999991,14.703389830508474,15.2,15.0
ALB,16,13,1.6600000000000108,Williams,0.0,27.5,0,2,2023,16,,15.173728813559322,10.2,13.3
SAR,17,20,10.0,Williams,0.0,27.5,0,2,2023,16,21.310000000000002,15.173728813559322,16.4,13.3
STR,18,17,2.304000000000002,Aston Martin,0.0,27.5,0,2,2023,16,25.14200000000001,11.0,12.0,10.1
PER,19,5,0.7730000000000103,Red Bull Racing,0.0,27.5,0,2,2023,16,,5.86864406779661,3.8,2.8
BOT,20,16,2.1720000000000113,Alfa Romeo,0.0,27.5,0,2,2023,16,,13.405405405405405,13.0,13.8
VER,1,1,0.0,Red Bull Racing,0.0,32.21,0,0,2023,17,,5.9033613445378155,1.8,4.4
PIA,2,6,0.7620000000000005,McLaren,0.0,32.21,0,0,2023,17,,10.130252100840336,10.2,7.7
NOR,3,10,0.9069999999999965,McLaren,0.0,32.21,0,0,2023,17,,10.130252100840336,5.2,7.7
RUS,4,2,0.4409999999999883,Mercedes,0.0,32.21,0,0,2023,17,,4.684873949579832,10.2,7.5
LEC,5,5,0.6460000000000008,Ferrari,0.0,32.21,0,0,2023,17,,7.004201680672269,6.8,6.8
ALO,6,4,0.590999999999994,Aston Martin,0.0,32.21,0,0,2023,17,,11.033333333333333,7.8,10.8
OCO,7,8,0.9849999999999994,Alpine,0.0,32.21,0,0,2023,17,,10.5,12.8,10.9
BOT,8,9,1.2800000000000011,Alfa Romeo,0.0,32.21,0,0,2023,17,,13.486842105263158,14.6,14.3
ZHO,9,20,3.6539999999999964,Alfa Romeo,-1.0,32.21,0,0,2023,17,,13.486842105263158,14.0,14.3
PER,10,13,1.6839999999999975,Red Bull Racing,7.0,32.21,0,0,2023,17,,5.9033613445378155,7.0,4.4
STR,11,17,2.566999999999993,Aston Martin,-1.0,32.21,0,0,2023,17,,11.033333333333333,12.8,10.8
GAS,12,7,0.7749999999999915,Alpine,0.0,32.21,0,0,2023,17,,10.5,9.0,10.9
ALB,13,14,1.9289999999999878,Williams,-1.0,32.21,0,0,2023,17,,15.184873949579831,11.2,13.7
MAG,14,19,3.2680000000000007,Haas F1 Team,-1.0,32.21,0,0,2023,17,,14.701680672268907,14.8,14.8
TSU,15,11,1.5229999999999961,AlphaTauri,0.0,32.21,0,0,2023,17,,12.383116883116884,15.2,13.6
HUL,16,15,2.0049999999999955,Haas F1 Team,-1.0,32.21,0,0,2023,17,,14.701680672268907,14.8,14.8
LAW,17,18,2.8569999999999993,AlphaTauri,-1.0,32.21,0,0,2023,17,,12.383116883116884,11.0,13.6
SAR,18,16,2.431999999999988,Williams,-1.0,32.21,0,0,2023,17,,15.184873949579831,16.2,13.7
HAM,19,3,0.527000000000001,Mercedes,0.0,32.21,0,0,2023,17,,4.684873949579832,4.8,7.5
SAI,20,12,1.5499999999999972,Ferrari,0.0,32.21,0,0,2023,17,,7.004201680672269,6.8,6.8
VER,1,6,0.3580000000000041,Red Bull Racing,0.0,28.610000000000003,0,2,2023,18,,5.9,1.8,5.2
NOR,2,2,0.12999999999999545,McLaren,0.0,28.610000000000003,0,2,2023,18,,10.066666666666666,4.4,5.5
SAI,3,4,0.2219999999999942,Ferrari,0.0,28.610000000000003,0,2,2023,18,,7.05,7.0,7.1
PER,4,9,0.45000000000000284,Red Bull Racing,0.0,28.610000000000003,0,2,2023,18,,5.9,8.6,5.2
RUS,5,5,0.35599999999999454,Mercedes,0.0,28.610000000000003,0,2,2023,18,,4.741666666666666,9.8,8.8
GAS,6,7,0.36599999999999966,Alpine,0.0,28.610000000000003,0,2,2023,18,,10.48360655737705,9.2,10.9
STR,7,19,1.8659999999999997,Aston Martin,1.0,28.610000000000003,0,2,2023,18,,10.991803278688524,13.0,11.1
TSU,8,11,0.9740000000000038,AlphaTauri,0.0,28.610000000000003,0,2,2023,18,,12.429487179487179,16.2,14.2
ALB,9,18,1.5919999999999987,Williams,-3.0,28.610000000000003,0,2,2023,18,,15.1875,11.0,13.7
SAR,10,20,2.103999999999999,Williams,-4.0,28.610000000000003,0,2,2023,18,,15.1875,16.4,13.7
HUL,11,16,1.5120000000000005,Haas F1 Team,2.0,28.610000000000003,0,2,2023,18,,14.704166666666667,14.4,14.5
BOT,12,13,1.1350000000000051,Alfa Romeo,0.0,28.610000000000003,0,2,2023,18,,13.35897435897436,13.8,13.5
ZHO,13,12,0.9749999999999943,Alfa Romeo,0.0,28.610000000000003,0,2,2023,18,,13.35897435897436,13.2,13.5
MAG,14,14,1.1569999999999965,Haas F1 Team,3.0,28.610000000000003,0,2,2023,18,,14.704166666666667,14.6,14.5
RIC,15,15,1.2510000000000048,AlphaTauri,-1.0,28.610000000000003,0,2,2023,18,,12.429487179487179,13.0,14.2
ALO,16,17,1.5450000000000017,Aston Martin,2.0,28.610000000000003,0,2,2023,18,,10.991803278688524,8.0,11.1
PIA,17,10,0.7439999999999998,McLaren,0.0,28.610000000000003,0,2,2023,18,,10.066666666666666,6.6,5.5
OCO,18,8,0.4309999999999974,Alpine,0.0,28.610000000000003,0,2,2023,18,,10.48360655737705,12.6,10.9
HAM,19,3,0.1389999999999958,Mercedes,0.0,28.610000000000003,0,2,2023,18,,4.741666666666666,7.8,8.8
LEC,20,1,0.0,Ferrari,0.0,28.610000000000003,0,2,2023,18,,7.05,7.2,7.1
VER,1,3,0.09700000000000841,Red Bull Racing,0.0,24.45,0,2,2023,19,1.9300000000000068,5.871900826446281,1.8,5.2
HAM,2,6,0.2879999999999967,Mercedes,0.0,24.45,0,2,2023,19,3.0019999999999953,4.801652892561983,10.4,8.9
LEC,3,1,0.0,Ferrari,0.0,24.45,0,2,2023,19,2.9669999999999987,7.086776859504132,7.4,7.0
SAI,4,2,0.06700000000000728,Ferrari,0.0,24.45,0,2,2023,19,2.9194999999999993,7.086776859504132,6.6,7.0
NOR,5,19,4.388000000000005,McLaren,-2.0,24.45,0,2,2023,19,2.7049999999999983,10.061983471074381,3.4,5.8
RUS,6,8,0.5080000000000098,Mercedes,0.0,24.45,0,2,2023,19,2.881999999999991,4.801652892561983,7.4,8.9
RIC,7,4,0.21600000000000819,AlphaTauri,0.0,24.45,0,2,2023,19,0.0,12.417721518987342,14.6,13.7
PIA,8,7,0.45700000000000784,McLaren,0.0,24.45,0,2,2023,19,2.3135000000000048,10.061983471074381,8.2,5.8
ALB,9,14,1.9810000000000088,Williams,0.0,24.45,0,2,2023,19,23.064000000000007,15.140495867768594,11.2,12.8
OCO,10,16,1.9140000000000015,Alpine,-1.0,24.45,0,2,2023,19,3.067999999999998,10.508064516129032,14.2,12.0
GAS,11,11,1.355000000000004,Alpine,0.0,24.45,0,2,2023,19,14.893,10.508064516129032,9.8,12.0
TSU,12,15,1.7240000000000038,AlphaTauri,3.0,24.45,0,2,2023,19,3.933000000000007,12.417721518987342,14.8,13.7
HUL,13,12,1.358000000000004,Haas F1 Team,0.0,24.45,0,2,2023,19,3.3900000000000006,14.685950413223141,14.2,14.2
ZHO,14,10,0.8840000000000003,Alfa Romeo,0.0,24.45,0,2,2023,19,14.280000000000001,13.3375,12.2,12.8
BOT,15,9,0.8659999999999997,Alfa Romeo,0.0,24.45,0,2,2023,19,3.469999999999999,13.3375,13.4,12.8
SAR,16,20,10.0,Williams,-1.0,24.45,0,2,2023,19,16.885000000000005,15.140495867768594,14.4,12.8
STR,17,18,2.061000000000007,Aston Martin,-18.0,24.45,0,2,2023,19,21.479,11.0,12.6,12.1
ALO,18,13,1.5720000000000027,Aston Martin,0.0,24.45,0,2,2023,19,1.7079999999999984,11.0,10.8,12.1
MAG,19,17,1.9969999999999999,Haas F1 Team,-1.0,24.45,0,2,2023,19,25.278499999999994,14.685950413223141,14.2,14.2
PER,20,5,0.257000000000005,Red Bull Racing,0.0,24.45,0,2,2023,19,6.174999999999997,5.871900826446281,8.6,5.2
VER,1,1,0.0,Red Bull Racing,0.0,20.43,0,2,2023,20,,5.909836065573771,1.8,7.0
NOR,2,7,1.259999999999991,McLaren,-1.0,20.43,0,2,2023,20,,10.032786885245901,2.8,5.1
ALO,3,4,0.6599999999999966,Aston Martin,0.0,20.43,0,2,2023,20,,11.103174603174603,12.6,13.1
PER,4,9,1.593999999999994,Red Bull Racing,0.0,20.43,0,2,2023,20,,5.909836065573771,12.2,7.0
STR,5,3,0.6169999999999902,Aston Martin,0.0,20.43,0,2,2023,20,,11.103174603174603,13.8,13.1
SAI,6,8,1.2620000000000005,Ferrari,-1.0,20.43,0,2,2023,20,,7.057377049180328,6.8,7.0
GAS,7,13,-0.1600000000000108,Alpine,2.0,20.43,0,2,2023,20,,10.507936507936508,9.0,10.7
HAM,8,5,0.7419999999999902,Mercedes,0.0,20.43,0,2,2023,20,,4.795081967213115,9.6,8.6
TSU,9,16,0.10999999999999943,AlphaTauri,0.0,20.43,0,2,2023,20,,12.38125,13.2,12.5
OCO,10,12,-0.16500000000000625,Alpine,2.0,20.43,0,2,2023,20,,10.507936507936508,12.4,10.7
SAR,11,19,0.3079999999999927,Williams,0.0,20.43,0,2,2023,20,,15.118852459016393,15.0,13.3
HUL,12,11,-0.18000000000000682,Haas F1 Team,0.0,20.43,0,2,2023,20,,14.69672131147541,13.4,13.9
RIC,13,17,0.11599999999999966,AlphaTauri,0.0,20.43,0,2,2023,20,,12.38125,12.0,12.5
PIA,14,10,-0.39700000000000557,McLaren,0.0,20.43,0,2,2023,20,,10.032786885245901,7.4,5.1
RUS,15,6,0.8629999999999995,Mercedes,2.0,20.43,0,2,2023,20,,4.795081967213115,7.6,8.6
BOT,16,18,0.22799999999999443,Alfa Romeo,0.0,20.43,0,2,2023,20,,13.365853658536585,14.4,13.3
ZHO,17,20,0.5480000000000018,Alfa Romeo,0.0,20.43,0,2,2023,20,,13.365853658536585,12.2,13.3
MAG,18,14,-0.0040000000000048885,Haas F1 Team,-2.0,20.43,0,2,2023,20,,14.69672131147541,14.4,13.9
ALB,19,15,0.11299999999999955,Williams,-2.0,20.43,0,2,2023,20,,15.118852459016393,11.6,13.3
LEC,20,2,0.29399999999999693,Ferrari,0.0,20.43,0,2,2023,20,,7.057377049180328,7.2,7.0
VER,1,3,0.3780000000000001,Red Bull Racing,-1.0,18.04,0,2,2023,21,25.302000000000007,5.882113821138211,1.0,6.2
LEC,2,1,0.0,Ferrari,0.0,18.04,0,2,2023,21,0.5860000000000127,7.105691056910569,10.4,9.1
PER,3,12,1.1290000000000049,Red Bull Racing,-1.0,18.04,0,2,2023,21,,5.882113821138211,11.4,6.2
OCO,4,17,2.108000000000004,Alpine,-1.0,18.04,0,2,2023,21,2.798000000000016,10.4765625,10.8,10.0
STR,5,14,1.472999999999999,Aston Martin,5.0,18.04,0,2,2023,21,1.494000000000014,10.9921875,11.6,10.9
SAI,6,2,0.04399999999999693,Ferrari,10.0,18.04,0,2,2023,21,1.828000000000003,7.105691056910569,7.8,9.1
HAM,7,11,1.1110000000000042,Mercedes,-1.0,18.04,0,2,2023,21,3.0630000000000024,4.849593495934959,10.6,9.0
RUS,8,4,0.3859999999999957,Mercedes,-1.0,18.04,0,2,2023,21,3.243000000000009,4.849593495934959,7.4,9.0
ALO,9,10,0.8290000000000077,Aston Martin,-1.0,18.04,0,2,2023,21,1.8430000000000035,10.9921875,10.2,10.9
PIA,10,19,2.1239999999999952,McLaren,-1.0,18.04,0,2,2023,21,1.115000000000009,10.016260162601625,8.8,5.8
GAS,11,5,0.5130000000000052,Alpine,-1.0,18.04,0,2,2023,21,2.9480000000000075,10.4765625,9.2,10.0
ALB,12,6,0.5969999999999942,Williams,-1.0,18.04,0,2,2023,21,24.462000000000003,15.117886178861788,13.2,13.8
MAG,13,9,0.811000000000007,Haas F1 Team,-1.0,18.04,0,2,2023,21,13.575000000000003,14.699186991869919,16.0,14.6
RIC,14,15,1.5820000000000078,AlphaTauri,-1.0,18.04,0,2,2023,21,14.150000000000006,12.364197530864198,12.8,11.9
ZHO,15,18,2.1230000000000047,Alfa Romeo,-1.0,18.04,0,2,2023,21,1.6350000000000051,13.44047619047619,13.2,13.7
SAR,16,7,0.7870000000000061,Williams,-1.0,18.04,0,2,2023,21,5.295500000000018,15.117886178861788,14.4,13.8
BOT,17,8,0.7990000000000066,Alfa Romeo,-1.0,18.04,0,2,2023,21,3.3645000000000067,13.44047619047619,14.2,13.7
TSU,18,20,3.7210000000000036,AlphaTauri,0.0,18.04,0,2,2023,21,0.0,12.364197530864198,11.2,11.9
HUL,19,13,1.2530000000000001,Haas F1 Team,0.0,18.04,0,2,2023,21,2.0470000000000113,14.699186991869919,13.2,14.6
NOR,20,16,1.9770000000000039,McLaren,-1.0,18.04,0,2,2023,21,2.9980000000000047,10.016260162601625,2.8,5.8
VER,1,1,0.0,Red Bull Racing,0.0,27.619999999999997,0,2,2023,22,3.3940000000000055,5.850806451612903,1.0,4.6
LEC,2,2,0.13900000000001,Ferrari,0.0,27.619999999999997,0,2,2023,22,4.674000000000007,7.080645161290323,10.0,8.9
RUS,3,4,0.3430000000000035,Mercedes,0.0,27.619999999999997,0,2,2023,22,,4.870967741935484,7.6,9.3
PER,4,9,0.7260000000000133,Red Bull Racing,0.0,27.619999999999997,0,2,2023,22,5.13600000000001,5.850806451612903,8.2,4.6
NOR,5,5,0.3710000000000093,McLaren,0.0,27.619999999999997,0,2,2023,22,21.375,10.056451612903226,6.4,8.3
PIA,6,3,0.3370000000000033,McLaren,0.0,27.619999999999997,0,2,2023,22,19.485,10.056451612903226,10.2,8.3
ALO,7,7,0.63900000000001,Aston Martin,0.0,27.619999999999997,0,2,2023,22,4.2960000000000065,10.930769230769231,10.4,9.7
TSU,8,6,0.5230000000000103,AlphaTauri,0.0,27.619999999999997,0,2,2023,22,0.0,12.408536585365853,12.4,12.8
HAM,9,11,0.9140000000000015,Mercedes,0.0,27.619999999999997,0,2,2023,22,5.685500000000005,4.870967741935484,11.0,9.3
STR,10,13,0.9770000000000039,Aston Martin,0.0,27.619999999999997,0,2,2023,22,4.51100000000001,10.930769230769231,9.0,9.7
RIC,11,15,0.9969999999999999,AlphaTauri,0.0,27.619999999999997,0,2,2023,22,0.2540000000000049,12.408536585365853,13.0,12.8
OCO,12,12,0.9460000000000122,Alpine,0.0,27.619999999999997,0,2,2023,22,,10.430769230769231,9.8,9.6
GAS,13,10,1.1030000000000086,Alpine,0.0,27.619999999999997,0,2,2023,22,,10.430769230769231,9.4,9.6
ALB,14,14,0.9939999999999998,Williams,0.0,27.619999999999997,0,2,2023,22,26.7295,15.108870967741936,12.4,13.3
HUL,15,8,0.6630000000000109,Haas F1 Team,0.0,27.619999999999997,0,2,2023,22,3.588000000000008,14.709677419354838,14.2,14.9
SAR,16,20,10.0,Williams,0.0,27.619999999999997,0,2,2023,22,22.786500000000004,15.108870967741936,14.2,13.3
ZHO,17,19,1.7140000000000128,Alfa Romeo,0.0,27.619999999999997,0,2,2023,22,4.129500000000007,13.5,13.6,13.6
SAI,18,16,1.2930000000000064,Ferrari,0.0,27.619999999999997,0,2,2023,22,4.690000000000012,7.080645161290323,7.8,8.9
BOT,19,18,1.3430000000000035,Alfa Romeo,0.0,27.619999999999997,0,2,2023,22,39.915000000000006,13.5,13.6,13.6
MAG,20,17,1.3190000000000026,Haas F1 Team,0.0,27.619999999999997,0,2,2023,22,0.9620000000000033,14.709677419354838,15.6,14.9
VER,1,1,0.0,Red Bull Racing,0.0,18.9,0,2,2024,1,17.97500000000001,5.824,1.0,4.0
PER,2,5,0.3580000000000041,Red Bull Racing,0.0,18.9,0,2,2024,1,21.605500000000006,5.824,7.0,4.0
SAI,3,4,0.32800000000000296,Ferrari,0.0,18.9,0,2,2024,1,29.858000000000004,7.104,7.4,8.4
LEC,4,2,0.22799999999999443,Ferrari,0.0,18.9,0,2,2024,1,7.332999999999998,7.104,9.4,8.4
RUS,5,3,0.3059999999999974,Mercedes,0.0,18.9,0,2,2024,1,,4.88,7.4,8.2
NOR,6,7,0.4350000000000023,McLaren,0.0,18.9,0,2,2024,1,,10.02,6.8,8.9
HAM,7,9,0.5309999999999917,Mercedes,0.0,18.9,0,2,2024,1,4.858000000000004,4.88,9.0,8.2
PIA,8,8,0.5040000000000049,McLaren,0.0,18.9,0,2,2024,1,,10.02,11.0,8.9
ALO,9,6,0.36299999999999955,Aston Martin,0.0,18.9,0,2,2024,1,10.490000000000009,10.893939393939394,10.6,9.7
STR,10,12,1.0210000000000008,Aston Martin,0.0,18.9,0,2,2024,1,0.0,10.893939393939394,8.8,9.7
ZHO,11,17,1.578000000000003,Kick Sauber,0.0,18.9,0,2,2024,1,,,15.2,
MAG,12,15,1.3499999999999943,Haas F1 Team,0.0,18.9,0,2,2024,1,3.2860000000000014,14.732,16.8,15.4
RIC,13,14,1.0990000000000038,RB,0.0,18.9,0,2,2024,1,22.271,,12.0,
TSU,14,11,0.9500000000000028,RB,0.0,18.9,0,2,2024,1,0.09499999999999886,,11.0,
ALB,15,13,1.0420000000000016,Williams,0.0,18.9,0,2,2024,1,27.828500000000005,15.108,12.6,13.2
HUL,16,10,1.3229999999999933,Haas F1 Team,0.0,18.9,0,2,2024,1,36.519000000000005,14.732,14.0,15.4
OCO,17,19,1.6140000000000043,Alpine,0.0,18.9,0,2,2024,1,34.625,10.462121212121213,10.8,10.2
GAS,18,20,1.7689999999999912,Alpine,0.0,18.9,0,2,2024,1,26.38499999999999,10.462121212121213,9.6,10.2
BOT,19,16,1.5769999999999982,Kick Sauber,0.0,18.9,0,2,2024,1,,,15.8,
SAR,20,18,1.590999999999994,Williams,0.0,18.9,0,2,2024,1,,15.108,13.8,13.2
VER,1,1,0.0,Red Bull Racing,0.0,25.5,0,0,2024,2,13.466999999999999,5.7896825396825395,1.0,3.8
PER,2,3,0.33500000000000796,Red Bull Racing,0.0,25.5,0,0,2024,2,0.0,5.7896825396825395,6.6,3.8
LEC,3,2,0.3190000000000026,Ferrari,0.0,25.5,0,0,2024,2,3.1299999999999955,7.075396825396825,6.2,6.8
PIA,4,5,0.6170000000000044,McLaren,0.0,25.5,0,0,2024,2,13.642499999999998,9.996031746031745,9.2,8.4
ALO,5,4,0.37400000000000944,Aston Martin,0.0,25.5,0,0,2024,2,17.085499999999996,10.873134328358208,9.2,9.3
RUS,6,7,0.8440000000000083,Mercedes,0.0,25.5,0,0,2024,2,3.0330000000000013,4.888888888888889,7.4,7.0
BEA,7,11,1.1700000000000017,Ferrari,0.0,25.5,0,0,2024,2,3.5940000000000083,7.075396825396825,,6.8
NOR,8,6,0.6600000000000108,McLaren,0.0,25.5,0,0,2024,2,0.367999999999995,9.996031746031745,7.6,8.4
HAM,9,8,0.9879999999999995,Mercedes,0.0,25.5,0,0,2024,2,3.2010000000000076,4.888888888888889,6.6,7.0
HUL,10,15,1.5830000000000126,Haas F1 Team,0.0,25.5,0,0,2024,2,12.844999999999999,14.726190476190476,15.0,15.7
ALB,11,12,1.5080000000000098,Williams,0.0,25.5,0,0,2024,2,23.5835,15.126984126984127,13.8,14.8
MAG,12,13,1.5480000000000018,Haas F1 Team,0.0,25.5,0,0,2024,2,15.697000000000003,14.726190476190476,16.4,15.7
OCO,13,17,2.003,Alpine,0.0,25.5,0,0,2024,2,5.6965,10.567164179104477,10.6,11.3
SAR,14,19,2.054000000000002,Williams,0.0,25.5,0,0,2024,2,,15.126984126984127,15.8,14.8
TSU,15,9,1.0750000000000028,RB,0.0,25.5,0,0,2024,2,23.272000000000006,13.5,12.2,13.5
RIC,16,14,1.5530000000000115,RB,0.0,25.5,0,0,2024,2,26.052000000000007,13.5,11.6,13.5
BOT,17,16,1.7070000000000078,Kick Sauber,0.0,25.5,0,0,2024,2,4.8359999999999985,15.0,17.2,15.0
ZHO,18,20,10.0,Kick Sauber,0.0,25.5,0,0,2024,2,2.058000000000007,15.0,14.8,15.0
STR,19,10,1.1000000000000085,Aston Martin,0.0,25.5,0,0,2024,2,16.939999999999998,10.873134328358208,9.4,9.3
GAS,20,18,2.007000000000005,Alpine,0.0,25.5,0,0,2024,2,7.82050000000001,10.567164179104477,12.0,11.3
SAI,1,2,0.269999999999996,Ferrari,0.0,19.110000000000003,0,1,2024,3,2.9284999999999997,7.059055118110236,7.4,7.1
LEC,2,5,0.519999999999996,Ferrari,-1.0,19.110000000000003,0,1,2024,3,15.33250000000001,7.059055118110236,6.2,7.1
NOR,3,4,0.3999999999999915,McLaren,-1.0,19.110000000000003,0,1,2024,3,2.8389999999999986,9.964566929133857,8.2,8.3
PIA,4,6,0.6569999999999965,McLaren,-1.0,19.110000000000003,0,1,2024,3,6.331999999999994,9.964566929133857,8.4,8.3
PER,5,3,0.35899999999999466,Red Bull Racing,3.0,19.110000000000003,0,1,2024,3,4.768500000000003,5.755905511811024,3.0,2.0
STR,6,9,1.1569999999999965,Aston Martin,0.0,19.110000000000003,0,1,2024,3,0.0,10.889705882352942,9.8,8.2
TSU,7,8,0.8729999999999905,RB,0.0,19.110000000000003,0,1,2024,3,33.696,14.5,12.8,14.5
ALO,8,10,1.6370000000000005,Aston Martin,0.0,19.110000000000003,0,1,2024,3,0.11599999999999966,10.889705882352942,6.6,8.2
HUL,9,16,2.060999999999993,Haas F1 Team,0.0,19.110000000000003,0,1,2024,3,23.682999999999993,14.696850393700787,14.4,14.7
MAG,10,14,1.5120000000000005,Haas F1 Team,0.0,19.110000000000003,0,1,2024,3,21.724000000000004,14.696850393700787,15.0,14.7
ALB,11,12,1.2519999999999953,Williams,0.0,19.110000000000003,0,1,2024,3,5.783000000000001,15.106299212598426,14.2,14.8
RIC,12,18,2.1699999999999875,RB,0.0,19.110000000000003,0,1,2024,3,16.346000000000004,14.5,13.4,14.5
GAS,13,17,2.066999999999993,Alpine,0.0,19.110000000000003,0,1,2024,3,10.362499999999997,10.654411764705882,13.8,12.5
BOT,14,13,1.4249999999999972,Kick Sauber,0.0,19.110000000000003,0,1,2024,3,1.070999999999998,16.25,17.6,16.25
ZHO,15,19,2.272999999999996,Kick Sauber,0.0,19.110000000000003,0,1,2024,3,1.1209999999999951,16.25,15.6,16.25
OCO,16,15,1.7819999999999965,Alpine,0.0,19.110000000000003,0,1,2024,3,16.409999999999997,10.654411764705882,11.2,12.5
RUS,17,7,0.8089999999999975,Mercedes,0.0,19.110000000000003,0,1,2024,3,27.32249999999999,4.909448818897638,7.4,7.7
HAM,18,11,1.0449999999999875,Mercedes,0.0,19.110000000000003,0,1,2024,3,23.810000000000002,4.909448818897638,8.0,7.7
VER,19,1,0.0,Red Bull Racing,0.0,19.110000000000003,0,1,2024,3,4.2479999999999905,5.755905511811024,1.0,2.0
VER,1,1,0.0,Red Bull Racing,0.0,22.059999999999995,0,2,2024,4,1.7510000000000048,5.8046875,4.6,3.9
PER,2,2,0.0660000000000025,Red Bull Racing,0.0,22.059999999999995,0,2,2024,4,1.8359999999999985,5.8046875,3.2,3.9
SAI,3,4,0.48499999999999943,Ferrari,0.0,22.059999999999995,0,2,2024,4,1.3034999999999997,7.015625,6.8,4.8
LEC,4,8,0.5889999999999986,Ferrari,0.0,22.059999999999995,0,2,2024,4,1.703000000000003,7.015625,2.6,4.8
NOR,5,3,0.2920000000000016,McLaren,0.0,22.059999999999995,0,2,2024,4,30.717,9.9140625,8.4,7.4
ALO,6,5,0.4890000000000043,Aston Martin,0.0,22.059999999999995,0,2,2024,4,0.8610000000000042,10.833333333333334,7.6,8.8
RUS,7,9,0.8109999999999928,Mercedes,0.0,22.059999999999995,0,2,2024,4,0.27899999999999636,5.0078125,7.8,8.9
PIA,8,6,0.5630000000000024,McLaren,0.0,22.059999999999995,0,2,2024,4,1.9294999999999902,9.9140625,6.4,7.4
HAM,9,7,0.5690000000000026,Mercedes,0.0,22.059999999999995,0,2,2024,4,1.4269999999999925,5.0078125,10.0,8.9
TSU,10,10,1.215999999999994,RB,0.0,22.059999999999995,0,2,2024,4,0.0,12.833333333333334,12.4,12.833333333333334
HUL,11,12,1.296999999999997,Haas F1 Team,0.0,22.059999999999995,0,2,2024,4,2.622,14.65625,13.8,13.6
STR,12,16,1.8269999999999982,Aston Martin,0.0,22.059999999999995,0,2,2024,4,1.695999999999998,10.833333333333334,10.0,8.8
MAG,13,18,1.9339999999999975,Haas F1 Team,0.0,22.059999999999995,0,2,2024,4,3.155000000000001,14.65625,13.4,13.6
BOT,14,13,1.3960000000000008,Kick Sauber,0.0,22.059999999999995,0,2,2024,4,2.379000000000005,15.666666666666666,17.2,15.666666666666666
OCO,15,15,1.6189999999999998,Alpine,0.0,22.059999999999995,0,2,2024,4,0.25,10.710144927536232,12.4,13.7
GAS,16,17,1.921999999999997,Alpine,0.0,22.059999999999995,0,2,2024,4,0.5215000000000032,10.710144927536232,15.0,13.7
SAR,17,19,1.941999999999993,Williams,0.0,22.059999999999995,0,2,2024,4,1.2169999999999987,15.07421875,15.4,14.0
ZHO,18,20,1.945999999999998,Kick Sauber,0.0,22.059999999999995,0,2,2024,4,3.242500000000007,15.666666666666666,15.2,15.666666666666666
RIC,19,11,1.2749999999999915,RB,0.0,22.059999999999995,0,2,2024,4,0.41200000000000614,12.833333333333334,13.2,12.833333333333334
ALB,20,14,1.516999999999996,Williams,0.0,22.059999999999995,0,2,2024,4,0.33200000000000784,15.07421875,12.6,14.0
VER,1,1,0.0,Red Bull Racing,0.0,18.999999999999996,0,2,2024,5,,5.771317829457364,4.6,3.8
NOR,2,4,0.5050000000000097,McLaren,0.0,18.999999999999996,0,2,2024,5,,9.887596899224807,5.4,5.7
PER,3,2,0.32200000000000273,Red Bull Racing,0.0,18.999999999999996,0,2,2024,5,,5.771317829457364,3.0,3.8
LEC,4,6,0.6290000000000049,Ferrari,0.0,18.999999999999996,0,2,2024,5,,6.988372093023256,3.0,4.7
SAI,5,7,0.6370000000000005,Ferrari,0.0,18.999999999999996,0,2,2024,5,,6.988372093023256,6.2,4.7
RUS,6,8,0.7730000000000103,Mercedes,0.0,18.999999999999996,0,2,2024,5,,5.0310077519379846,7.6,9.0
ALO,7,3,0.48799999999999955,Aston Martin,0.0,18.999999999999996,0,2,2024,5,,10.807142857142857,7.0,9.2
PIA,8,5,0.6129999999999995,McLaren,0.0,18.999999999999996,0,2,2024,5,,9.887596899224807,6.0,5.7
HAM,9,18,1.9129999999999967,Mercedes,0.0,18.999999999999996,0,2,2024,5,,5.0310077519379846,10.4,9.0
HUL,10,9,0.9440000000000026,Haas F1 Team,0.0,18.999999999999996,0,2,2024,5,,14.635658914728682,12.2,12.8
OCO,11,13,1.5630000000000024,Alpine,0.0,18.999999999999996,0,2,2024,5,,10.778571428571428,14.6,15.3
ALB,12,14,1.581000000000003,Williams,0.0,18.999999999999996,0,2,2024,5,,15.10077519379845,14.2,14.9
GAS,13,15,1.8029999999999973,Alpine,0.0,18.999999999999996,0,2,2024,5,,10.778571428571428,16.0,15.3
ZHO,14,16,1.8449999999999989,Kick Sauber,0.0,18.999999999999996,0,2,2024,5,,15.75,15.8,15.75
STR,15,11,1.1779999999999973,Aston Martin,0.0,18.999999999999996,0,2,2024,5,,10.807142857142857,11.4,9.2
MAG,16,17,1.8560000000000088,Haas F1 Team,0.0,18.999999999999996,0,2,2024,5,,14.635658914728682,13.4,12.8
SAR,17,20,2.6980000000000075,Williams,0.0,18.999999999999996,0,2,2024,5,,15.10077519379845,16.6,14.9
RIC,18,12,1.274000000000001,RB,0.0,18.999999999999996,0,2,2024,5,,13.25,14.2,13.25
TSU,19,19,2.0859999999999985,RB,0.0,18.999999999999996,0,2,2024,5,,13.25,10.8,13.25
BOT,20,10,1.0050000000000097,Kick Sauber,0.0,18.999999999999996,0,2,2024,5,,15.75,16.6,15.75
NOR,1,5,0.35299999999999443,McLaren,0.0,28.580000000000002,0,2,2024,6,,9.85,4.8,5.6
VER,2,1,0.0,Red Bull Racing,0.0,28.580000000000002,0,2,2024,6,,5.742307692307692,4.6,3.7
LEC,3,2,0.14100000000000534,Ferrari,0.0,28.580000000000002,0,2,2024,6,,6.969230769230769,3.4,3.6
PER,4,4,0.2189999999999941,Red Bull Racing,0.0,28.580000000000002,0,2,2024,6,,5.742307692307692,2.8,3.7
SAI,5,3,0.21399999999999864,Ferrari,0.0,28.580000000000002,0,2,2024,6,,6.969230769230769,6.0,3.6
HAM,6,8,0.8659999999999997,Mercedes,0.0,28.580000000000002,0,2,2024,6,,5.05,10.4,9.3
TSU,7,10,0.9509999999999934,RB,0.0,28.580000000000002,0,2,2024,6,,14.3,13.0,14.3
RUS,8,7,0.8259999999999934,Mercedes,0.0,28.580000000000002,0,2,2024,6,,5.05,8.2,9.3
ALO,9,15,1.186000000000007,Aston Martin,0.0,28.580000000000002,0,2,2024,6,,10.809859154929578,7.0,9.7
OCO,10,13,1.1299999999999955,Alpine,0.0,28.580000000000002,0,2,2024,6,,10.795774647887324,14.4,15.2
HUL,11,9,0.9050000000000011,Haas F1 Team,0.0,28.580000000000002,0,2,2024,6,,14.623076923076923,11.2,11.9
GAS,12,12,1.0829999999999984,Alpine,0.0,28.580000000000002,0,2,2024,6,,10.795774647887324,16.0,15.2
PIA,13,6,0.4339999999999975,McLaren,0.0,28.580000000000002,0,2,2024,6,,9.85,6.4,5.6
ZHO,14,20,1.5829999999999984,Kick Sauber,-1.0,28.580000000000002,0,2,2024,6,,16.0,15.2,16.0
RIC,15,18,1.3760000000000048,RB,2.0,28.580000000000002,0,2,2024,6,,14.3,15.6,14.3
BOT,16,16,1.2219999999999942,Kick Sauber,0.0,28.580000000000002,0,2,2024,6,,16.0,16.8,16.0
STR,17,11,0.9809999999999945,Aston Martin,0.0,28.580000000000002,0,2,2024,6,,10.809859154929578,12.4,9.7
ALB,18,14,1.171999999999997,Williams,0.0,28.580000000000002,0,2,2024,6,,15.096153846153847,13.8,14.8
MAG,19,19,1.3780000000000001,Haas F1 Team,-1.0,28.580000000000002,0,2,2024,6,,14.623076923076923,12.6,11.9
SAR,20,17,1.2459999999999951,Williams,0.0,28.580000000000002,0,2,2024,6,,15.096153846153847,16.8,14.8
VER,1,1,0.0,Red Bull Racing,0.0,24.18,0,0,2024,7,1.7794999999999987,5.721374045801527,4.8,4.0
NOR,2,3,0.09100000000000819,McLaren,-1.0,24.18,0,0,2024,7,22.744,9.82824427480916,3.8,5.6
LEC,3,4,0.22400000000000375,Ferrari,-1.0,24.18,0,0,2024,7,0.0,6.9465648854961835,3.2,3.7
PIA,4,2,0.07399999999999807,McLaren,3.0,24.18,0,0,2024,7,,9.82824427480916,7.4,5.6
SAI,5,5,0.487000000000009,Ferrari,-1.0,24.18,0,0,2024,7,0.07500000000000284,6.9465648854961835,3.4,3.7
HAM,6,8,0.7580000000000098,Mercedes,0.0,24.18,0,0,2024,7,23.098,5.064885496183206,10.2,9.5
RUS,7,6,0.48799999999999955,Mercedes,0.0,24.18,0,0,2024,7,,5.064885496183206,8.8,9.5
PER,8,11,0.960000000000008,Red Bull Racing,0.0,24.18,0,0,2024,7,1.6615000000000038,5.721374045801527,3.2,4.0
STR,9,13,1.2460000000000093,Aston Martin,0.0,24.18,0,0,2024,7,26.638999999999996,10.840277777777779,13.8,10.4
TSU,10,7,0.7190000000000083,RB,0.0,24.18,0,0,2024,7,17.048500000000004,13.75,11.6,13.8
HUL,11,10,1.2340000000000089,Haas F1 Team,0.0,24.18,0,0,2024,7,16.6425,14.625954198473282,10.2,12.1
MAG,12,18,2.108000000000004,Haas F1 Team,0.0,24.18,0,0,2024,7,22.251500000000007,14.625954198473282,14.0,12.1
RIC,13,9,0.9280000000000115,RB,0.0,24.18,0,0,2024,7,39.71300000000001,13.75,16.0,13.8
OCO,14,12,1.1600000000000108,Alpine,0.0,24.18,0,0,2024,7,17.1935,10.79861111111111,13.0,13.9
ZHO,15,17,2.088000000000008,Kick Sauber,0.0,24.18,0,0,2024,7,,15.833333333333334,15.8,16.0
GAS,16,15,1.6350000000000051,Alpine,0.0,24.18,0,0,2024,7,16.070499999999996,10.79861111111111,14.8,13.9
SAR,17,20,10.0,Williams,-1.0,24.18,0,0,2024,7,16.14800000000001,15.125954198473282,17.6,15.1
BOT,18,16,1.8800000000000097,Kick Sauber,0.0,24.18,0,0,2024,7,,15.833333333333334,16.2,16.0
ALO,19,19,2.1710000000000065,Aston Martin,1.0,24.18,0,0,2024,7,15.876000000000005,10.840277777777779,7.0,10.4
ALB,20,14,1.4540000000000077,Williams,0.0,24.18,0,0,2024,7,,15.125954198473282,14.4,15.1
LEC,1,1,0.0,Ferrari,0.0,21.04,0,1,2024,8,0.04200000000000159,6.924242424242424,3.2,3.5
PIA,2,2,0.15400000000001057,McLaren,0.0,21.04,0,1,2024,8,10.039000000000001,9.776515151515152,7.4,5.0
SAI,3,3,0.24800000000000466,Ferrari,0.0,21.04,0,1,2024,8,0.44899999999999807,6.924242424242424,3.8,3.5
NOR,4,4,0.27200000000000557,McLaren,0.0,21.04,0,1,2024,8,5.709000000000003,9.776515151515152,2.6,5.0
RUS,5,5,0.27300000000001035,Mercedes,0.0,21.04,0,1,2024,8,21.075500000000005,5.075757575757576,9.0,9.3
VER,6,6,0.29699999999999704,Red Bull Racing,0.0,21.04,0,1,2024,8,10.319000000000003,5.712121212121212,4.8,4.6
HAM,7,7,0.3509999999999991,Mercedes,0.0,21.04,0,1,2024,8,12.335499999999996,5.075757575757576,9.6,9.3
TSU,8,8,0.5880000000000081,RB,0.0,21.04,0,1,2024,8,24.482,13.428571428571429,10.6,13.0
ALB,9,9,0.6779999999999973,Williams,0.0,21.04,0,1,2024,8,1.913499999999999,15.151515151515152,16.2,16.3
GAS,10,10,1.041000000000011,Alpine,0.0,21.04,0,1,2024,8,22.65100000000001,10.856164383561644,14.0,13.6
ALO,11,14,1.7490000000000094,Aston Martin,0.0,21.04,0,1,2024,8,14.756500000000003,10.883561643835616,9.8,10.8
RIC,12,12,1.2120000000000033,RB,0.0,21.04,0,1,2024,8,12.145499999999998,13.428571428571429,15.4,13.0
BOT,13,17,2.2420000000000044,Kick Sauber,0.0,21.04,0,1,2024,8,,15.928571428571429,16.4,15.8
STR,14,13,1.2930000000000064,Aston Martin,0.0,21.04,0,1,2024,8,25.72500000000001,10.883561643835616,11.8,10.8
SAR,15,15,1.75,Williams,0.0,21.04,0,1,2024,8,0.0,15.151515151515152,17.0,16.3
ZHO,16,18,2.7580000000000098,Kick Sauber,0.0,21.04,0,1,2024,8,15.724000000000018,15.928571428571429,15.2,15.8
OCO,17,11,1.0150000000000006,Alpine,0.0,21.04,0,1,2024,8,18.939000000000007,10.856164383561644,13.2,13.6
PER,18,16,1.7900000000000063,Red Bull Racing,0.0,21.04,0,1,2024,8,24.578000000000003,5.712121212121212,4.4,4.6
HUL,19,14,1.1700000000000017,Haas F1 Team,5.0,21.04,0,1,2024,8,25.695999999999998,14.602272727272727,10.4,12.2
MAG,20,15,1.4549999999999983,Haas F1 Team,5.0,21.04,0,1,2024,8,25.932000000000002,14.602272727272727,14.0,12.2
VER,1,2,0.0,Red Bull Racing,0.0,16.279999999999998,1,1,2024,9,1.7135000000000105,5.7593984962406015,2.2,4.6
NOR,2,3,0.021000000000000796,McLaren,0.0,16.279999999999998,1,1,2024,9,0.0,9.725563909774436,2.8,4.9
RUS,3,1,0.0,Mercedes,0.0,16.279999999999998,1,1,2024,9,9.675500000000014,5.082706766917293,6.6,7.0
HAM,4,7,0.28000000000000114,Mercedes,0.0,16.279999999999998,1,1,2024,9,3.0785000000000053,5.082706766917293,7.4,7.0
PIA,5,4,0.10299999999999443,McLaren,0.0,16.279999999999998,1,1,2024,9,1.1145000000000067,9.725563909774436,7.0,4.9
ALO,6,6,0.22799999999999443,Aston Martin,0.0,16.279999999999998,1,1,2024,9,1.174500000000009,10.905405405405405,10.4,11.9
STR,7,9,0.7009999999999934,Aston Martin,0.0,16.279999999999998,1,1,2024,9,0.7245000000000061,10.905405405405405,13.4,11.9
RIC,8,5,0.17799999999999727,RB,0.0,16.279999999999998,1,1,2024,9,4.632500000000007,13.0,15.4,13.1
GAS,9,15,0.9399999999999977,Alpine,0.0,16.279999999999998,1,1,2024,9,1.4925000000000068,10.891891891891891,13.4,13.4
OCO,10,18,1.4350000000000023,Alpine,0.0,16.279999999999998,1,1,2024,9,0.9610000000000127,10.891891891891891,13.4,13.4
HUL,11,19,1.9779999999999944,Haas F1 Team,-2.0,16.279999999999998,1,1,2024,9,2.034000000000006,14.639097744360901,12.4,14.2
MAG,12,14,0.9159999999999968,Haas F1 Team,0.0,16.279999999999998,1,1,2024,9,1.2975000000000136,14.639097744360901,16.0,14.2
BOT,13,17,1.3659999999999997,Kick Sauber,2.0,16.279999999999998,1,1,2024,9,1.1805000000000092,15.75,16.2,15.8
TSU,14,8,0.4140000000000015,RB,0.0,16.279999999999998,1,1,2024,9,1.6735000000000042,13.0,10.8,13.1
ZHO,15,20,2.2920000000000016,Kick Sauber,0.0,16.279999999999998,1,1,2024,9,,15.75,15.4,15.8
SAI,16,12,0.7279999999999944,Ferrari,0.0,16.279999999999998,1,1,2024,9,4.406500000000008,6.887218045112782,4.2,3.6
ALB,17,10,0.7960000000000065,Williams,0.0,16.279999999999998,1,1,2024,9,6.149000000000001,15.12781954887218,15.8,16.5
PER,18,16,1.3259999999999934,Red Bull Racing,0.0,16.279999999999998,1,1,2024,9,2.5770000000000124,5.7593984962406015,7.0,4.6
LEC,19,11,0.6910000000000025,Ferrari,0.0,16.279999999999998,1,1,2024,9,0.9690000000000083,6.887218045112782,3.0,3.6
SAR,20,13,0.7360000000000042,Williams,0.0,16.279999999999998,1,1,2024,9,0.10850000000000648,15.12781954887218,17.2,16.5
VER,1,2,0.020000000000010232,Red Bull Racing,0.0,24.17,0,2,2024,10,3.3569999999999993,5.787313432835821,2.2,6.2
NOR,2,1,0.0,McLaren,0.0,24.17,0,2,2024,10,18.060999999999993,9.67910447761194,2.2,4.3
HAM,3,3,0.31799999999999784,Mercedes,0.0,24.17,0,2,2024,10,1.6189999999999998,5.07089552238806,6.4,6.1
RUS,4,4,0.3200000000000074,Mercedes,0.0,24.17,0,2,2024,10,0.37000000000000455,5.07089552238806,5.8,6.1
LEC,5,5,0.347999999999999,Ferrari,0.0,24.17,0,2,2024,10,1.0649999999999977,6.9664179104477615,6.0,6.4
SAI,6,6,0.35300000000000864,Ferrari,0.0,24.17,0,2,2024,10,1.2134999999999962,6.9664179104477615,6.8,6.4
PIA,7,10,0.6280000000000001,McLaren,-1.0,24.17,0,2,2024,10,,9.67910447761194,6.4,4.3
PER,8,8,0.6780000000000115,Red Bull Racing,3.0,24.17,0,2,2024,10,,5.787313432835821,10.2,6.2
GAS,9,7,0.47400000000000375,Alpine,0.0,24.17,0,2,2024,10,53.28099999999999,10.873333333333333,12.0,12.2
OCO,10,9,0.7420000000000044,Alpine,-1.0,24.17,0,2,2024,10,0.0,10.873333333333333,12.4,12.2
HUL,11,13,0.9270000000000067,Haas F1 Team,0.0,24.17,0,2,2024,10,16.39,14.615671641791044,12.4,14.1
ALO,12,11,0.7450000000000045,Aston Martin,-1.0,24.17,0,2,2024,10,32.997,10.846666666666666,10.4,11.4
ZHO,13,15,1.355000000000004,Kick Sauber,0.0,24.17,0,2,2024,10,,15.555555555555555,14.8,15.4
STR,14,14,0.9890000000000043,Aston Martin,0.0,24.17,0,2,2024,10,41.257999999999996,10.846666666666666,12.4,11.4
RIC,15,18,1.6920000000000073,RB,0.0,24.17,0,2,2024,10,1.5239999999999867,12.777777777777779,13.2,12.4
BOT,16,12,0.8440000000000083,Kick Sauber,0.0,24.17,0,2,2024,10,0.929000000000002,15.555555555555555,16.0,15.4
MAG,17,16,1.554000000000002,Haas F1 Team,0.0,24.17,0,2,2024,10,1.676000000000002,14.615671641791044,15.8,14.1
ALB,18,19,1.7700000000000102,Williams,1.0,24.17,0,2,2024,10,,15.152985074626866,15.2,16.5
TSU,19,17,1.6020000000000039,RB,0.0,24.17,0,2,2024,10,11.225999999999999,12.777777777777779,11.6,12.4
SAR,20,20,2.1260000000000048,Williams,-1.0,24.17,0,2,2024,10,,15.152985074626866,17.8,16.5
RUS,1,3,0.5260000000000105,Mercedes,0.0,28.909999999999997,0,0,2024,11,,5.059259259259259,5.4,5.3
PIA,2,7,0.7340000000000089,McLaren,0.0,28.909999999999997,0,0,2024,11,,9.64074074074074,6.2,4.2
SAI,3,4,0.5370000000000061,Ferrari,0.0,28.909999999999997,0,0,2024,11,,6.955555555555556,7.0,6.6
HAM,4,5,0.5890000000000128,Mercedes,0.0,28.909999999999997,0,0,2024,11,,5.059259259259259,5.2,5.3
VER,5,1,0.0,Red Bull Racing,0.0,28.909999999999997,0,0,2024,11,,5.777777777777778,2.2,6.7
HUL,6,9,1.0710000000000122,Haas F1 Team,0.0,28.909999999999997,0,0,2024,11,,14.61111111111111,12.6,14.3
PER,7,8,0.8880000000000052,Red Bull Racing,0.0,28.909999999999997,0,0,2024,11,,5.777777777777778,11.2,6.7
MAG,8,12,1.0330000000000013,Haas F1 Team,0.0,28.909999999999997,0,0,2024,11,,14.61111111111111,16.0,14.3
RIC,9,11,0.9750000000000085,RB,0.0,28.909999999999997,0,0,2024,11,,13.2,12.6,12.1
GAS,10,13,1.0450000000000017,Alpine,0.0,28.909999999999997,0,0,2024,11,,10.855263157894736,11.2,11.7
LEC,11,6,0.730000000000004,Ferrari,0.0,28.909999999999997,0,0,2024,11,,6.955555555555556,6.2,6.6
OCO,12,10,1.5690000000000026,Alpine,0.0,28.909999999999997,0,0,2024,11,,10.855263157894736,12.2,11.7
STR,13,17,1.5050000000000097,Aston Martin,0.0,28.909999999999997,0,0,2024,11,,10.875,12.2,11.8
TSU,14,14,1.0980000000000132,RB,0.0,28.909999999999997,0,0,2024,11,,13.2,11.6,12.1
ALB,15,16,1.4220000000000113,Williams,0.0,28.909999999999997,0,0,2024,11,,15.181481481481482,16.4,17.4
BOT,16,18,1.5330000000000013,Kick Sauber,0.0,28.909999999999997,0,0,2024,11,,15.45,15.2,14.9
ZHO,17,20,1.747000000000014,Kick Sauber,0.0,28.909999999999997,0,0,2024,11,,15.45,14.6,14.9
ALO,18,15,1.3250000000000028,Aston Martin,0.0,28.909999999999997,0,0,2024,11,,10.875,11.4,11.8
SAR,19,19,1.5420000000000016,Williams,0.0,28.909999999999997,0,0,2024,11,,15.181481481481482,18.4,17.4
NOR,20,2,0.4040000000000106,McLaren,0.0,28.909999999999997,0,0,2024,11,,9.64074074074074,2.2,4.2
HAM,1,2,0.17099999999999227,Mercedes,0.0,15.860000000000003,1,2,2024,12,3.0799999999999983,5.040441176470588,4.8,4.4
VER,2,4,0.38400000000000034,Red Bull Racing,0.0,15.860000000000003,1,2,2024,12,0.0,5.779411764705882,2.8,7.3
NOR,3,3,0.21099999999999852,McLaren,0.0,15.860000000000003,1,2,2024,12,0.01999999999999602,9.650735294117647,6.0,5.0
PIA,4,5,0.41799999999999216,McLaren,0.0,15.860000000000003,1,2,2024,12,1.649000000000001,9.650735294117647,4.0,5.0
SAI,5,7,0.6899999999999977,Ferrari,0.0,15.860000000000003,1,2,2024,12,1.0189999999999912,6.955882352941177,6.6,7.2
HUL,6,6,0.5189999999999912,Haas F1 Team,0.0,15.860000000000003,1,2,2024,12,2.6119999999999948,14.555147058823529,11.6,12.7
STR,7,8,0.7659999999999911,Aston Martin,0.0,15.860000000000003,1,2,2024,12,2.1610000000000014,10.935064935064934,11.4,12.3
ALO,8,10,1.097999999999999,Aston Martin,0.0,15.860000000000003,1,2,2024,12,4.711500000000001,10.935064935064934,13.2,12.3
ALB,9,9,0.820999999999998,Williams,0.0,15.860000000000003,1,2,2024,12,2.5319999999999965,15.194852941176471,15.8,17.0
TSU,10,13,1.4500000000000028,RB,0.0,15.860000000000003,1,2,2024,12,2.257000000000005,13.045454545454545,13.0,12.2
SAR,11,12,1.3559999999999945,Williams,0.0,15.860000000000003,1,2,2024,12,5.034999999999997,15.194852941176471,18.2,17.0
MAG,12,17,7.0859999999999985,Haas F1 Team,0.0,15.860000000000003,1,2,2024,12,3.3729999999999905,14.555147058823529,13.8,12.7
RIC,13,15,2.1299999999999955,RB,0.0,15.860000000000003,1,2,2024,12,4.11399999999999,13.045454545454545,11.4,12.2
LEC,14,11,1.2779999999999916,Ferrari,0.0,15.860000000000003,1,2,2024,12,0.5360000000000014,6.955882352941177,7.8,7.2
BOT,15,16,6.611999999999995,Kick Sauber,0.0,15.860000000000003,1,2,2024,12,4.432000000000002,15.545454545454545,15.2,15.2
OCO,16,18,8.738,Alpine,0.0,15.860000000000003,1,2,2024,12,2.540999999999997,10.857142857142858,12.6,11.7
PER,17,19,10.0,Red Bull Racing,1.0,15.860000000000003,1,2,2024,12,3.8760000000000048,5.779411764705882,11.8,7.3
ZHO,18,14,2.048000000000002,Kick Sauber,0.0,15.860000000000003,1,2,2024,12,5.286999999999992,15.545454545454545,15.2,15.2
RUS,19,1,0.0,Mercedes,0.0,15.860000000000003,1,2,2024,12,0.8829999999999956,5.040441176470588,4.0,4.4
GAS,20,20,10.0,Alpine,-1.0,15.860000000000003,1,2,2024,12,,10.857142857142858,10.8,11.7
PIA,1,2,0.02199999999999136,McLaren,0.0,27.49,0,2,2024,13,15.896,9.605839416058394,4.0,5.1
NOR,2,1,0.0,McLaren,0.0,27.49,0,2,2024,13,,9.605839416058394,6.2,5.1
HAM,3,5,0.6269999999999953,Mercedes,0.0,27.49,0,2,2024,13,,5.076642335766423,3.8,5.1
LEC,4,6,0.6779999999999973,Ferrari,0.0,27.49,0,2,2024,13,,6.974452554744525,10.0,8.3
VER,5,3,0.04599999999999227,Red Bull Racing,0.0,27.49,0,2,2024,13,0.0,5.806569343065694,3.0,8.3
SAI,6,4,0.4689999999999941,Ferrari,0.0,27.49,0,2,2024,13,,6.974452554744525,6.6,8.3
PER,7,16,2.658999999999992,Red Bull Racing,0.0,27.49,0,2,2024,13,0.3569999999999993,5.806569343065694,13.6,8.3
RUS,8,17,2.7409999999999997,Mercedes,0.0,27.49,0,2,2024,13,,5.076642335766423,6.4,5.1
TSU,9,10,1.25,RB,0.0,27.49,0,2,2024,13,,12.916666666666666,13.0,12.2
STR,10,8,1.016999999999996,Aston Martin,0.0,27.49,0,2,2024,13,31.308000000000007,10.89102564102564,11.0,11.0
ALO,11,7,0.8160000000000025,Aston Martin,0.0,27.49,0,2,2024,13,6.376000000000005,10.89102564102564,11.0,11.0
RIC,12,9,1.2199999999999989,RB,0.0,27.49,0,2,2024,13,,12.916666666666666,11.4,12.2
HUL,13,11,1.0899999999999892,Haas F1 Team,0.0,27.49,0,2,2024,13,,14.514598540145986,10.6,12.2
ALB,14,13,1.2019999999999982,Williams,0.0,27.49,0,2,2024,13,,15.156934306569344,13.6,15.3
MAG,15,15,1.320999999999998,Haas F1 Team,0.0,27.49,0,2,2024,13,31.504000000000005,14.514598540145986,13.8,12.2
BOT,16,12,1.1569999999999965,Kick Sauber,0.0,27.49,0,2,2024,13,26.373500000000007,15.625,14.6,15.2
SAR,17,14,1.3160000000000025,Williams,0.0,27.49,0,2,2024,13,,15.156934306569344,17.0,15.3
OCO,18,19,2.8220000000000027,Alpine,0.0,27.49,0,2,2024,13,43.4285,10.948717948717949,13.0,12.3
ZHO,19,18,2.8100000000000023,Kick Sauber,0.0,27.49,0,2,2024,13,,15.625,15.8,15.2
GAS,20,20,2.938999999999993,Alpine,0.0,27.49,0,2,2024,13,24.421999999999997,10.948717948717949,11.6,12.3
HAM,1,4,0.6759999999999877,Mercedes,-1.0,20.770000000000003,0,0,2024,14,,5.079710144927536,3.0,5.0
PIA,2,6,0.867999999999995,McLaren,-1.0,20.770000000000003,0,0,2024,14,1.57350000000001,9.547101449275363,3.8,4.8
LEC,3,2,0.5949999999999989,Ferrari,-1.0,20.770000000000003,0,0,2024,14,,6.9601449275362315,10.6,8.9
VER,4,1,0.0,Red Bull Racing,10.0,20.770000000000003,0,0,2024,14,0.0,5.807971014492754,2.8,7.1
NOR,5,5,0.8219999999999885,McLaren,-1.0,20.770000000000003,0,0,2024,14,0.9735000000000014,9.547101449275363,5.8,4.8
SAI,6,8,1.3179999999999978,Ferrari,-1.0,20.770000000000003,0,0,2024,14,,6.9601449275362315,7.2,8.9
PER,7,3,0.6059999999999945,Red Bull Racing,-1.0,20.770000000000003,0,0,2024,14,,5.807971014492754,11.4,7.1
ALO,8,9,1.6059999999999945,Aston Martin,-1.0,20.770000000000003,0,0,2024,14,,10.886075949367088,11.0,10.6
OCO,9,10,1.6509999999999962,Alpine,-1.0,20.770000000000003,0,0,2024,14,3.7775000000000034,11.050632911392405,13.2,13.4
RIC,10,13,1.5229999999999961,RB,0.0,20.770000000000003,0,0,2024,14,24.187500000000014,12.73076923076923,11.4,12.3
STR,11,15,2.556999999999988,Aston Martin,0.0,20.770000000000003,0,0,2024,14,3.6385000000000076,10.886075949367088,10.2,10.6
ALB,12,11,1.313999999999993,Williams,-1.0,20.770000000000003,0,0,2024,14,5.044499999999999,15.159420289855072,14.6,16.0
GAS,13,12,1.475999999999999,Alpine,0.0,20.770000000000003,0,0,2024,14,2.001500000000007,11.050632911392405,13.6,13.4
MAG,14,17,3.340999999999994,Haas F1 Team,0.0,20.770000000000003,0,0,2024,14,,14.51086956521739,12.8,11.1
BOT,15,14,1.6049999999999898,Kick Sauber,0.0,20.770000000000003,0,0,2024,14,,15.76923076923077,15.2,15.8
TSU,16,18,3.4339999999999975,RB,2.0,20.770000000000003,0,0,2024,14,15.461500000000015,12.73076923076923,13.2,12.3
SAR,17,19,4.070999999999998,Williams,-1.0,20.770000000000003,0,0,2024,14,8.8215,15.159420289855072,17.4,16.0
HUL,18,16,3.149000000000001,Haas F1 Team,0.0,20.770000000000003,0,0,2024,14,,14.51086956521739,9.4,11.1
ZHO,19,20,4.616,Kick Sauber,-1.0,20.770000000000003,0,0,2024,14,,15.76923076923077,16.4,15.8
RUS,20,7,1.0249999999999915,Mercedes,-1.0,20.770000000000003,0,0,2024,14,,5.079710144927536,7.0,5.0
NOR,1,1,0.0,McLaren,0.0,18.78,0,0,2024,15,,9.503597122302159,6.4,4.8
VER,2,2,0.35599999999999454,Red Bull Racing,0.0,18.78,0,0,2024,15,,5.805755395683454,3.4,6.3
LEC,3,6,0.9089999999999918,Ferrari,0.0,18.78,0,0,2024,15,,6.942446043165468,7.4,6.3
PIA,4,3,0.4989999999999952,McLaren,0.0,18.78,0,0,2024,15,0.0,9.503597122302159,3.2,4.8
SAI,5,10,1.2409999999999997,Ferrari,0.0,18.78,0,0,2024,15,,6.942446043165468,5.2,6.3
PER,6,5,0.742999999999995,Red Bull Racing,0.0,18.78,0,0,2024,15,,5.805755395683454,9.2,6.3
RUS,7,4,0.570999999999998,Mercedes,0.0,18.78,0,0,2024,15,,5.118705035971223,10.4,6.4
HAM,8,11,1.2749999999999915,Mercedes,3.0,18.78,0,0,2024,15,,5.118705035971223,2.4,6.4
GAS,9,9,1.304000000000002,Alpine,0.0,18.78,0,0,2024,15,,11.05,14.4,13.7
ALO,10,7,0.9599999999999937,Aston Martin,0.0,18.78,0,0,2024,15,,10.86875,11.4,11.2
HUL,11,13,1.5420000000000016,Haas F1 Team,-1.0,18.78,0,0,2024,15,,14.52158273381295,10.8,12.0
RIC,12,15,2.269999999999996,RB,-2.0,18.78,0,0,2024,15,,12.75,11.8,12.7
STR,13,8,1.1839999999999975,Aston Martin,0.0,18.78,0,0,2024,15,,10.86875,11.0,11.2
ALB,14,10,0.980000000000004,Williams,9.0,18.78,0,0,2024,15,,15.154676258992806,13.6,15.2
OCO,15,16,2.3220000000000027,Alpine,-1.0,18.78,0,0,2024,15,,11.05,13.0,13.7
SAR,16,20,10.0,Williams,-2.0,18.78,0,0,2024,15,,15.154676258992806,16.8,15.2
TSU,17,12,1.2819999999999965,RB,-1.0,18.78,0,0,2024,15,,12.75,13.6,12.7
MAG,18,14,1.6219999999999999,Haas F1 Team,6.0,18.78,0,0,2024,15,,14.52158273381295,13.2,12.0
BOT,19,17,2.4950000000000045,Kick Sauber,-1.0,18.78,0,0,2024,15,,15.857142857142858,15.6,16.4
ZHO,20,18,3.587999999999994,Kick Sauber,-1.0,18.78,0,0,2024,15,,15.857142857142858,17.2,16.4
LEC,1,4,0.13400000000000034,Ferrari,0.0,33.27,0,0,2024,16,18.801000000000002,6.921428571428572,7.0,6.0
PIA,2,2,0.10900000000000887,McLaren,0.0,33.27,0,0,2024,16,,9.45357142857143,2.6,4.4
NOR,3,1,0.0,McLaren,0.0,33.27,0,0,2024,16,,9.45357142857143,6.2,4.4
SAI,4,5,0.14000000000000057,Ferrari,0.0,33.27,0,0,2024,16,0.0,6.921428571428572,5.0,6.0
HAM,5,6,0.18600000000000705,Mercedes,0.0,33.27,0,0,2024,16,,5.135714285714286,3.4,7.2
VER,6,7,0.6950000000000074,Red Bull Racing,0.0,33.27,0,0,2024,16,4.707999999999998,5.792857142857143,3.6,6.2
RUS,7,3,0.11299999999999955,Mercedes,0.0,33.27,0,0,2024,16,3.4350000000000023,5.135714285714286,11.0,7.2
PER,8,8,0.7349999999999994,Red Bull Racing,0.0,33.27,0,0,2024,16,4.6839999999999975,5.792857142857143,8.8,6.2
ALB,9,9,0.9720000000000084,Williams,0.0,33.27,0,0,2024,16,,15.153571428571428,12.8,14.4
MAG,10,13,1.3709999999999951,Haas F1 Team,0.0,33.27,0,0,2024,16,5.125500000000002,14.521428571428572,13.4,12.1
ALO,11,11,1.0940000000000083,Aston Martin,0.0,33.27,0,0,2024,16,,10.876543209876543,11.0,10.9
COL,12,18,1.7340000000000089,Williams,0.0,33.27,0,0,2024,16,,15.153571428571428,,14.4
RIC,13,12,1.152000000000001,RB,0.0,33.27,0,0,2024,16,3.4879999999999995,12.866666666666667,11.2,12.2
OCO,14,15,1.4390000000000072,Alpine,0.0,33.27,0,0,2024,16,,11.061728395061728,14.0,14.2
GAS,15,14,1.4110000000000014,Alpine,0.0,33.27,0,0,2024,16,1.7930000000000064,11.061728395061728,14.4,14.2
BOT,16,19,1.774000000000001,Kick Sauber,0.0,33.27,0,0,2024,16,9.557500000000005,16.1,16.2,17.4
HUL,17,10,1.0120000000000005,Haas F1 Team,0.0,33.27,0,0,2024,16,4.4285,14.521428571428572,10.8,12.1
ZHO,18,20,2.117999999999995,Kick Sauber,0.0,33.27,0,0,2024,16,2.6140000000000043,16.1,18.6,17.4
STR,19,17,1.686000000000007,Aston Martin,0.0,33.27,0,0,2024,16,26.716000000000008,10.876543209876543,10.8,10.9
TSU,20,16,1.617999999999995,RB,0.0,33.27,0,0,2024,16,1.4309999999999974,12.866666666666667,13.2,12.2
PIA,1,2,0.32100000000001216,McLaren,0.0,26.689999999999998,0,1,2024,17,2.6119999999999948,9.404255319148936,2.6,2.7
LEC,2,1,0.0,Ferrari,0.0,26.689999999999998,0,1,2024,17,,6.890070921985815,5.0,5.1
RUS,3,5,0.5090000000000003,Mercedes,0.0,26.689999999999998,0,1,2024,17,,5.141843971631205,12.2,7.9
NOR,4,16,2.2439999999999998,McLaren,-1.0,26.689999999999998,0,1,2024,17,,9.404255319148936,2.8,2.7
VER,5,6,0.6580000000000013,Red Bull Racing,0.0,26.689999999999998,0,1,2024,17,0.0,5.801418439716312,3.8,6.4
ALO,6,8,1.0040000000000049,Aston Martin,-1.0,26.689999999999998,0,1,2024,17,,10.926829268292684,9.6,10.8
ALB,7,10,1.4939999999999998,Williams,-1.0,26.689999999999998,0,1,2024,17,,15.120567375886525,11.6,13.1
COL,8,9,1.1650000000000063,Williams,-1.0,26.689999999999998,0,1,2024,17,,15.120567375886525,12.0,13.1
HAM,9,7,0.9240000000000066,Mercedes,12.0,26.689999999999998,0,1,2024,17,,5.141843971631205,3.6,7.9
BEA,10,11,1.6030000000000086,Haas F1 Team,-1.0,26.689999999999998,0,1,2024,17,,14.51418439716312,7.0,13.4
HUL,11,13,1.8260000000000076,Haas F1 Team,-1.0,26.689999999999998,0,1,2024,17,,14.51418439716312,13.0,13.4
GAS,12,15,1.8140000000000072,Alpine,3.0,26.689999999999998,0,1,2024,17,,11.103658536585366,15.4,14.9
RIC,13,15,2.182000000000002,RB,-1.0,26.689999999999998,0,1,2024,17,33.147999999999996,13.09375,12.0,13.2
ZHO,14,18,2.8810000000000002,Kick Sauber,-1.0,26.689999999999998,0,1,2024,17,,16.15625,18.8,17.5
OCO,15,19,3.13900000000001,Alpine,1.0,26.689999999999998,0,1,2024,17,,11.103658536585366,14.4,14.9
BOT,16,17,2.253,Kick Sauber,-1.0,26.689999999999998,0,1,2024,17,,16.15625,16.2,17.5
PER,17,4,0.4480000000000075,Red Bull Racing,0.0,26.689999999999998,0,1,2024,17,30.095,5.801418439716312,9.0,6.4
SAI,18,3,0.44000000000001194,Ferrari,0.0,26.689999999999998,0,1,2024,17,35.168000000000006,6.890070921985815,5.2,5.1
STR,19,14,2.0390000000000015,Aston Martin,-1.0,26.689999999999998,0,1,2024,17,40.815,10.926829268292684,12.0,10.8
TSU,20,12,1.6700000000000017,RB,-1.0,26.689999999999998,0,1,2024,17,42.097999999999985,13.09375,14.4,13.2
NOR,1,1,0.0,McLaren,0.0,30.829999999999995,0,1,2024,18,1.022500000000008,9.355633802816902,3.0,2.5
VER,2,2,0.20299999999998875,Red Bull Racing,0.0,30.829999999999995,0,1,2024,18,,5.838028169014085,4.4,6.7
PIA,3,5,0.42799999999999727,McLaren,0.0,30.829999999999995,0,1,2024,18,1.1625000000000085,9.355633802816902,2.0,2.5
RUS,4,4,0.34199999999999875,Mercedes,0.0,30.829999999999995,0,1,2024,18,1.2305000000000064,5.147887323943662,9.0,7.1
LEC,5,9,0.2219999999999942,Ferrari,0.0,30.829999999999995,0,1,2024,18,15.13000000000001,6.911971830985915,2.6,5.2
HAM,6,3,0.3159999999999883,Mercedes,0.0,30.829999999999995,0,1,2024,18,0.0,5.147887323943662,5.2,7.1
SAI,7,10,0.5829999999999984,Ferrari,0.0,30.829999999999995,0,1,2024,18,2.7275000000000063,6.911971830985915,7.8,5.2
ALO,8,7,0.688999999999993,Aston Martin,0.0,30.829999999999995,0,1,2024,18,1.8935000000000173,10.94578313253012,9.2,11.8
HUL,9,6,0.5899999999999892,Haas F1 Team,0.0,30.829999999999995,0,1,2024,18,8.298000000000016,14.485915492957746,14.0,13.7
PER,10,13,1.0539999999999878,Red Bull Racing,0.0,30.829999999999995,0,1,2024,18,4.743500000000012,5.838028169014085,9.0,6.7
COL,11,12,0.9559999999999889,Williams,0.0,30.829999999999995,0,1,2024,18,,15.066901408450704,10.0,12.6
TSU,12,8,0.8289999999999935,RB,0.0,30.829999999999995,0,1,2024,18,2.6325000000000074,13.294117647058824,16.4,14.2
OCO,13,15,1.2439999999999998,Alpine,0.0,30.829999999999995,0,1,2024,18,5.889500000000012,11.132530120481928,14.2,14.0
STR,14,17,1.5689999999999884,Aston Martin,0.0,30.829999999999995,0,1,2024,18,18.322500000000005,10.94578313253012,14.4,11.8
ZHO,15,20,2.5289999999999964,Kick Sauber,0.0,30.829999999999995,0,1,2024,18,3.6215000000000117,16.08823529411765,18.0,17.2
BOT,16,19,2.046999999999997,Kick Sauber,0.0,30.829999999999995,0,1,2024,18,25.065500000000014,16.08823529411765,16.4,17.2
GAS,17,18,1.786999999999992,Alpine,0.0,30.829999999999995,0,1,2024,18,4.313000000000017,11.132530120481928,13.8,14.0
RIC,18,16,1.559999999999988,RB,0.0,30.829999999999995,0,1,2024,18,2.1655000000000086,13.294117647058824,12.0,14.2
MAG,19,14,1.1280000000000001,Haas F1 Team,0.0,30.829999999999995,0,1,2024,18,21.521500000000017,14.485915492957746,13.8,13.7
ALB,20,11,0.9489999999999981,Williams,0.0,30.829999999999995,0,1,2024,18,,15.066901408450704,11.2,12.6
LEC,1,4,0.4099999999999966,Ferrari,0.0,26.73,0,2,2024,19,,6.905594405594406,2.8,5.4
SAI,2,3,0.32200000000000273,Ferrari,0.0,26.73,0,2,2024,19,,6.905594405594406,8.0,5.4
VER,3,2,0.03100000000000591,Red Bull Racing,0.0,26.73,0,2,2024,19,,5.839160839160839,3.8,6.7
NOR,4,1,0.0,McLaren,0.0,26.73,0,2,2024,19,,9.304195804195805,2.8,2.6
PIA,5,5,0.6200000000000045,McLaren,0.0,26.73,0,2,2024,19,,9.304195804195805,2.4,2.6
RUS,6,6,0.6440000000000055,Mercedes,14.0,26.73,0,2,2024,19,,5.146853146853147,8.2,7.0
PER,7,10,0.6899999999999977,Red Bull Racing,-1.0,26.73,0,2,2024,19,,5.839160839160839,9.6,6.7
HUL,8,12,1.2139999999999986,Haas F1 Team,-1.0,26.73,0,2,2024,19,,14.482517482517483,13.2,13.7
LAW,9,15,1.0090000000000003,RB,4.0,26.73,0,2,2024,19,,13.38888888888889,12.2,15.1
COL,10,17,1.7319999999999993,Williams,-2.0,26.73,0,2,2024,19,,15.06993006993007,10.333333333333334,12.6
MAG,11,9,1.1509999999999962,Haas F1 Team,-1.0,26.73,0,2,2024,19,,14.482517482517483,15.2,13.7
GAS,12,7,0.6880000000000024,Alpine,-1.0,26.73,0,2,2024,19,,11.178571428571429,13.2,13.2
ALO,13,8,0.9789999999999992,Aston Martin,-1.0,26.73,0,2,2024,19,,10.946428571428571,8.6,11.9
TSU,14,11,1.176000000000002,RB,-1.0,26.73,0,2,2024,19,,13.38888888888889,17.0,15.1
STR,15,14,1.429000000000002,Aston Martin,-1.0,26.73,0,2,2024,19,,10.946428571428571,15.2,11.9
ALB,16,16,1.7210000000000036,Williams,-2.0,26.73,0,2,2024,19,,15.06993006993007,12.4,12.6
BOT,17,18,1.8220000000000027,Kick Sauber,-2.0,26.73,0,2,2024,19,,16.055555555555557,16.4,16.8
OCO,18,13,1.266999999999996,Alpine,-1.0,26.73,0,2,2024,19,,11.178571428571429,13.2,13.2
ZHO,19,20,1.8979999999999961,Kick Sauber,-2.0,26.73,0,2,2024,19,,16.055555555555557,17.2,16.8
HAM,20,19,1.823999999999998,Mercedes,-2.0,26.73,0,2,2024,19,,5.146853146853147,5.8,7.0
SAI,1,1,0.0,Ferrari,0.0,18.11,0,2,2024,20,32.599999999999994,6.868055555555555,7.2,4.8
NOR,2,3,0.31400000000000716,McLaren,0.0,18.11,0,2,2024,20,1.259999999999991,9.270833333333334,2.6,2.8
LEC,3,4,0.3190000000000026,Ferrari,0.0,18.11,0,2,2024,20,8.847499999999997,6.868055555555555,2.4,4.8
HAM,4,6,0.7049999999999983,Mercedes,0.0,18.11,0,2,2024,20,0.8610000000000042,5.201388888888889,9.6,7.5
RUS,5,5,0.4099999999999966,Mercedes,0.0,18.11,0,2,2024,20,0.8999999999999915,5.201388888888889,5.4,7.5
VER,6,2,0.22500000000000853,Red Bull Racing,0.0,18.11,0,2,2024,20,2.2764999999999986,5.833333333333333,3.6,6.6
MAG,7,7,0.9399999999999977,Haas F1 Team,0.0,18.11,0,2,2024,20,15.539999999999992,14.447916666666666,14.4,12.4
PIA,8,17,1.6509999999999962,McLaren,0.0,18.11,0,2,2024,20,10.263999999999996,9.270833333333334,3.0,2.8
HUL,9,10,1.418999999999997,Haas F1 Team,0.0,18.11,0,2,2024,20,4.455999999999989,14.447916666666666,11.2,12.4
GAS,10,8,0.945999999999998,Alpine,0.0,18.11,0,2,2024,20,9.596999999999994,11.223529411764705,13.0,14.0
STR,11,14,1.347999999999999,Aston Martin,0.0,18.11,0,2,2024,20,0.9145000000000039,10.98235294117647,16.0,12.8
COL,12,16,1.612000000000009,Williams,0.0,18.11,0,2,2024,20,13.488500000000002,15.055555555555555,10.25,12.3
OCO,13,19,1.6710000000000065,Alpine,-19.0,18.11,0,2,2024,20,0.0,11.223529411764705,15.0,14.0
BOT,14,15,1.8709999999999951,Kick Sauber,0.0,18.11,0,2,2024,20,1.3824999999999932,16.157894736842106,16.8,17.0
ZHO,15,20,2.1260000000000048,Kick Sauber,-1.0,18.11,0,2,2024,20,20.42349999999999,16.157894736842106,17.2,17.0
LAW,16,12,1.2160000000000082,RB,0.0,18.11,0,2,2024,20,21.345499999999987,13.289473684210526,11.4,14.8
PER,17,18,1.6650000000000063,Red Bull Racing,0.0,18.11,0,2,2024,20,21.111999999999995,5.833333333333333,9.6,6.6
ALO,18,13,1.2220000000000084,Aston Martin,0.0,18.11,0,2,2024,20,0.9369999999999976,10.98235294117647,9.6,12.8
ALB,19,9,1.1189999999999998,Williams,0.0,18.11,0,2,2024,20,23.958,15.055555555555555,13.2,12.3
TSU,20,11,1.183000000000007,RB,0.0,18.11,0,2,2024,20,,13.289473684210526,16.6,14.8
VER,1,12,4.366,Red Bull Racing,5.0,22.150000000000002,1,2,2024,21,,5.872413793103449,4.4,8.1
OCO,2,4,1.0699999999999932,Alpine,0.0,22.150000000000002,1,2,2024,21,,11.226744186046512,14.6,13.9
GAS,3,15,6.209000000000003,Alpine,-2.0,22.150000000000002,1,2,2024,21,,11.226744186046512,13.2,13.9
RUS,4,2,0.17300000000000182,Mercedes,0.0,22.150000000000002,1,2,2024,21,,5.196551724137931,5.0,6.9
LEC,5,6,1.1200000000000045,Ferrari,0.0,22.150000000000002,1,2,2024,21,,6.834482758620689,2.4,4.4
NOR,6,1,0.0,McLaren,0.0,22.150000000000002,1,2,2024,21,,9.241379310344827,2.8,3.3
TSU,7,3,0.7060000000000031,RB,0.0,22.150000000000002,1,2,2024,21,,13.525,17.2,15.5
PIA,8,8,1.281000000000006,McLaren,0.0,22.150000000000002,1,2,2024,21,,9.241379310344827,3.8,3.3
LAW,9,5,1.0789999999999935,RB,0.0,22.150000000000002,1,2,2024,21,,13.525,12.4,15.5
HAM,10,16,7.7450000000000045,Mercedes,-2.0,22.150000000000002,1,2,2024,21,,5.196551724137931,8.8,6.9
PER,11,13,4.753,Red Bull Racing,-1.0,22.150000000000002,1,2,2024,21,,5.872413793103449,11.8,8.1
BEA,12,17,7.823999999999998,Haas F1 Team,-2.0,22.150000000000002,1,2,2024,21,,14.403448275862068,8.5,11.1
BOT,13,11,3.066999999999993,Kick Sauber,0.0,22.150000000000002,1,2,2024,21,,16.075,15.8,16.0
ALO,14,9,5.5930000000000035,Aston Martin,0.0,22.150000000000002,1,2,2024,21,,11.023255813953488,11.2,13.4
ZHO,15,20,8.858000000000004,Kick Sauber,-1.0,22.150000000000002,1,2,2024,21,,16.075,16.2,16.0
SAI,16,14,6.001000000000005,Ferrari,6.0,22.150000000000002,1,2,2024,21,,6.834482758620689,6.4,4.4
COL,17,18,7.864999999999995,Williams,-2.0,22.150000000000002,1,2,2024,21,,15.058620689655172,10.6,12.4
ALB,18,7,1.2519999999999953,Williams,0.0,22.150000000000002,1,2,2024,21,,15.058620689655172,14.2,12.4
STR,19,10,2.929000000000002,Aston Martin,0.0,22.150000000000002,1,2,2024,21,,11.023255813953488,15.6,13.4
HUL,20,19,8.218000000000004,Haas F1 Team,-1.0,22.150000000000002,1,2,2024,21,,14.403448275862068,10.8,11.1
RUS,1,1,0.0,Mercedes,0.0,18.54,0,2,2024,22,0.0,5.208904109589041,4.4,7.1
HAM,2,10,10.0,Mercedes,0.0,18.54,0,2,2024,22,0.8799999999999955,5.208904109589041,9.8,7.1
SAI,3,2,0.09799999999999898,Ferrari,0.0,18.54,0,2,2024,22,12.909999999999997,6.859589041095891,8.8,6.0
LEC,4,4,0.47100000000000364,Ferrari,0.0,18.54,0,2,2024,22,7.584999999999994,6.859589041095891,3.2,6.0
VER,5,5,0.48499999999999943,Red Bull Racing,0.0,18.54,0,2,2024,22,6.405999999999992,5.873287671232877,3.4,7.9
NOR,6,6,0.695999999999998,McLaren,0.0,18.54,0,2,2024,22,8.370999999999995,9.226027397260275,3.4,4.2
PIA,7,8,0.7210000000000036,McLaren,0.0,18.54,0,2,2024,22,21.90249999999999,9.226027397260275,5.0,4.2
HUL,8,9,0.75,Haas F1 Team,0.0,18.54,0,2,2024,22,14.84299999999999,14.414383561643836,11.4,11.6
TSU,9,7,0.7169999999999987,RB,0.0,18.54,0,2,2024,22,9.028999999999996,13.261904761904763,14.6,13.8
PER,10,16,1.8430000000000035,Red Bull Racing,-1.0,18.54,0,2,2024,22,6.760499999999993,5.873287671232877,12.4,7.9
ALO,11,17,1.945999999999998,Aston Martin,-1.0,18.54,0,2,2024,22,10.212999999999994,11.086206896551724,11.8,13.7
MAG,12,12,0.9849999999999994,Haas F1 Team,0.0,18.54,0,2,2024,22,17.77199999999999,14.414383561643836,13.0,11.6
ZHO,13,13,1.2540000000000049,Kick Sauber,0.0,18.54,0,2,2024,22,4.769999999999996,15.976190476190476,15.6,15.4
COL,14,14,1.4369999999999976,Williams,6.0,18.54,0,2,2024,22,12.61399999999999,15.075342465753424,11.6,13.8
STR,15,20,2.171999999999997,Aston Martin,-2.0,18.54,0,2,2024,22,2.840999999999994,11.086206896551724,15.6,13.7
LAW,16,15,1.9450000000000074,RB,-1.0,18.54,0,2,2024,22,3.944999999999993,13.261904761904763,12.4,13.8
OCO,17,11,0.909000000000006,Alpine,0.0,18.54,0,2,2024,22,1.4099999999999966,11.126436781609195,12.2,11.5
BOT,18,19,2.118000000000009,Kick Sauber,0.0,18.54,0,2,2024,22,2.48899999999999,15.976190476190476,15.2,15.4
ALB,19,18,2.1129999999999995,Williams,-1.0,18.54,0,2,2024,22,16.195499999999996,15.075342465753424,16.0,13.8
GAS,20,3,0.35200000000000387,Alpine,0.0,18.54,0,2,2024,22,0.9469999999999885,11.126436781609195,10.8,11.5
VER,1,1,0.0,Red Bull Racing,1.0,19.63,0,0,2024,23,,5.884353741496598,3.4,7.2
LEC,2,5,0.33200000000000784,Ferrari,0.0,19.63,0,0,2024,23,,6.836734693877551,3.6,4.7
PIA,3,4,0.3089999999999975,McLaren,0.0,19.63,0,0,2024,23,,9.20748299319728,6.2,5.0
RUS,4,2,0.05500000000000682,Mercedes,-1.0,19.63,0,0,2024,23,,5.183673469387755,4.0,6.2
GAS,5,11,0.9170000000000016,Alpine,0.0,19.63,0,0,2024,23,,11.210227272727273,12.4,12.5
SAI,6,7,0.5210000000000008,Ferrari,0.0,19.63,0,0,2024,23,,6.836734693877551,5.8,4.7
ALO,7,8,0.7310000000000088,Aston Martin,0.0,19.63,0,0,2024,23,,11.107954545454545,12.8,13.8
ZHO,8,12,0.9810000000000088,Kick Sauber,0.0,19.63,0,0,2024,23,,15.954545454545455,15.4,15.5
MAG,9,10,0.980000000000004,Haas F1 Team,0.0,19.63,0,0,2024,23,,14.384353741496598,11.8,11.5
NOR,10,3,0.25200000000000955,McLaren,0.0,19.63,0,0,2024,23,,9.20748299319728,3.8,5.0
BOT,11,13,1.2109999999999985,Kick Sauber,0.0,19.63,0,0,2024,23,,15.954545454545455,15.6,15.5
HAM,12,6,0.49099999999999966,Mercedes,0.0,19.63,0,0,2024,23,,5.183673469387755,8.4,6.2
TSU,13,14,1.2510000000000048,RB,0.0,19.63,0,0,2024,23,,13.227272727272727,12.4,13.0
LAW,14,17,1.8910000000000053,RB,0.0,19.63,0,0,2024,23,,13.227272727272727,13.4,13.0
ALB,15,16,1.8700000000000045,Williams,0.0,19.63,0,0,2024,23,,15.085034013605442,18.4,15.6
HUL,16,18,1.921999999999997,Haas F1 Team,0.0,19.63,0,0,2024,23,,14.384353741496598,10.8,11.5
PER,17,9,0.9050000000000011,Red Bull Racing,0.0,19.63,0,0,2024,23,,5.884353741496598,11.0,7.2
STR,18,15,1.3910000000000053,Aston Martin,0.0,19.63,0,0,2024,23,,11.107954545454545,14.8,13.8
COL,19,19,2.073999999999998,Williams,0.0,19.63,0,0,2024,23,,15.085034013605442,12.8,15.6
OCO,20,20,2.1940000000000026,Alpine,0.0,19.63,0,0,2024,23,,11.210227272727273,12.6,12.5
NOR,1,1,0.0,McLaren,0.0,27.669999999999998,0,2,2024,24,,9.18918918918919,5.6,5.9
SAI,2,3,0.2289999999999992,Ferrari,0.0,27.669999999999998,0,2,2024,24,2.9819999999999993,6.8175675675675675,5.6,4.3
LEC,3,14,1.2379999999999995,Ferrari,5.0,27.669999999999998,0,2,2024,24,2.917999999999992,6.8175675675675675,3.0,4.3
HAM,4,18,1.2920000000000016,Mercedes,-2.0,27.669999999999998,0,2,2024,24,26.367500000000007,5.202702702702703,9.6,6.8
RUS,5,7,0.5370000000000061,Mercedes,-1.0,27.669999999999998,0,2,2024,24,28.448499999999996,5.202702702702703,4.0,6.8
VER,6,5,0.3499999999999943,Red Bull Racing,-1.0,27.669999999999998,0,2,2024,24,26.6045,5.905405405405405,3.2,7.8
GAS,7,6,0.3889999999999958,Alpine,-1.0,27.669999999999998,0,2,2024,24,17.61999999999999,11.224719101123595,10.0,12.0
HUL,8,4,0.2909999999999968,Haas F1 Team,3.0,27.669999999999998,0,2,2024,24,,14.371621621621621,12.2,11.2
ALO,9,8,0.6009999999999991,Aston Martin,0.0,27.669999999999998,0,2,2024,24,0.0,11.123595505617978,12.6,14.1
PIA,10,2,0.20900000000000318,McLaren,0.0,27.669999999999998,0,2,2024,24,,9.18918918918919,6.2,5.9
ALB,11,16,1.225999999999999,Williams,2.0,27.669999999999998,0,2,2024,24,0.7379999999999995,15.097972972972974,17.4,15.9
TSU,12,11,0.8239999999999981,RB,0.0,27.669999999999998,0,2,2024,24,42.96799999999999,13.23913043478261,12.6,12.7
ZHO,13,17,1.2849999999999966,Kick Sauber,-2.0,27.669999999999998,0,2,2024,24,43.6515,15.673913043478262,14.0,14.3
STR,14,13,1.1890000000000072,Aston Martin,0.0,27.669999999999998,0,2,2024,24,20.207499999999996,11.123595505617978,15.6,14.1
DOO,15,20,1.5100000000000051,Alpine,-3.0,27.669999999999998,0,2,2024,24,42.922,11.224719101123595,,12.0
MAG,16,15,1.2819999999999965,Haas F1 Team,-1.0,27.669999999999998,0,2,2024,24,13.375499999999988,14.371621621621621,11.6,11.2
LAW,17,12,0.8769999999999953,RB,0.0,27.669999999999998,0,2,2024,24,26.841499999999996,13.23913043478261,12.8,12.7
BOT,18,9,0.6089999999999947,Kick Sauber,0.0,27.669999999999998,0,2,2024,24,20.251000000000005,15.673913043478262,14.6,14.3
COL,19,19,1.3170000000000073,Williams,1.0,27.669999999999998,0,2,2024,24,,15.097972972972974,14.4,15.9
PER,20,10,0.6689999999999969,Red Bull Racing,0.0,27.669999999999998,0,2,2024,24,35.11,5.905405405405405,12.4,7.8
